term,occurrences,npc_name_occurrences,gossip_occurrences,quest_lookup_occurrences,example,proposed_ipa,proposed_alias,review_status,notes
Undercity,423,2,404,17,Undercity Commendation Officer,,,unreviewed,
Elder,287,51,180,56,Elder Torntusk,,,unreviewed,
Brill,282,0,281,1,"What could you possibly need a bank for?  Very well, you'll need to go through the Ruins of Lordaeron to the south of Brill.  In the back are a set of elevators leading down into the Undercity.  When you get there stop any of those lumbering Abominations they like to call an Undercity Guardian and ask it for better directions.",,,unreviewed,
Stormwind,276,5,236,35,Stormwind Commendation Officer,,,unreviewed,
Village,258,0,252,6,Wulan in Shadowprey Village can sell you the 'Expert Cookbook'.  You will need that if you are to better yourself.,,,unreviewed,
Bluff,252,3,225,24,Bluff Runner Windstrider,,,unreviewed,
Thunder,248,2,225,21,Thunder Bluff Commendation Officer,,,unreviewed,
Horde,215,2,93,120,Horde Warbringer,,,unreviewed,
Tavern,208,0,208,0,"Check around Old Town at the Barracks or the Pig and Whistle Tavern. If you go to the tavern, be sure to sample some of the fine brews. Puts the dwarven ales to shame, I tell ya.",,,unreviewed,
End,200,0,196,4,"Now if I were Innkeeper Renee where might I be?  Hmmm?  Oh, perhaps inside the Gallows' End Tavern.  Yes, that's it, I'm sure of it.  Try the southeast end of Brill... think you can find that?",,,unreviewed,
Bloodhoof,197,3,188,6,Baine Bloodhoof,,,unreviewed,
Gallows,192,0,192,0,"Now if I were Innkeeper Renee where might I be?  Hmmm?  Oh, perhaps inside the Gallows' End Tavern.  Yes, that's it, I'm sure of it.  Try the southeast end of Brill... think you can find that?",,,unreviewed,
Kwee,176,0,176,0,"When you give love tokens to townsfolk, you'll receive different gifts in return.  Some of those you'll want to keep and use, but others can be bundled together and given to your favorite hero!  Visit Kwee Q. Peddlefeet to turn them in.  Kwee can be found near Bolvar, Magni, or Tyrande.",,,unreviewed,
Alliance,173,1,62,110,Alliance Brigadier General,,,unreviewed,
Barrens,159,0,145,14,The Wailing Caverns has its entrance at the Lushwater Oasis southwest of Crossroads in the Barrens.   ,,,unreviewed,
Valley,156,0,137,19,"Ahhh, Stormwind Visitor's Center is what you are looking for then. It's the first building on the left as you walk through the front gates from the Valley of Heroes.",,,unreviewed,
Ruins,155,0,145,10,"What could you possibly need a bank for?  Very well, you'll need to go through the Ruins of Lordaeron to the south of Brill.  In the back are a set of elevators leading down into the Undercity.  When you get there stop any of those lumbering Abominations they like to call an Undercity Guardian and ask it for better directions.",,,unreviewed,
Ironforge,152,5,121,26,Ironforge Commendation Officer,,,unreviewed,
Lordaeron,148,0,146,2,"What could you possibly need a bank for?  Very well, you'll need to go through the Ruins of Lordaeron to the south of Brill.  In the back are a set of elevators leading down into the Undercity.  When you get there stop any of those lumbering Abominations they like to call an Undercity Guardian and ask it for better directions.",,,unreviewed,
Needs,139,0,8,131,"Tucked away in the Mage Quarter, there is a little shop called Alchemy Needs.  You're bound to see all sort of strange shops on your way through the Mage Quarter, but if you stick to the outer rim you'll be sure to find it.",,,unreviewed,
Bluffwatchers,130,0,130,0,Nothing frees the spirit like soaring through the sky.  There is such a place in our great tribal center Thunder Bluff.  The road north out of Bloodhoof Village will guide you there.  Once you ride the elevator to the top speak with one of the Bluffwatchers who can give you further directions.,,,unreviewed,
Innkeeper,126,42,53,31,Innkeeper Renee,,,unreviewed,
Trainer,122,0,122,0,"Why cook when everything tastes like ashes in your mouth?  If you have one still that is.  Very well, head to the Undercity south of Brill and ask an Undercity Guardian there for further directions to their Cooking Trainer.  To get there you can take the elevators down from the rear of the Ruins of Lordaeron.",,,unreviewed,
Greetings,117,0,111,6,Greetings mage.  Shall I provide you with further insight into the world of magic?,,,unreviewed,
Plaguelands,117,0,108,9,The ruined city of Stratholme lies in the Eastern Plaguelands to the north of the Plaguewood.,,,unreviewed,
Light,116,1,59,56,"Korfax, Champion of the Light",,,unreviewed,
Orgrimmar,114,3,93,18,Orgrimmar Commendation Officer,,,unreviewed,
Some,105,0,97,8,"When you give love tokens to townsfolk, you'll receive different gifts in return.  Some of those you'll want to keep and use, but others can be bundled together and given to your favorite hero!  Visit Kwee Q. Peddlefeet to turn them in.  Kwee can be found near Bolvar, Magni, or Tyrande.",,,unreviewed,
Just,104,0,87,17,"Lookin' to take a gryphon ride, eh? Dungar keeps his birds up on the rampart in the Trade District. Just remember to hold on tight! ",,,unreviewed,
Master,101,17,37,47,Master Mathias Shaw,,,unreviewed,
Dark,100,2,58,40,Dark Cleric Duesten,,,unreviewed,
Visit,93,0,89,4,"When you give love tokens to townsfolk, you'll receive different gifts in return.  Some of those you'll want to keep and use, but others can be bundled together and given to your favorite hero!  Visit Kwee Q. Peddlefeet to turn them in.  Kwee can be found near Bolvar, Magni, or Tyrande.",,,unreviewed,
Scourge,91,0,65,26,"Blacksmith?  Nope, our last one turned back into one of those mindless Scourge.  There's one in the Undercity though to the south of town though.  Undercity is underneath the Ruins of Lordaeron, clever name, huh?  Just take the elevators down at the back of the ruins and then you can talk to one of the Undercity Guardians.  They should be able to point you in the right direction.",,,unreviewed,
Darnassus,89,3,69,17,Darnassus Commendation Officer,,,unreviewed,
Peddlefeet,88,0,88,0,"When you give love tokens to townsfolk, you'll receive different gifts in return.  Some of those you'll want to keep and use, but others can be bundled together and given to your favorite hero!  Visit Kwee Q. Peddlefeet to turn them in.  Kwee can be found near Bolvar, Magni, or Tyrande.",,,unreviewed,
Officer,84,18,24,42,Argent Officer Garush,,,unreviewed,
Scarlet,82,2,52,28,Captured Scarlet Zealot,,,unreviewed,
Winter,82,2,61,19,Great-father Winter,,,unreviewed,
Once,80,0,76,4,"Not so fast,   guy : lady;... I'll not be handing out the reigns of a mighty ram steed to someone that's not a proven ally of the dwarves of Ironforge.  Once you've been recognized as exalted to Ironforge, I'll gladly show you what varieties of rams I have for sale.",,,unreviewed,
Great,77,1,54,22,Great-father Winter,,,unreviewed,
Guardian,76,0,75,1,"What could you possibly need a bank for?  Very well, you'll need to go through the Ruins of Lordaeron to the south of Brill.  In the back are a set of elevators leading down into the Undercity.  When you get there stop any of those lumbering Abominations they like to call an Undercity Guardian and ask it for better directions.",,,unreviewed,
Guardians,76,0,72,4,"Blacksmith?  Nope, our last one turned back into one of those mindless Scourge.  There's one in the Undercity though to the south of town though.  Undercity is underneath the Ruins of Lordaeron, clever name, huh?  Just take the elevators down at the back of the ruins and then you can talk to one of the Undercity Guardians.  They should be able to point you in the right direction.",,,unreviewed,
Razorfen,76,0,76,0,Razorfen Kraul can be found on the very southern tip of the Barrens on the west side of the road.,,,unreviewed,
Shadow,76,4,48,24,Shadow Priest Sarvis,,,unreviewed,
Follow,73,0,72,1,"You desire to shape the bones of the Earth Mother into tools that will aid the Horde.  Good, good.  Follow the path north out of Bloodhoof Village until you come to the elevator leading to the top of Thunder Bluff.  A Bluffwatcher there can give you further assistance.",,,unreviewed,
Burning,72,0,58,14,Blackrock Mountain lies between Searing Gorge in the north and Burning Steppes in the south.,,,unreviewed,
Don't,71,0,67,4,"There's a great cook who works at the Pig and Whistle Tavern in Old Town.  I've watched him use a knife when he cooks and just between you and me, I don't think he's always been a cook.  Don't get me wrong... if you still want to learn, he's the best we have.",,,unreviewed,
Ashenvale,68,0,48,20,Blackfathom Deeps can be found at the north end of Zoram Strand along the coast of Ashenvale.,,,unreviewed,
Lake,68,0,58,10,"Nothing like spending a day down at Crystal Lake fishing. Arnold Leland is the man that taught me. You can usually find him out on the dock in the Canal District just fishing the day away. Oh, and don't believe any of the stories he tells you about monsters in the canals either.",,,unreviewed,
Blackrock,67,0,57,10,Blackrock Mountain lies between Searing Gorge in the north and Burning Steppes in the south.,,,unreviewed,
Eastern,67,0,53,14,The ruined city of Stratholme lies in the Eastern Plaguelands to the north of the Plaguewood.,,,unreviewed,
Head,67,0,57,10,And I wish I could join you  . Head over to Stormwind Keep. You'll find Thelman Slatefist in the King's audience chamber. He will aid you in getting to Alterac Valley.,,,unreviewed,
High,66,13,12,41,High Executor Derrington,,,unreviewed,
Keep,66,0,60,6,And I wish I could join you  . Head over to Stormwind Keep. You'll find Thelman Slatefist in the King's audience chamber. He will aid you in getting to Alterac Valley.,,,unreviewed,
Old,66,0,49,17,Old Town is where you should go if you want to find rogues. It's in the northeast corner of Stormwind.,,,unreviewed,
Earth,65,0,57,8,"When I first saw the undead, I wept, for I could not imagine their horror and loneliness. The Earth Mother spoke to me then; she sang in my blood. And she told me, 'Save them.'",,,unreviewed,
Seek,65,0,61,4,Seek out Shandrina in Silverwind Refuge.  She can sell you the 'Expert Cookbook'.,,,unreviewed,
Thrall,65,1,57,7,Thrall,,,unreviewed,
Hall,64,0,62,2,"Well, well, moving up in the world are we? You're looking for the Champions' Hall, and you'll find it on the southeast end of Old Town. If you're an officer you can enter the hall, otherwise you can still speak to Officer Areyn standing outside. Good luck!",,,unreviewed,
Power,64,0,1,63,"The Paragons of Power are remnants from the ancient Gurubashi Empire.  We Zandalar seek them - not only are they of tremendous collectible value to us, but we believe that they also hold latent signatures of magic used by the old Empire.  You'll more than likely discover three kinds of Paragons in Zul'Gurub: coins, bijous, and primal items.  Bring them to us in the quantities that we seek, and you'll be rewarded with some of the finest items we Zandalar have ever crafted.",,,unreviewed,
Runetotem,63,8,26,29,Turak Runetotem,,,unreviewed,
Such,63,0,59,4,"Love tokens are small messages of affection you can give to amorous town and city folk.  Such people will reward you with a gift of adoration.  Or, if you are already adored by another, then at the least they'll give you a gift of friendship.",,,unreviewed,
Temple,63,0,48,15,The Sunken Temple can be found in the center of a great lake in eastern Swamp of Sorrows.,,,unreviewed,
Argent,61,17,7,37,Argent Guard Thaelrid,,,unreviewed,
First,61,3,49,9,First Mate Fitzsimmons,,,unreviewed,
Warsong,61,4,31,26,Warsong Runner,,,unreviewed,
Arathi,60,0,40,20,It's admirable what The League of Arathor is attempting to do in Arathi Basin.  Too bad those undead abominations and their Horde friends are standing in the way.  Head over to Stormwind Keep.  Lady Hoteshem awaits you in the King's audience chamber.  She can help you to get to Arathi Basin.,,,unreviewed,
Hunter,60,3,39,18,Bounty Hunter Kolark,,,unreviewed,
Mother,60,0,58,2,"When I first saw the undead, I wept, for I could not imagine their horror and loneliness. The Earth Mother spoke to me then; she sang in my blood. And she told me, 'Save them.'",,,unreviewed,
Speak,60,0,28,32,"Indeed, Silverwing Hold is in need of your assistance. Speak with Elfarran in the audience chamber at Stormwind Keep.",,,unreviewed,
Thank,60,0,10,50,"Ah, you're the one who found the letter. Thank you for the... news, I suppose, about my family. You're welcome to what food and drink I can offer.",,,unreviewed,
Yes,60,0,40,20,"Yes, I've been running this shop for some time now. Business has been pretty good lately. A lot of new adventurers coming through...",,,unreviewed,
Apothecary,59,12,4,43,Apothecary Zinge,,,unreviewed,
Inn,59,0,56,3,"Ah, The Gilded Rose... with its soft down beds and warm baths... just thinking about that Inn makes me want to... ::yawn:: Lucky you if you're heading over there...  you will find it in the west side of the Trade District.   ...nice soft pillows, warm blankets.  ::yawn::",,,unreviewed,
Commander,58,24,3,31,Commander Althea Ebonlocke,,,unreviewed,
Commendation,58,8,32,18,Darnassus Commendation Officer,,,unreviewed,
Love,58,0,44,14,"Love tokens are small messages of affection you can give to amorous town and city folk.  Such people will reward you with a gift of adoration.  Or, if you are already adored by another, then at the least they'll give you a gift of friendship.",,,unreviewed,
Darkmoon,57,2,42,13,Silas Darkmoon,,,unreviewed,
Dawn,57,6,24,27,Argent Dawn Initiate,,,unreviewed,
Desert,57,0,50,7,The ruins of Zul'Farrak are located in the northwestern corner of the Tanaris Desert.,,,unreviewed,
District,57,0,56,1,"Gryphons, eh? Never really cared for the beasts but to each their own.You can find Dungar Longdrink on the rampart in the Trade District.",,,unreviewed,
Doctor,57,11,31,15,Doctor Draxlegauge,,,unreviewed,
Searing,57,0,55,2,Blackrock Mountain lies between Searing Gorge in the north and Burning Steppes in the south.,,,unreviewed,
Westfall,57,0,43,14,"I can't believe the officials in Stormwind, sending the bulk of our army abroad... when our home front is under so much pressure!  With thieves coming from Westfall and gnolls encroaching from from the east and west, it's a wonder Stormwind itself isn't besieged.",,,unreviewed,
Report,56,0,0,56,Deliver Thomas' Report,,,unreviewed,
Crossroads,55,0,46,9,The Wailing Caverns has its entrance at the Lushwater Oasis southwest of Crossroads in the Barrens.   ,,,unreviewed,
Elune,55,0,34,21,"Elune be with you,  .",,,unreviewed,
Gorge,55,0,54,1,Blackrock Mountain lies between Searing Gorge in the north and Burning Steppes in the south.,,,unreviewed,
Lord,55,9,14,32,Lord Ello Ebonlocke,,,unreviewed,
Dun,54,0,48,6,"Ye won't find a gryphon master just anywhere around Dun Morogh,  lad : lass;.  Ye're going to have to go to Ironforge if ye want to take a gryphon somewhere.",,,unreviewed,
Gnomeregan,54,1,48,5,Gnomeregan Commendation Officer,,,unreviewed,
Leather,54,0,5,49,Skinning?  The only thing ye look like ye could skin is yer own knee!  Ha!  Now why don't you go see Balthus Stoneflayer so he can teach you how to properly skin some animals.  You'll find him in Finespindle's Leather Goods on the northern side of The Great Forge.,,,unreviewed,
Magni,54,1,45,8,King Magni Bronzebeard,,,unreviewed,
Mountain,54,1,46,7,Elder High Mountain,,,unreviewed,
Tanaris,54,0,52,2,The ruins of Zul'Farrak are located in the northwestern corner of the Tanaris Desert.,,,unreviewed,
Western,54,0,52,2,The School for Necromancy known as Scholomance is on the ruined island of Caer Darrow in the Western Plaguelands.,,,unreviewed,
Call,52,1,24,27,Marion Call,,,unreviewed,
Cenarion,52,3,42,7,Cenarion Emissary Jademoon,,,unreviewed,
Let,52,0,29,23,"So you think you are good enough to learn from me? The great Snarl? You are no more than a lowly worm beneath my boot. However, taking on an underling might make me seem more appealing to Sumi and Tumi. Let's see what meager skills you possess.",,,unreviewed,
Scholomance,52,0,49,3,The School for Necromancy known as Scholomance is on the ruined island of Caer Darrow in the Western Plaguelands.,,,unreviewed,
Tyrande,52,1,45,6,Tyrande Whisperwind,,,unreviewed,
Aid,51,0,46,5,"No better place to learn First Aid than under the watchful eye of Shaina Fuller at the Cathedral of Light.  To get there, just look for the yellow rooftops, or the towering spire of the Cathedral itself which you can see from almost anywhere in the city.",,,unreviewed,
Alterac,51,0,26,25,And I wish I could join you  . Head over to Stormwind Keep. You'll find Thelman Slatefist in the King's audience chamber. He will aid you in getting to Alterac Valley.,,,unreviewed,
Cairne,51,1,47,3,Cairne Bloodhoof,,,unreviewed,
Desolace,51,0,40,11,"Maraudon is located in the middle of the western coast of Desolace, in the Valley of Spears.",,,unreviewed,
Find,51,0,33,18,I don't train your kind  .  Find your own trainer before you anger me.,,,unreviewed,
Steppes,51,0,49,2,Blackrock Mountain lies between Searing Gorge in the north and Burning Steppes in the south.,,,unreviewed,
Tirisfal,51,0,46,5,Scarlet Monastery lies in the hills northeast of Tirisfal Glades.,,,unreviewed,
Veil,51,0,46,5,Don't forget to stock up on wrapping paper this holiday season!  Nothing says 'Wondrous Winter Veil' like wrapped armors and weapons for your friends and family.,,,unreviewed,
Bolvar,50,1,44,5,Highlord Bolvar Fordragon,,,unreviewed,
Last,50,0,29,21,There's only one person I know of who is more learned in the art of tailoring than myself. Last I heard he could be found in Theramore Isle. He is the person you should seek.,,,unreviewed,
Swamp,50,1,44,5,"""Swamp Eye"" Jarl",,,unreviewed,
Morogh,49,0,48,1,"Ye won't find a gryphon master just anywhere around Dun Morogh,  lad : lass;.  Ye're going to have to go to Ironforge if ye want to take a gryphon somewhere.",,,unreviewed,
Rhobart,49,1,48,0,Shelene Rhobart,,,unreviewed,
Sylvanas,49,1,46,2,Lady Sylvanas Windrunner,,,unreviewed,
Badlands,48,0,40,8,Uldaman can be found at the very northern end of the Badlands.,,,unreviewed,
Honor,48,0,28,20,"Greetings young one, and welcome to Thunder Bluff.  You'll find safe refuge from the burdens of the world here.  All denizens of the Horde are welcome here.  The spirits of the present and past come alive here in this sacred place, my friend.  Honor them, and in doing so honor yourself.",,,unreviewed,
Forge,47,0,47,0,The closest gryphon master is located up in Ironforge near The Great Forge itself.  Ye'll need to head to Ironforge if ye want to travel by gryphon.,,,unreviewed,
Marshal,47,14,6,27,Marshal McBride,,,unreviewed,
Sorrows,47,0,44,3,The Sunken Temple can be found in the center of a great lake in eastern Swamp of Sorrows.,,,unreviewed,
Strand,47,0,40,7,Blackfathom Deeps can be found at the north end of Zoram Strand along the coast of Ashenvale.,,,unreviewed,
Sunken,47,0,43,4,The Sunken Temple can be found in the center of a great lake in eastern Swamp of Sorrows.,,,unreviewed,
Basin,46,0,32,14,It's admirable what The League of Arathor is attempting to do in Arathi Basin.  Too bad those undead abominations and their Horde friends are standing in the way.  Head over to Stormwind Keep.  Lady Hoteshem awaits you in the King's audience chamber.  She can help you to get to Arathi Basin.,,,unreviewed,
Druid,46,3,20,23,Arch Druid Hamuul Runetotem,,,unreviewed,
Lost,46,1,0,45,Theldurin the Lost,,,unreviewed,
Men,46,0,44,2,"If you put on cologne or perfume, then you'll see who is amorous.  Those are the ones who accept love tokens... and offer a gift in return.  But remember: to give someone a love token, you have to smell just right!  Men like the scent of perfume, while women prefer cologne.",,,unreviewed,
Silverpine,46,0,42,4,Shadowfang Keep is in southern Silverpine just north of Pyrewood Village.,,,unreviewed,
Town,46,0,44,2,Old Town is where you should go if you want to find rogues. It's in the northeast corner of Stormwind.,,,unreviewed,
Uldaman,46,0,40,6,Uldaman can be found at the very northern end of the Badlands.,,,unreviewed,
Darrow,45,3,41,1,Caer Darrow Citizen,,,unreviewed,
Glades,45,0,43,2,Scarlet Monastery lies in the hills northeast of Tirisfal Glades.,,,unreviewed,
Mage,45,0,39,6,"Sounds like you want to talk to Maginor Dumas! You can usually find him in the Wizard's Sanctum in the Mage Quarter. Course, you never know when or where those magi will portal off to.",,,unreviewed,
Maul,45,0,43,2,The ruins of Dire Maul stand in central Ferelas.,,,unreviewed,
Stratholme,45,0,45,0,The ruined city of Stratholme lies in the Eastern Plaguelands to the north of the Plaguewood.,,,unreviewed,
Caer,44,3,41,0,Caer Darrow Citizen,,,unreviewed,
Captain,44,12,1,31,Captain Danuvin,,,unreviewed,
Paragons,44,0,2,42,"The Paragons of Power are remnants from the ancient Gurubashi Empire.  We Zandalar seek them - not only are they of tremendous collectible value to us, but we believe that they also hold latent signatures of magic used by the old Empire.  You'll more than likely discover three kinds of Paragons in Zul'Gurub: coins, bijous, and primal items.  Bring them to us in the quantities that we seek, and you'll be rewarded with some of the finest items we Zandalar have ever crafted.",,,unreviewed,
Priestess,44,10,5,29,Moon Priestess Amara,,,unreviewed,
Zul'Farrak,44,0,44,0,The ruins of Zul'Farrak are located in the northwestern corner of the Tanaris Desert.,,,unreviewed,
Cleft,43,0,42,1,Ragefire Chasm can be found beneath the Shadow Cleft in the center of Orgrimmar.,,,unreviewed,
Terrace,43,0,43,0,"You're better at this gig than I am! You want someone with even more experience than I've got. That'd be Ainethil, a night elf lady who lives in the Craftsmen's Terrace of Darnassus.",,,unreviewed,
Booty,42,1,27,14,Booty Bay Reveler,,,unreviewed,
Plaguewood,42,0,39,3,The ruined city of Stratholme lies in the Eastern Plaguelands to the north of the Plaguewood.,,,unreviewed,
Zoram,42,0,38,4,Blackfathom Deeps can be found at the north end of Zoram Strand along the coast of Ashenvale.,,,unreviewed,
Caverns,41,0,41,0,The Wailing Caverns has its entrance at the Lushwater Oasis southwest of Crossroads in the Barrens.   ,,,unreviewed,
Deeps,41,0,38,3,Blackfathom Deeps can be found at the north end of Zoram Strand along the coast of Ashenvale.,,,unreviewed,
Dire,41,0,40,1,The ruins of Dire Maul stand in central Ferelas.,,,unreviewed,
Pyrewood,41,0,38,3,Shadowfang Keep is in southern Silverpine just north of Pyrewood Village.,,,unreviewed,
Stormpike,41,10,7,24,Prospector Stormpike,,,unreviewed,
Wailing,41,0,41,0,The Wailing Caverns has its entrance at the Lushwater Oasis southwest of Crossroads in the Barrens.   ,,,unreviewed,
Arms,40,0,35,5,Look for Sayoc and Hanashi at the Valley of Honor inside Arms of Legend.  Watch your tongue around them or Sayoc may decide to give a piece of you as a snack to Grinning Dog.,,,unreviewed,
Blackfathom,40,0,38,2,Blackfathom Deeps can be found at the north end of Zoram Strand along the coast of Ashenvale.,,,unreviewed,
Downs,40,0,38,2,Razorfen Downs can be found on the very southern tip of the Barrens on the east side of the road.,,,unreviewed,
Faire,40,1,37,2,Darkmoon Faire Carnie,,,unreviewed,
Gulch,40,0,26,14,Greetings  .  Do you wish to aid the Silverwing Sentinels in their fight at Warsong Gulch?,,,unreviewed,
Kraul,40,0,38,2,Razorfen Kraul can be found on the very southern tip of the Barrens on the west side of the road.,,,unreviewed,
Mining,40,0,37,3,I hear that they have a Mining Trainer in the Undercity.  All you have to do to get there is head south out of town and go to the back of the Ruins of Lordaeron.  Then take the elevator down into the Undercity itself and ask an Undercity Guardian for further directions.,,,unreviewed,
Moonbrook,40,0,38,2,The Deadmines can be found beneath Moonbrook in the south of Westfall.,,,unreviewed,
Oasis,40,0,38,2,The Wailing Caverns has its entrance at the Lushwater Oasis southwest of Crossroads in the Barrens.   ,,,unreviewed,
Perhaps,40,0,23,17,"Ah, well aren't you a sturdy-looking one? Perhaps you can assist me with a thing or two. Not much help around here except for green apprentices, and they've other things to worry about.",,,unreviewed,
Shadowfang,40,0,38,2,Shadowfang Keep is in southern Silverpine just north of Pyrewood Village.,,,unreviewed,
Cleric,39,3,36,0,Dark Cleric Duesten,,,unreviewed,
Festival,39,8,10,21,Lunar Festival Harbinger,,,unreviewed,
Guard,39,12,9,18,Guard Thomas,,,unreviewed,
Hmmm,39,0,35,4,Hmmm... only enchanters I know of around here work out of Stormwind.  Why don't you ask one of the guards up in Stormwind?,,,unreviewed,
Monastery,39,0,38,1,Scarlet Monastery lies in the hills northeast of Tirisfal Glades.,,,unreviewed,
Please,39,0,27,12,"Years of quality breeding techniques and plenty of care allow me the privilege of showing you these horses!  Please, take your time as you consider them for your mount.  A horse is a companion for the ages, friend.  Don't sell yourself short - get your steed here today!",,,unreviewed,
School,39,0,39,0,The School for Necromancy known as Scholomance is on the ruined island of Caer Darrow in the Western Plaguelands.,,,unreviewed,
Strength,39,0,22,17,Go to the Valley of Strength and look for the Bank of Orgrimmar to the south of the Sky Tower.,,,unreviewed,
Teldrassil,39,1,28,10,Teldrassil Sentinel,,,unreviewed,
Bring,38,0,8,30,Find Tarshaw Jaggedscar inside the barracks on the east side of Razor Hill.  Bring pride and honor to the Horde youngling!,,,unreviewed,
Chasm,38,0,38,0,Ragefire Chasm can be found beneath the Shadow Cleft in the center of Orgrimmar.,,,unreviewed,
Deadmines,38,0,38,0,The Deadmines can be found beneath Moonbrook in the south of Westfall.,,,unreviewed,
Ferelas,38,0,38,0,The ruins of Dire Maul stand in central Ferelas.,,,unreviewed,
Iron,38,0,14,24,"Yes, young one, you need not convince me of such things, the Warchief and I have much history. Your dedication, however, is noted.  As I was saying, Rend had found a new home for his people, and I was among those who would wearily follow.  From one conflict arose others... countless others. It was in those battles for Blackrock Spire between the Blackrock clan and the Dark Iron dwarves that my sons were both slain. It was then that I realized my time among the Blackrock clan had come to an end.",,,unreviewed,
Lushwater,38,0,38,0,The Wailing Caverns has its entrance at the Lushwater Oasis southwest of Crossroads in the Barrens.   ,,,unreviewed,
Maraudon,38,0,38,0,"Maraudon is located in the middle of the western coast of Desolace, in the Valley of Spears.",,,unreviewed,
Necromancy,38,0,38,0,The School for Necromancy known as Scholomance is on the ruined island of Caer Darrow in the Western Plaguelands.,,,unreviewed,
Nothing,38,0,35,3,"Nothing like spending a day down at Crystal Lake fishing. Arnold Leland is the man that taught me. You can usually find him out on the dock in the Canal District just fishing the day away. Oh, and don't believe any of the stories he tells you about monsters in the canals either.",,,unreviewed,
One,38,1,15,22,Dizzy One-Eye,,,unreviewed,
Pastures,38,0,32,6,Don't let the jingle of the bells take away from the jingle in your pocket!  Buy Smokywood Pastures treats for your Winter Veil festivities!,,,unreviewed,
Quartermaster,38,8,0,30,Quartermaster Lungertz,,,unreviewed,
Ragefire,38,0,38,0,Ragefire Chasm can be found beneath the Shadow Cleft in the center of Orgrimmar.,,,unreviewed,
Ride,38,0,30,8,Such wisdom is steeped in a mystery that can only be found in great Thunder Bluff.  Follow the path north out of Bloodhoof Village until you come to an elevator at the base of the bluffs.  Ride it to the top and ask one of the Bluffwatchers for further assistance.,,,unreviewed,
Spears,38,0,38,0,"Maraudon is located in the middle of the western coast of Desolace, in the Valley of Spears.",,,unreviewed,
Stockades,38,0,38,0,The Stormwind Stockades are found near the mage quarter in Stormwind.,,,unreviewed,
Stonehoof,38,6,26,6,Melor Stonehoof,,,unreviewed,
Yeah,38,0,34,4,"Yeah, that would be Austil de Mon.  He's always hanging out in the tavern at the southeast end of town.  It's called the Gallows' End Tavern, you can't miss it.",,,unreviewed,
Bandages,37,0,13,24,"Bandages, anti-venoms and such things, these are the inevitable necessities of life on the plains.  Vira Younghoof can teach you this knowledge.  You can find her in the long house on the west side of Bloodhoof Village.",,,unreviewed,
Battle,37,0,0,37,Battle of Hillsbrad,,,unreviewed,
Bay,37,1,28,8,Booty Bay Reveler,,,unreviewed,
Beryl,37,1,36,0,Dark Cleric Beryl,,,unreviewed,
Hand,37,1,20,16,Servant of the Hand,,,unreviewed,
Delivery,36,0,0,36,Juice Delivery,,,unreviewed,
King,36,1,17,18,King Magni Bronzebeard,,,unreviewed,
Smokywood,36,0,32,4,Don't let the jingle of the bells take away from the jingle in your pocket!  Buy Smokywood Pastures treats for your Winter Veil festivities!,,,unreviewed,
Circle,35,0,23,12,"If you are here to waste my time, then you are wasting the time of the Cenarion Circle as a whole.  For your sake, let us hope that you are not foolish enough to be doing just that.",,,unreviewed,
Herbalism,35,0,35,0,"Actually I prefer traditional medicines... leeches, maggots, bonesaws... that sort of thing.  Well to each their own.  You can find the our local Herbalism Trainer, Faruza, standing out front near the stables in Brill.",,,unreviewed,
Alchemist,34,4,14,16,Alchemist Pestlezugg,,,unreviewed,
Dwarven,34,0,27,7,"You've heard about the Tram have you?  What a ride that thing is!  You'll find it in the Dwarven District towards the back.  Oh, and be sure to keep your arms and legs inside the tram while the tram is in motion.",,,unreviewed,
Forsaken,34,0,26,8,"The warrior's role is one of protection.  Just as we protect our compatriots in battle, we must also protect the interests of the Forsaken.",,,unreviewed,
Zanza,34,1,3,30,Zanza the Restless,,,unreviewed,
Azeroth,33,0,27,6,"No other race on Azeroth has suffered as much as our people,  . To laugh in the face of death has become second nature for all of us.",,,unreviewed,
Hill,33,1,25,7,Razor Hill Grunt,,,unreviewed,
Sergeant,33,16,4,13,Sergeant Yohwa,,,unreviewed,
Supplies,33,0,0,33,Supplies from Darkshire,,,unreviewed,
Crusade,32,0,13,19,"Long ago, before the last great war, my father ran the Northridge Lumber Mill. It was his life, and he was committed to it. Then the war came, and as much as it pained him, we had to flee to Stormwind.  We lost a number of friends and family in the those days, and it pains me to know that the Scarlet Crusade has taken the mill for their own ends.  That's why I've returned.",,,unreviewed,
Marsh,32,1,27,4,Doctor Marsh,,,unreviewed,
Sentinel,32,14,5,13,Sentinel Arynia Cloudsbreak,,,unreviewed,
Bluffwatcher,31,1,30,0,Bluffwatcher,,,unreviewed,
Hello,31,0,24,7,"Hello,  .  Welcome to Thelsamar, and while you're here don't forget to visit our local brewery!",,,unreviewed,
Quarter,31,0,31,0,"Sounds like you want to talk to Maginor Dumas! You can usually find him in the Wizard's Sanctum in the Mage Quarter. Course, you never know when or where those magi will portal off to.",,,unreviewed,
Skychaser,31,5,23,3,Narm Skychaser,,,unreviewed,
War,31,0,11,20,"Ansekhwa, da tauren weapon master, is on da Thunder Bluff lower rise.  He teach one and two-handed maces, staves and guns.Archibald, da undead weapon master in da War Quarter of da Undercity, train good with crossbows, daggers, one and two-handed swords and polearms.Sayoc, da ugly orc right here, can teach da ways of bows, daggers, fist weapons, one and two-handed axes and thrown weapons mon.",,,unreviewed,
Arch,30,3,8,19,Arch Druid Hamuul Runetotem,,,unreviewed,
Brother,30,13,2,15,Brother Nimetz,,,unreviewed,
Craftsman,30,1,3,26,Craftsman Wilhelm,,,unreviewed,
Hmm,30,0,19,11,Hmm... the things you need to learn are a little above my head. Have a talk with Sellandus over at Larson's Clothiers just up the path to the right. He taught me everything I know!,,,unreviewed,
Narm,30,2,20,8,Narm Faulk,,,unreviewed,
Rise,30,0,18,12,There is one that I know of here in Thunder Bluff that can aid you in your journey to Alterac Valley. On the Hunter Rise look for Taim Ragetotem. May you find what you are looking for  .,,,unreviewed,
Thunderbrew,30,4,17,9,Grimbooze Thunderbrew,,,unreviewed,
Trade,30,0,26,4,"Gryphons, eh? Never really cared for the beasts but to each their own.You can find Dungar Longdrink on the rampart in the Trade District.",,,unreviewed,
Ahn'Qiraj,29,0,29,0,"A thousand years ago, when the War of the Shifting Sands ended, three of our kin sacrificed themselves and held the Qiraji inside these halls while Anachronos and Staghelm sealed Ahn'Qiraj shut.  Each of us vowed to look for Merithra, Arygos and Caelestrasz should the Scarab Wall ever fall.  And fall it did... and so we came.",,,unreviewed,
Cathedral,29,0,24,5,I would suggest looking in the Cathedral of Light in Cathedral Square.,,,unreviewed,
Lady,29,5,9,15,Lady Katrana Prestor,,,unreviewed,
Manor,29,0,26,3,"Black, grey and dark purple are the prescribed colors.  See to it that you don't stray onto the wrong side of fashion street friend.  Bowen Brisboise can help to see that you don't.  You'll find him inside Cold Hearth Manor on the other side of the bridge to the southwest of town.",,,unreviewed,
Mon,29,1,24,4,Austil de Mon,,,unreviewed,
See,29,0,21,8,"Black, grey and dark purple are the prescribed colors.  See to it that you don't stray onto the wrong side of fashion street friend.  Bowen Brisboise can help to see that you don't.  You'll find him inside Cold Hearth Manor on the other side of the bridge to the southwest of town.",,,unreviewed,
Ye'll,29,0,29,0,The closest gryphon master is located up in Ironforge near The Great Forge itself.  Ye'll need to head to Ironforge if ye want to travel by gryphon.,,,unreviewed,
Come,28,0,26,2,"Come to me again with such pathetic work and I will send you home in a small iron box that I tempered in goat urine. Now go see that idiot Ug'thok, he is better suited to your needs.",,,unreviewed,
Dolanaar,28,0,25,3,"If you require time to rest and regain your strength, you will find the best at the Inn in Dolanaar.  Innkeeper Keldamyr will see to it that you are taken care of.",,,unreviewed,
Excellent,28,0,4,24,"Excellent! I've been hopin' for a new student. Well, let's get started right away then!",,,unreviewed,
New,28,0,1,27,"New this year: the PX-238 Winter Wondervolt.  Step on up and don't be shy!  And sign these forms before you try it, we're still working a few bugs out of this thing...",,,unreviewed,
Spirit,28,3,13,12,Ancestral Spirit,,,unreviewed,
Black,27,2,13,12,Wiley the Black,,,unreviewed,
Craftsmen,27,0,27,0,"You're better at this gig than I am! You want someone with even more experience than I've got. That'd be Ainethil, a night elf lady who lives in the Craftsmen's Terrace of Darnassus.",,,unreviewed,
Lieutenant,27,13,2,12,Lieutenant Doren,,,unreviewed,
Mountaineer,27,13,0,14,Mountaineer Cobbleflint,,,unreviewed,
Only,27,0,14,13,Only a few spots to get any fishing done around here.  Paxton knows them all and probably a few he won't tell ya about.  Why don't ye go over to Iceflow Lake and see what he will tell ya.,,,unreviewed,
Search,27,0,2,25,The auction house can be found on the central spire of Thunder Bluff.  Search near the bottom of the Windrider's Tower. May your ancestors watch over you.,,,unreviewed,
Talk,27,0,27,0,"Gonna make a guild, are ya? Good luck to ya then!Talk to Aldwin Laughlin in the Stormwind Vistor's Center. It's in the Trade District right as you come in from the Valley of Heroes.",,,unreviewed,
Threat,27,0,0,27,A Dark Threat Looms,,,unreviewed,
Writ,27,0,0,27,Writ of Safe Passage,,,unreviewed,
Cold,26,0,24,2,"Black, grey and dark purple are the prescribed colors.  See to it that you don't stray onto the wrong side of fashion street friend.  Bowen Brisboise can help to see that you don't.  You'll find him inside Cold Hearth Manor on the other side of the bridge to the southwest of town.",,,unreviewed,
Cooking,26,0,26,0,Cooking is a life long pursuit and I see we share the same passion!,,,unreviewed,
Crystal,26,1,16,9,Crystal Boughman,,,unreviewed,
Felwood,26,0,17,9,"The Emerald Circle strives to heal the wounded land of Felwood. Although the land is named for the very thing that has corrupted it, we hope that one day we will be able to eradicate the corruption from this land.",,,unreviewed,
General,26,5,1,20,General Marcus Jonathan,,,unreviewed,
Nurse,26,2,24,0,Nurse Stonefield,,,unreviewed,
Renee,26,1,24,1,Innkeeper Renee,,,unreviewed,
Wildmane,26,7,4,15,Nara Wildmane,,,unreviewed,
Anise,25,1,24,0,Carolai Anise,,,unreviewed,
Austil,25,1,24,0,Austil de Mon,,,unreviewed,
Blood,25,0,2,23,"If you have come to save the world then you have come to the right place. The faceless one - the Blood God, Hakkar - has been brought back into our world!",,,unreviewed,
Boch,25,1,24,0,Rupert Boch,,,unreviewed,
Bowen,25,1,24,0,Bowen Brisboise,,,unreviewed,
Bracers,25,0,0,25,Bracers of Binding,,,unreviewed,
Brisboise,25,1,24,0,Bowen Brisboise,,,unreviewed,
Cain,25,1,24,0,Cain Firesong,,,unreviewed,
Carolai,25,1,24,0,Carolai Anise,,,unreviewed,
Clyde,25,1,24,0,Clyde Kellen,,,unreviewed,
Firesong,25,1,24,0,Cain Firesong,,,unreviewed,
Gadgetzan,25,0,20,5,Dirge Quikcleave of Gadgetzan is a master of the culinary arts.  To better yourself you will need to seek him out.,,,unreviewed,
Kellen,25,1,24,0,Clyde Kellen,,,unreviewed,
Man,25,1,20,4,Osborne the Night Man,,,unreviewed,
Marion,25,1,24,0,Marion Call,,,unreviewed,
Neela,25,1,24,0,Nurse Neela,,,unreviewed,
Rupert,25,1,24,0,Rupert Boch,,,unreviewed,
Sharpmane,25,1,20,4,Yaw Sharpmane,,,unreviewed,
Shelene,25,1,24,0,Shelene Rhobart,,,unreviewed,
Staghelm,25,2,8,15,Melithar Staghelm,,,unreviewed,
Undergloom,25,1,24,0,Vance Undergloom,,,unreviewed,
Vance,25,1,24,0,Vance Undergloom,,,unreviewed,
Warrior,25,0,21,4,"If it is the way of the Warrior that you crave then you must seek out Krang Stonehoof.  You will find him in the southeast corner of the village at his training circle, often instructing his other students.",,,unreviewed,
Yaw,25,1,20,4,Yaw Sharpmane,,,unreviewed,
Alchemy,24,0,24,0,"Tucked away in the Mage Quarter, there is a little shop called Alchemy Needs.  You're bound to see all sort of strange shops on your way through the Mage Quarter, but if you stick to the outer rim you'll be sure to find it.",,,unreviewed,
Amongst,24,0,0,24,Amongst the Ruins,,,unreviewed,
Bars,24,0,0,24,The Alliance Needs Copper Bars!,,,unreviewed,
Brightwater,24,0,24,0,"Yeah, you'll always find Clyde Kellen fishing on the bank of Brightwater Lake just east of Brill.  Just watch out for psychos wearing masks while you're out there.  We had to shut down the kids' summer camp last year.",,,unreviewed,
Camp,24,0,12,12,You want to learn to be a tailor?  Hmmm... I believe there's a tailor over in the Eastvale Logging Camp that may be able to get you started.  ,,,unreviewed,
Dustwallow,24,0,24,0,You will need to find Nat Pagle in Dustwallow Marsh to get any better than you are currently.,,,unreviewed,
Faruza,24,0,24,0,"Actually I prefer traditional medicines... leeches, maggots, bonesaws... that sort of thing.  Well to each their own.  You can find the our local Herbalism Trainer, Faruza, standing out front near the stables in Brill.",,,unreviewed,
Field,24,4,1,19,Field Marshal Teravaine,,,unreviewed,
Hearth,24,0,24,0,"Black, grey and dark purple are the prescribed colors.  See to it that you don't stray onto the wrong side of fashion street friend.  Bowen Brisboise can help to see that you don't.  You'll find him inside Cold Hearth Manor on the other side of the bridge to the southwest of town.",,,unreviewed,
Kalimdor,24,0,15,9,Don't blame you for taking up fishing.  Mulgore has some the best fishing spots in Southern Kalimdor and Mountaintop Bait & Tackle on the high rise has all of the gear you'll need to take advantage of it.Tell Kah Mistrunner that I sent ya!,,,unreviewed,
Morganus,24,0,24,0,"Not too clever are you?  Hmm, if I were a stable master perhaps I might be in the vicinity of say, the stable?  Look for Morganus over there.",,,unreviewed,
Nat,24,1,20,3,Nat Pagle,,,unreviewed,
Pagle,24,1,21,2,Nat Pagle,,,unreviewed,
Rand,24,0,24,0,You aiming to be a taxidermist?  I don't like people who think they can stuff and mount me because they think I'm dead.  No?  Good!  Look for Rand Rhobart at a camp to the southeast of town.  To get to him take the road southeast out of Brill and hang a left at the intersection.,,,unreviewed,
Redemption,24,0,2,22,The armor of Redemption was worn by our most pious knights - armor worthy of the Lightbringer himself!  Thousands fell in the last war; their vestments stripped from their corpses and taken to the dread citadel of Naxxramas.  It is said that the death knights of Naxxramas corrupt the Redemption plate mail for their own use.  Such tragedy... ,,,unreviewed,
Signets,24,0,16,8,"Greetings,   - I'm a Commendation Officer acting on behalf of the Darkspear tribe.  It is my duty to assist adventurers who have received Horde Commendation Signets.  I accept signets in different quantities, but the most beneficial exchange for you is to hand in a set of ten at once.  I will enter your deeds into our records when you hand in your signets.  As a result, you will earn recognition from the Darkspear tribe for your duty and service.",,,unreviewed,
Silithus,24,0,20,4,"I come to Silithus every year around this time. The weather is phenomenal for my bunions.  You should take a stroll with me, friend. Enjoy the sights and what not.",,,unreviewed,
Spirits,24,0,11,13,The Earth Mother calls and you answer.  You will find the Hall of Spirits on the Spirit Rise.,,,unreviewed,
Warchief,24,0,17,7,"Warchief Thrall himself asked me to come out here. I was honored to obey, and it's no hardship. I couldn't have asked for a better posting than Stonard. Just about any herb I might need grows in the muck here.",,,unreviewed,
Wild,24,0,0,24,Wild Hearts,,,unreviewed,
Corruption,23,0,0,23,Gnarlpine Corruption,,,unreviewed,
Eye,23,2,6,15,Dizzy One-Eye,,,unreviewed,
Faith,23,0,2,21,"Faith... Some have lost it, others have found it. It cannot be destroyed and it cannot be created.  Or perhaps you speak of the vestments of Faith? Armor worn by our priests and most devout warriors into battle against the Scourge during the last war.  Aye, much of it is lost... Stolen by the fiends of Naxxramas.",,,unreviewed,
Frostwolf,23,6,6,11,Frostwolf Quartermaster,,,unreviewed,
Goblin,23,2,12,9,Goblin Pit Boss,,,unreviewed,
Magistrate,23,5,1,17,Magistrate Solomon,,,unreviewed,
Razor,23,1,21,1,Razor Hill Grunt,,,unreviewed,
Rider,23,2,15,6,Frostwolf Wolf Rider Commander,,,unreviewed,
Secrets,23,0,0,23,Jungle Secrets,,,unreviewed,
Thunderhorn,23,9,6,8,Mull Thunderhorn,,,unreviewed,
Tower,23,0,14,9,"A true professional know his limitations, and I'm not ashamed to admit that your skills exceed mine. I want you to pay a visit to Kitta Firewind at the Tower of Azora. She is well-renowned, and with good reason.",,,unreviewed,
Winterspring,23,0,9,14,"Hello! What brings you to Winterspring? These cold and vast lands may seem dismal, but this is a place of many secrets...",,,unreviewed,
Arathor,22,1,12,9,League of Arathor Emissary,,,unreviewed,
Blacksmith,22,0,20,2,Argus is the resident blacksmith of Goldshire.  I'm sure he could teach you the Blacksmith's profession.,,,unreviewed,
Brotherhood,22,0,11,11,Don't let me catch you stealing anything!  Look for Shenthul and his Shadowswift Brotherhood in the underground Cleft of Shadow.  Find the tunnel leading down into it south of the Valley of Wisdom.,,,unreviewed,
Can,22,0,20,2,Good day to ye   lad : lass;. Can I be of service?,,,unreviewed,
Deathguard,22,19,0,3,Deathguard Linnea,,,unreviewed,
Drag,22,0,21,1,"You've got more guts than brains, coming to me without the proper training. Go talk to somebody closer to your skill level, like the orc Kamari, who lives in the Drag of Orgrimmar.",,,unreviewed,
Executor,22,5,1,16,High Executor Derrington,,,unreviewed,
Forest,22,0,14,8,"Nope, don't think there are any Enchanters here in Elwynn Forest.  There's a guy named Lucan who runs a shop up in Stormwind though.  You could check with him and see if he will train you.",,,unreviewed,
Gennia,22,1,20,1,Gennia Runetotem,,,unreviewed,
Give,22,0,12,10,Give a bull a fish and feed him for a day.  Teach a bull to fish and feed him for life.  Uthan Stillwater can teach you how to fish.  Seek his wisdom west of Bloodhoof Village along the banks of Stonebull Lake.,,,unreviewed,
Greatfather,22,1,14,7,Greatfather Winter,,,unreviewed,
Krang,22,1,20,1,Krang Stonehoof,,,unreviewed,
Letter,22,0,0,22,"What? What?! You want money? I don't owe you any money. Letter? What letter? Oh, you wanna fight Oh, you wanna fight then? All right, mate... let's do this! Owe you any money...",,,unreviewed,
Lion,22,0,16,6,The Lion's Pride Inn in Goldshire is as good as any inn you will find around these parts.  Drop in and let Innkeeper Farley make you feel at home.,,,unreviewed,
Many,22,0,15,7,Many are the paths of the Earth Mother.  May your ancestors watch over you  .,,,unreviewed,
Sigil,22,0,0,22,Sigil of Strom,,,unreviewed,
Simple,22,0,0,22,"Next on Leftwitch's list is... let's see... hmm. Oh, here it is. Simple enough, but pretty or ancient ones. Mages, I tell ya, some of the stuff they want... it's just weird.",,,unreviewed,
Tailoring,22,0,22,0,"Tailoring you say?  Hmmm.  Ah yes, of course.  You'll need to head to Thunder Bluff, up north.  Take the path out of the village to get there.  When you arrive at the base of the bluffs ride the elevator to the top of the rise and speak with one of the Bluffwatchers.",,,unreviewed,
Tell,22,0,20,2,"Warriors can usually be found either at the Pig and Whistle Tavern or the Barracks in Old Town. Tell ya though, the tavern is probably a better place look.",,,unreviewed,
Wind,22,0,14,8,The Wind Rider Roost is atop the totem stairway in the center of town.,,,unreviewed,
Bounty,21,1,0,20,Bounty Hunter Kolark,,,unreviewed,
Brave,21,12,9,0,Brave Windfeather,,,unreviewed,
Chaw,21,1,20,0,Chaw Stronghide,,,unreviewed,
Feralas,21,0,15,6,"Even my talents have a limit, and you have reached it. Congratulations,  . Your next stop should be Camp Mojache in Feralas. The tauren Hahrana Ironhide lives there; she is renowned for her skill.",,,unreviewed,
Hillsbrad,21,0,0,21,Long ago I followed some companions into the Hillsbrad Foothills. We defended ourselves from some holy vestige in an unhallowed sea. Bring me a sample of that water in this waterskin.,,,unreviewed,
Investigate,21,0,0,21,Investigate Echo Ridge,,,unreviewed,
Kauth,21,1,20,0,Innkeeper Kauth,,,unreviewed,
Mine,21,0,14,7,"I guess your first exercise is going to be to mine your way down to the Undercity.  Heh, get it?  Mine... nevermind.  To get to the Undercity go to the rear of the Ruins of Lordaeron south of Brill, and take the elevator down.  Ask one of the Undercity Guardians there for further assistance.",,,unreviewed,
Moon,21,2,5,14,Moon Priestess Amara,,,unreviewed,
Pyall,21,1,20,0,Pyall Silentstride,,,unreviewed,
Shaman,21,0,21,0,The way of the Druid is sibling to the Shaman.  Gennia Runetotem is steeped in such knowledge.  Seek her out in the large tent on the east side of Bloodhoof Village.,,,unreviewed,
Silentstride,21,1,20,0,Pyall Silentstride,,,unreviewed,
Sorry,21,0,20,1,"Sorry, but I am not disposed to sell horses to any individual who is not considered to be at least exalted to the Kingdom of Stormwind.  These steeds are the finest you'll find anywhere, and we certainly wouldn't want them in the hands of our enemies.  Not saying you're an enemy, of course... just earn the trust of Stormwind and then we can do business.",,,unreviewed,
Stillwater,21,1,20,0,Uthan Stillwater,,,unreviewed,
Stonebull,21,0,21,0,Give a bull a fish and feed him for a day.  Teach a bull to fish and feed him for life.  Uthan Stillwater can teach you how to fish.  Seek his wisdom west of Bloodhoof Village along the banks of Stonebull Lake.,,,unreviewed,
Stronghide,21,1,20,0,Chaw Stronghide,,,unreviewed,
Theramore,21,1,15,5,Theramore Lieutenant,,,unreviewed,
Try,21,0,20,1,"Now if I were Innkeeper Renee where might I be?  Hmmm?  Oh, perhaps inside the Gallows' End Tavern.  Yes, that's it, I'm sure of it.  Try the southeast end of Brill... think you can find that?",,,unreviewed,
Uthan,21,1,20,0,Uthan Stillwater,,,unreviewed,
Vira,21,1,20,0,Vira Younghoof,,,unreviewed,
Younghoof,21,1,20,0,Vira Younghoof,,,unreviewed,
Ask,20,0,17,3,I think you'll have better luck looking in Stormwind.  Ask a guard up there and they'll point you in the right direction.,,,unreviewed,
Back,20,0,2,18,"Nice try, but you'll need some more experience before training with me! Back to the trenches! ",,,unreviewed,
Bank,20,0,20,0,"The Bank of Stormwind is located in the Trade District just northwest of the city gates. Here, let me show you on your map.",,,unreviewed,
Chief,20,6,0,14,Chief Engineer Hinderweir VII,,,unreviewed,
Deepcut,20,0,20,0,"Ah yes, Skinning.  There is no one finer in wielding a skinning knife than Yonn Deepcut.  You can find him in the great tent at the northwest corner of the village.",,,unreviewed,
Engineering,20,0,14,6,"While there's no Engineering Trainer in Brill, there is one down in the Undercity.  To get there head to the back of the Ruins of Lordaeron to the south of town and take the elevator down.  Once you get there ask an Undercity Guardian for more specific directions.",,,unreviewed,
His,20,0,14,6,"Leave it to the dwarves to send a mining specialist from Ironforge to tell us how to mine.  How hard is it to take a pick and chip away at some rock?  Well, since he's here, he's probably the one you should see anyhow.  His name is Gelman and he resides over in the Dwarven District.",,,unreviewed,
Hold,20,0,17,3,"Indeed, Silverwing Hold is in need of your assistance. Speak with Elfarran in the audience chamber at Stormwind Keep.",,,unreviewed,
League,20,1,15,4,League of Arathor Emissary,,,unreviewed,
Leatherworking,20,0,14,6,Inside the great tent at the northwest corner of the village is where Chaw Stronghide resides.  He will teach you what you must know of Leatherworking for now.,,,unreviewed,
Most,20,0,3,17,"Being part of the Explorers' League, I've been hunting for artifacts in the area. Winterspring is said to contain very magical items... Most are highly guarded.",,,unreviewed,
Ring,20,0,3,17,"I've been expec...  <Rimblat coughs.>  Excuse me, old habit. I am Rimblat of the Earthen Ring. ",,,unreviewed,
Sea,20,1,3,16,"""Sea Wolf"" MacKinley",,,unreviewed,
Seikwa,20,0,20,0,Seikwa can take care of your animal friends when you have the need.  Seek her out in front of the inn.,,,unreviewed,
Shattered,20,0,10,10,"The Shattered Hand will see the Horde to their former glory, unhindered by the timidness of the Warchief.",,,unreviewed,
Water,20,0,0,20,In the land to the south where vines twist and creep Lies a hidden well where water runs deep Pure as the Light's sacred Daughter Bring to me now some Holy Spring Water.,,,unreviewed,
Wisdom,20,0,8,12,Your search is almost completed.  Seek your truth in the entrance room of Thrall's Fortress in the Valley of Wisdom.,,,unreviewed,
Word,20,0,14,6,"Hey, that reminds me, I need to have my rocket boots repaired.  Word to the wise my friend, rocket boots and gryphons don't mix.  Oh, but you need directions...  just head on over to the Dwarven District, you'll find Lilliam Sparkspindle towards the back.",,,unreviewed,
Yonn,20,0,20,0,"Ah yes, Skinning.  There is no one finer in wielding a skinning knife than Yonn Deepcut.  You can find him in the great tent at the northwest corner of the village.",,,unreviewed,
Another,19,0,9,10,"Another entrepreneur, eh? Well, the Auction House can be found in the Trade District.  Not far from the bank.",,,unreviewed,
Armaments,19,0,0,19,Imperial Qiraji Armaments,,,unreviewed,
Armor,19,0,1,18,"Faith... Some have lost it, others have found it. It cannot be destroyed and it cannot be created.  Or perhaps you speak of the vestments of Faith? Armor worn by our priests and most devout warriors into battle against the Scourge during the last war.  Aye, much of it is lost... Stolen by the fiends of Naxxramas.",,,unreviewed,
Aye,19,0,17,2,"Don't let those big, innocent eyes fool ye. Tally's an expert, all right: I learn something new every day. Why d'you think I'm here in Tinker Town? Do I look like an engineer to you? Aye, I didn't think so.",,,unreviewed,
Barov,19,2,5,12,Alexi Barov,,,unreviewed,
Best,19,0,17,2,"Best deals in all of Stormwind my friend, won't find any better. Now, what can I help you with?",,,unreviewed,
Bonescythe,19,0,1,18,"Good question,  . In my younger days I was footloose and fancy free without a care in the world. In those days I would sing in a barber shop quartet out of Stormwind known as the Four Dons. That's where I learned how to craft the Bonescythe digs.",,,unreviewed,
Boots,19,0,0,19,Wild Leather Boots,,,unreviewed,
Dreadnaught,19,0,1,18,"The first suit of Dreadnaught armor was made exclusively for the Scarlet Highlord Mograine.  Whilst donning the full suit, the Highlord looked himself to be a demon from the depths of the Nether.  Aye, 'twas quite a sight to behold as Mograine would wade into a hundred Scourge, Ashbringer held high, and come out on the other side in a cloud of dust and flames - enemies left in ashes beneath his feet.",,,unreviewed,
Favor,19,0,0,19,A Favor for Evershine,,,unreviewed,
Fire,19,0,3,16,Our fate is the doom of all who face the Great Fire.,,,unreviewed,
Hail,19,0,19,0,"Hail, traveler! What brings you to my doorstep?",,,unreviewed,
Hide,19,0,8,11,"You're into leather, eh?  Sounds like you should talk to Simon Tanner over in Old Town.  He runs a shop there called the Protective Hide.",,,unreviewed,
Ironband,19,2,8,9,Prospector Ironband,,,unreviewed,
Orb,19,0,0,19,The Orb of Soran'ruk,,,unreviewed,
Rest,19,0,16,3,"Oooh, an Inn is it?  Well, ye just can't beat the Thunderbrew Distillery.  Rest if ye must, but be sure to have an ale or two while ye're there.",,,unreviewed,
Stranglethorn,19,0,11,8,"This here is the finest, most state of the art mode of transportation money can build. What? Deeprun Tram? Gnomes? Listen pal, If you believe that garbage then I've got a statue down in Stranglethorn to sell ya. Now, are you walking to Grom'Gol or are you gonna ride in style in this fine flying machine? Your choice.",,,unreviewed,
Swiftstrider,19,2,0,17,Jangdor Swiftstrider,,,unreviewed,
Tablet,19,0,0,19,"Now, observe the Tablet of Verga, for it contains the glyphs you will need for of summoning and I will demonstrate how you may bind the creature to your will.",,,unreviewed,
Task,19,0,0,19,A Grim Task,,,unreviewed,
Twilight,19,0,6,13,"I once followed the ways of the Twilight's Hammer. Obsessed with reviving the Old Gods, I journeyed deep into this lair to try to draw power from the cursed beast, Aku'mai!  After witnessing the sacrifice of countless innocents, I came to my senses.  I was trapped but now I am free! But so far from my homeland of Khaz Modan!  Brave adventurer, I offer you passage to a very special land in return for slaying Aku'mai. If you wish, I can port you to the city of Darnassus.",,,unreviewed,
Want,19,0,19,0,"Want to learn leatherworking, eh? Simon Tanner would be able to teach you. He can be found in Old Town at the Protective Hide.",,,unreviewed,
After,18,0,10,8,"<Volcor doesn't look at you at all as you get close to him. He seems to be concentrating on keeping his bandages from falling off. After a moment, he looks up at you, a little startled.>  Oh, sorry,  . Now's not a good time. I hope you understand.",,,unreviewed,
Archmage,18,7,1,10,Archmage Ansirem Runeweaver,,,unreviewed,
Bass,18,0,18,0,"Your skill exceeds mine, though  I've heard that Old Man Heming in Booty Bay has copies of 'The Bass and You'.  That is sure to help you increase your skill.",,,unreviewed,
Blade,18,1,3,14,Catelyn the Blade,,,unreviewed,
Care,18,0,4,14,"Greetings, traveler! Care to delve into the mysteries of the arcane? Hm?",,,unreviewed,
Cordell,18,2,16,0,Lucan Cordell,,,unreviewed,
Cryptstalker,18,0,0,18,Cryptstalker Tunic,,,unreviewed,
Deepforge,18,6,10,2,Tormus Deepforge,,,unreviewed,
Egg,18,0,2,16,"Hi there! I have a proposition for an adventure-seeker such as you, if you are up to the challenge!  Along with my invention, the Super Egg-O-Matic, I am hard at work aiding the druids with their campaign to save the hippogryphs. The birds are being affected by the evil effects of the Gordunni ogres inhabiting the ruins of Feralas, and their numbers are dwindling.  I collect many different types of eggs.  Will you help and find some for me?",,,unreviewed,
Even,18,0,15,3,"The arcane only corrupts those who are weak. Even if you do not follow the path of the warlock, you would do well to remember that.",,,unreviewed,
Heming,18,0,18,0,"Your skill exceeds mine, though  I've heard that Old Man Heming in Booty Bay has copies of 'The Bass and You'.  That is sure to help you increase your skill.",,,unreviewed,
Hope,18,0,6,12,Elder Snowcrown can be found in Light's Hope Chapel in the Eastern Plaguelands.,,,unreviewed,
Jangdor,18,1,0,17,Jangdor Swiftstrider,,,unreviewed,
Leggings,18,0,0,18,Wild Leather Leggings,,,unreviewed,
Life,18,0,2,16,Life is like a carefully woven tapestry.,,,unreviewed,
Lucan,18,1,17,0,Lucan Cordell,,,unreviewed,
Lunar,18,5,5,8,Lunar Festival Harbinger,,,unreviewed,
McGrubben,18,1,0,17,Pratt McGrubben,,,unreviewed,
Night,18,1,7,10,Osborne the Night Man,,,unreviewed,
Nope,18,0,17,1,"Nope, nobody who can teach ye herbalism out here.  I think ye'll have better luck in Ironforge though.",,,unreviewed,
Pratt,18,1,0,17,Pratt McGrubben,,,unreviewed,
Pride,18,0,17,1,The Lion's Pride Inn in Goldshire is as good as any inn you will find around these parts.  Drop in and let Innkeeper Farley make you feel at home.,,,unreviewed,
Red,18,0,5,13,Maybe Saru Steelfury will teach you to make an axe as good as mine some day.  Find him at The Burning Anvil in the Valley of Honor down the path to the right past Red Canyon Mining.,,,unreviewed,
Rock,18,0,8,10,"There is one whose knowledge exceeds my own. You are ready to seek her out. Go to Sun Rock Retreat in Stonetalon Mountains. Find Hgarth, and continue your training.",,,unreviewed,
Silverwing,18,1,12,5,Silverwing Emissary,,,unreviewed,
Solomon,18,1,0,17,Magistrate Solomon,,,unreviewed,
Watch,18,0,12,6,Look for Sayoc and Hanashi at the Valley of Honor inside Arms of Legend.  Watch your tongue around them or Sayoc may decide to give a piece of you as a snack to Grinning Dog.,,,unreviewed,
Corporal,17,8,0,9,Corporal Kaleb,,,unreviewed,
Deathstalkers,17,0,6,11,"With the sanction of Lord Varimathras, the Deathstalkers' numbers grow. More blades to strike at our enemies when they least expect it.",,,unreviewed,
Defias,17,1,1,15,The Defias Traitor,,,unreviewed,
Deliana,17,1,0,16,Deliana,,,unreviewed,
Earthshatter,17,1,0,16,Rimblat Earthshatter,,,unreviewed,
Expert,17,2,11,4,Stormpike Explosives Expert,,,unreviewed,
Flame,17,0,1,16,Elder Dawnstrider can be found at Flame Crest on the Burning Steppes.,,,unreviewed,
Get,17,0,6,11,"Get away from here,  , or they'll put you in chains as well.",,,unreviewed,
Maybe,17,0,16,1,I've heard that there's a dwarf in Stormwind who has achieved some fame for his hunting skill.  Maybe you should go see if he could help you.,,,unreviewed,
Mokvar,17,1,0,16,Mokvar,,,unreviewed,
Ragetotem,17,6,8,3,Torm Ragetotem,,,unreviewed,
Sentinels,17,0,13,4,"The Silverwing Sentinels can use all the help they can get in their fight against the Warsong Outriders.  , go to Stormwind Keep and speak with Elfarran if you wish to assist them.",,,unreviewed,
Since,17,0,16,1,"Since the fall of Dalaran and the destruction of Quel'Thalas, wares of this sort have been hard to come by. But Lucan Cordell and some of our other Tradesman have been doing a fine job of filling our orders with quality merchandise.",,,unreviewed,
Thorium,17,0,5,12,The Thorium Brotherhood does not waste time on ants. Be gone!,,,unreviewed,
Unfortunately,17,0,17,0,"Unfortunately we do not have one who teaches Tailoring here in Bloodhoof Village, but you can find a trainer in Thunder Bluff.  Follow the path north out of the village until you come to a set of elevators.  Take one up to the top of the rise and ask one of the Bluffwatchers there for directions.",,,unreviewed,
Any,16,0,16,0,Any friend of the animals is a friend of mine.  The Hunter's Hall is what you seek.  It sits atop the Hunter Rise.,,,unreviewed,
Arcanum,16,0,1,15,Have you? Then you know how weak and pathetic the high elf version of troll magic was?  The high elves could not understand why a people with their magical affinity could not contend with the powers of troll voodoo. This was an inconceivable notion for the pale skins to understand. They were resigned to using the bastardized version of troll enchantments. I believe they called them 'Arcanum.',,,unreviewed,
Bearwalker,16,1,0,15,Mathrengyl Bearwalker,,,unreviewed,
Bronzebeard,16,3,5,8,King Magni Bronzebeard,,,unreviewed,
Cave,16,0,12,4,I last saw Elder Meadowrun at the Weeping Cave in the Western Plaguelands.,,,unreviewed,
Cleansing,16,0,0,16,Cleansing the Eye,,,unreviewed,
Council,16,0,7,9,"Naive fool. The Burning Blade IS the Shadow Council! There are many cults and organizations under the Council's rule, but all of them are just extensions of their will. I may lead the Burning Blade, but I am still just as much a pawn to the Council as you are to me!  Look at the Searing Blade--most of them think they are becoming the next rising group of powerful warlocks that they will replace the Shadow Council.",,,unreviewed,
Dalaran,16,0,12,4,"Since the fall of Dalaran and the destruction of Quel'Thalas, wares of this sort have been hard to come by. But Lucan Cordell and some of our other Tradesman have been doing a fine job of filling our orders with quality merchandise.",,,unreviewed,
Darkshore,16,0,8,8," , I've come to find out how rampant the effects of Fel Moss are throughout Darkshore. The corruption of Teldrassil and our surrounding lands really concerns the druids of the Cenarian Circle, and all Night elves.  It is my goal to find out why this has happened and to put an end to it.",,,unreviewed,
Darkspear,16,1,10,5,Darkspear Commendation Officer,,,unreviewed,
Darrowshire,16,1,4,11,Darrowshire Spirit,,,unreviewed,
Dreamwalker,16,0,0,16,Dreamwalker Tunic,,,unreviewed,
Family,16,0,0,16,Deaths in the Family,,,unreviewed,
Fleet,16,1,0,15,Fleet Master Seahorn,,,unreviewed,
Frostfire,16,0,0,16,Frostfire Robe,,,unreviewed,
Goldshire,16,0,13,3,The Lion's Pride Inn in Goldshire is as good as any inn you will find around these parts.  Drop in and let Innkeeper Farley make you feel at home.,,,unreviewed,
Hunt,16,0,2,14,"This bear wanders a path close to where the Talondeep Path lies, due west of Mystral Lake and the Alliance outpost of Silverwind Refuge.  While he is the easiest of the three creatures you will face on the Ashenvale Hunt, he should not be trifled with.  His presence is a constant threat to travelers who sojourn between Ashenvale and the Stonetalon Mountains.",,,unreviewed,
Mantle,16,0,0,16,Chromatic Mantle of the Dawn,,,unreviewed,
Mathrengyl,16,1,0,15,Mathrengyl Bearwalker,,,unreviewed,
Message,16,0,0,16,Message in a Bottle,,,unreviewed,
Mysteries,16,0,14,2,"Well ye'd be sure to find some training in the magical arts over in the Hall of Mysteries, north of the gates of Ironforge.  Juli Stormkettle can always be found there with her nose in a book.",,,unreviewed,
Note,16,0,0,16,Note to William,,,unreviewed,
Path,16,0,1,15,"This bear wanders a path close to where the Talondeep Path lies, due west of Mystral Lake and the Alliance outpost of Silverwind Refuge.  While he is the easiest of the three creatures you will face on the Ashenvale Hunt, he should not be trifled with.  His presence is a constant threat to travelers who sojourn between Ashenvale and the Stonetalon Mountains.",,,unreviewed,
Plagueheart,16,0,0,16,Plagueheart Robe,,,unreviewed,
Raptor,16,0,2,14,"I can teach you the finer points of Raptor Riding, provided you have enough gold to cover the lesson!",,,unreviewed,
Revenge,16,0,0,16,Sven's Revenge,,,unreviewed,
Rune,16,0,0,16,Rune-Inscribed Note,,,unreviewed,
Skinning,16,0,15,1,"Ah yes, Skinning.  There is no one finer in wielding a skinning knife than Yonn Deepcut.  You can find him in the great tent at the northwest corner of the village.",,,unreviewed,
Tinker,16,1,15,0,High Tinker Mekkatorque,,,unreviewed,
Winterhoof,16,3,7,6,Bena Winterhoof,,,unreviewed,
Would,16,0,9,7,Would you rather trust your goods with a goblin?,,,unreviewed,
Cloak,15,0,0,15,Bartolo's Yeti Fur Cloak,,,unreviewed,
Distillery,15,0,15,0,"Oooh, an Inn is it?  Well, ye just can't beat the Thunderbrew Distillery.  Rest if ye must, but be sure to have an ale or two while ye're there.",,,unreviewed,
Dream,15,1,6,8,Merithra of the Dream,,,unreviewed,
Encrypted,15,0,0,15,Encrypted Scroll,,,unreviewed,
Gathering,15,0,0,15,Gathering Idols,,,unreviewed,
He'll,15,0,12,3,"You're working your way up... higher than me, at this point! You should talk to Springspindle Fizzlegear in Ironforge! (He'll? She'll?) show you more than I ever could!",,,unreviewed,
It'll,15,0,15,0,"Want to make your demons more powerful?  It'll cost you, but you've come to the right place.",,,unreviewed,
Legguards,15,0,0,15,Velora Nitely and the Brutal Legguards,,,unreviewed,
Oracle,15,0,2,13,Alanna spends most of her day at the Oracle Glade where she practices her profession.  Should you wish to learn the Enchanter's profession you will need to go there to find her.,,,unreviewed,
Prospector,15,7,0,8,Prospector Ironband,,,unreviewed,
Qiraji,15,0,10,5,"Greetings, traveler. It was here, nearly 1,000 years past, that the Qiraji began their march of destruction across Kalimdor.  Thousands of lives were lost during the war, most in this cursed desert during the initial invasion.  I am one of only a few that remain, chained to both the past and the present. I know not why I am to remain stationed here but I know that I must.",,,unreviewed,
Rogue,15,0,13,2,The Rogue Trainer's name is Marion Call.  You can find her upstairs in the reading room at the Gallows' End Tavern at the town's southeast edge.,,,unreviewed,
Royal,15,3,3,9,Royal Historian Archesonus,,,unreviewed,
Skyseer,15,4,4,7,Mahren Skyseer,,,unreviewed,
Stone,15,1,2,12,Heinrich Stone,,,unreviewed,
Stonetalon,15,0,5,10,"There is one whose knowledge exceeds my own. You are ready to seek her out. Go to Sun Rock Retreat in Stonetalon Mountains. Find Hgarth, and continue your training.",,,unreviewed,
Target,15,0,0,15,Target: Felstone Field,,,unreviewed,
Tradesman,15,0,15,0,"Since the fall of Dalaran and the destruction of Quel'Thalas, wares of this sort have been hard to come by. But Lucan Cordell and some of our other Tradesman have been doing a fine job of filling our orders with quality merchandise.",,,unreviewed,
Actually,14,0,13,1,"Actually I prefer traditional medicines... leeches, maggots, bonesaws... that sort of thing.  Well to each their own.  You can find the our local Herbalism Trainer, Faruza, standing out front near the stables in Brill.",,,unreviewed,
Arbington,14,1,1,12,Alchemist Arbington,,,unreviewed,
Auberdine,14,0,6,8,A Rut'theran Ferry leaves for Auberdine from Rut'theran Village at the base of Teldrassil.  The portal in Darnassus will allow you to reach Rut'theran safely.,,,unreviewed,
Bat,14,0,12,2,"There's a Bat Handler inside the Undercity.  Head south down the road out of Brill, then west at the T-intersection.  The Ruins of Lordaeron will be on your left.  Go into them and then down into the Undercity.  You can ask an Undercity Guardian there for further assistance.",,,unreviewed,
Because,14,0,11,3,"What can you do at an inn?  Well when you stay at an inn, you rest very comfortably.  Because of this, you will become 'well rested' much more quickly than you would in the wilderness.  When you are well rested, you learn more from experience.  You may also speak with any innkeeper to get a hearthstone, and can later use the hearthstone in order to quickly return to that inn.",,,unreviewed,
Belt,14,0,0,14,Paragons of Power: The Predator's Belt,,,unreviewed,
Bodley,14,1,0,13,Bodley,,,unreviewed,
Butcher,14,0,12,2,"Butcher you say?  Oh, First Aid Trainer!  Same thing.  When you see Nurse Neela standing just inside the Gallows' End Tavern on the southeast side of town you'll know why.",,,unreviewed,
Can't,14,0,13,1,"Can't help ya,  . I only train rogues.",,,unreviewed,
Copperpinch,14,6,0,8,Kaymard Copperpinch,,,unreviewed,
Death,14,0,1,13,"Before the plague came, I knew nothing about leather. Now I know enough to teach others. Death's left me with a lot of time on my hands.",,,unreviewed,
Deathstalker,14,7,0,7,Deathstalker Erland,,,unreviewed,
Deep,14,0,2,12,"Hey mon! You've ever been diving deep in the ocean? I'll let you in on a little secret, eh. Deep in the ocean you can find bubbly fissures; they'll allow you to breathe air while underwater.  Let's keep this secret between you and me though, eh. I don't need no competition for me shellfish traps elsewhere... if you get my drift!",,,unreviewed,
Dirge,14,1,11,2,Dirge Quikcleave,,,unreviewed,
Dithers,14,1,1,12,Apothecary Dithers,,,unreviewed,
Duthorian,14,1,0,13,Duthorian Rall,,,unreviewed,
Fancy,14,0,14,0,Fancy yourself a chef?  Head to the Undercity south of town for your training.  You can catch the elevators heading down at the back of the Ruins of Lordaeron.  Talk to one of those lumbering Undercity Guardians for further assistance once you arrive.,,,unreviewed,
Fresh,14,0,11,3,"Fresh cherry pie for sale, looks so good it will bring a tear to your eye.",,,unreviewed,
Heroes,14,0,8,6,"Ahhh, Stormwind Visitor's Center is what you are looking for then. It's the first building on the left as you walk through the front gates from the Valley of Heroes.",,,unreviewed,
Hey,14,0,13,1,"Hey, that reminds me, I need to have my rocket boots repaired.  Word to the wise my friend, rocket boots and gryphons don't mix.  Oh, but you need directions...  just head on over to the Dwarven District, you'll find Lilliam Sparkspindle towards the back.",,,unreviewed,
Historian,14,2,0,12,Historian Karnik,,,unreviewed,
Journey,14,0,1,13,"You have advanced beyond my skill to teach you. Journey now to Aerie Peak in the Hinterlands and speak with the dwarf Drakk Stonehand. His work is magnificent, far better than my own.",,,unreviewed,
Justice,14,0,0,14,Wastewander Justice,,,unreviewed,
Magic,14,0,4,10,"Ah, you're looking for Lucan Cordell.  He runs a shop on the outside of the Magic Quarter on your way to the Stockade.  ",,,unreviewed,
Missing,14,0,0,14,Missing In Action,,,unreviewed,
Mulgore,14,0,14,0,Don't blame you for taking up fishing.  Mulgore has some the best fishing spots in Southern Kalimdor and Mountaintop Bait & Tackle on the high rise has all of the gear you'll need to take advantage of it.Tell Kah Mistrunner that I sent ya!,,,unreviewed,
Necklace,14,0,0,14,Lost Necklace,,,unreviewed,
Ravenholdt,14,3,10,1,Ravenholdt Guard,,,unreviewed,
Reading,14,0,12,2,"Ah, you seek Dark Cleric Beryl.  He's upstairs in the reading room at the Gallows' End Tavern.  Reading, praying, who knows what he's up to, and who would dare to ask?",,,unreviewed,
Scroll,14,0,0,14,A Scroll from Mauren,,,unreviewed,
Source,14,0,0,14,Another Power Source?,,,unreviewed,
Test,14,0,0,14,"When I was but a young girl, my father trained me in the art of camp. Test your tracking skills and see if you can hunt some of the beasts down.",,,unreviewed,
Tome,14,0,0,14,The Tome of Divinity,,,unreviewed,
Tunic,14,0,0,14,Paragons of Power: The Haruspex's Tunic,,,unreviewed,
Un'Goro,14,0,10,4,Un'Goro Crater be far to the south of Kalimdor. Beyond the Thousand Needles in Tanaris. Look for the large floating stones... they mark the entrance to the Crater. But be careful... it is no easy path. The raptors are not far from the entrance.,,,unreviewed,
Will,14,0,7,7,"Arathi Basin was once our home, and will be again with your aid!  Will you help us  ?",,,unreviewed,
Zul'Gurub,14,0,7,7,"To catch Gahz'ranka, you'll need a special Mudskunk lure.  I make 'em myself!  But you need more than just the lure; you need some mudskunks too... you need to place them in the lure to give it a rank old smell!  When you have the mudskunks, throw the lure off Pagle's Point in Zul'Gurub... and then grab a drink and wait... but not too long, because Gahz'ranka is sure to come a'stomping!",,,unreviewed,
Although,13,0,10,3,What? I don't know of any warlock trainers in Stormwind. Although... There have been some sightings of demonic activity over by The Slaughtered Lamb in the Mage Quarter. I suppose you could check there.,,,unreviewed,
Arugal,13,0,2,11,At last! Someone to free me from this cell!  High Executor Hadrec sent us to gather information on the Keep so that a plan could be formulated to overthrow Arugal once and for all.  But the old wizard has many tricks up his sleeve and we were detected by a magical ward. I was thrown in this prison. Vincent was not so lucky.  I must return to Hadrec to debrief him at once. But first I will pick the lock to the courtyard door for you. Perhaps you can try your luck against the foes that lurk beyond.,,,unreviewed,
Begone,13,0,13,0,You're no warlock and I've no time for you.  Begone!,,,unreviewed,
Belgrom,13,1,1,11,Belgrom Rockmaul,,,unreviewed,
Breastplate,13,0,0,13,Conqueror's Breastplate,,,unreviewed,
Brutal,13,0,0,13,Brutal Politics,,,unreviewed,
Center,13,0,13,0,"Ahhh, Stormwind Visitor's Center is what you are looking for then. It's the first building on the left as you walk through the front gates from the Valley of Heroes.",,,unreviewed,
Did,13,0,8,5,"Did my sweet lass Kali send you down to me? The apple of my eye, she is.",,,unreviewed,
Elwynn,13,0,12,1,Adele Fielder has made a name for herself as a leatherworker around Elwynn.  You can find her working out of her home up by Crystal Lake.,,,unreviewed,
Emerald,13,0,8,5,"Welcome, my   brother : sister;.  If you are here to train, then I would be delighted to train you.  There will be a time soon where the call of the Emerald Dream will take hold in you.  You will hibernate for many years and walk amongst the purest of forms.  It is there and then that your ultimate training will take place.",,,unreviewed,
Emissary,13,10,0,3,Cenarion Emissary Jademoon,,,unreviewed,
Fandral,13,1,5,7,Arch Druid Fandral Staghelm,,,unreviewed,
Fate,13,0,0,13,Agmond's Fate,,,unreviewed,
Feast,13,0,10,3,Have a wondrous Feast of Winter Veil!  Start it off right with treats from Smokywood Pastures!,,,unreviewed,
Friend,13,0,1,12,"Friend - Stormwind needs your assistance and your generosity!  Our once large stockpile of textiles has run critically low.  Stormwind is now engaged in a multi-pronged effort to rebuild those stocks for the manufacture of textiles and bandages!  Your donation of cloth would help Stormwind immensely, as well as earn the respect of the citizenry!",,,unreviewed,
Gauntlets,13,0,0,13,Ula'elek and the Brutal Gauntlets,,,unreviewed,
Gnome,13,3,1,9,Gnome Pit Boss,,,unreviewed,
Gretchen,13,1,12,0,Gretchen Dedmar,,,unreviewed,
Hakkar,13,0,6,7,"Through my studies, I see that defeating the god Hakkar's avatar has weakened him.  But the bulk of his strength remains, lurking at the far end of the Nether.  You have defeated his avatar once,  .  Perhaps if you defeat it again you can further weaken the god so that, one day, we might face his true self.  I have prepared a spell that you may use to again summon an avatar of Hakkar within the Sanctum of the Fallen God.  Do you want to confront it once again?",,,unreviewed,
Hammer,13,1,6,6,Hank the Hammer,,,unreviewed,
Heart,13,0,0,13,"The Star, the Hand and the Heart",,,unreviewed,
Heh,13,0,13,0,"I guess your first exercise is going to be to mine your way down to the Undercity.  Heh, get it?  Mine... nevermind.  To get to the Undercity go to the rear of the Ruins of Lordaeron south of Brill, and take the elevator down.  Ask one of the Undercity Guardians there for further assistance.",,,unreviewed,
Her,13,0,7,6,"Since my husband left for the front, Helene here has been my strength. Her kind heart and sharp sword have helped me through a lot of tough times. I don't know what I would've done without her.",,,unreviewed,
Kill,13,0,0,13,"You are learning,  . Let us test your skills with the mature cats now. Kill test your skills with the mature cats now. Kill 10 Stranglethorn Tigers this time out.",,,unreviewed,
Knowledge,13,0,0,13,Preserving Knowledge,,,unreviewed,
Lands,13,0,7,6,"It's hard to imagine that so much death and despair could be confined to such a small area; yet beyond the swamp is a land plagued by chaos and destruction.  Watch your step, adventurer. The Blasted Lands are the final resting place to far greater beings than you.",,,unreviewed,
Maxwell,13,2,0,11,Marshal Maxwell,,,unreviewed,
Nature,13,0,11,2,Nature provides all that we need.  Speak to Komin Winterhoof at Holistic Herbalism on the middle rise.,,,unreviewed,
Needles,13,0,11,2,Un'Goro Crater be far to the south of Kalimdor. Beyond the Thousand Needles in Tanaris. Look for the large floating stones... they mark the entrance to the Crater. But be careful... it is no easy path. The raptors are not far from the entrance.,,,unreviewed,
News,13,0,1,12,"Greetings,  , and welcome to Camp Narache. News of your arrival spread quickly among the tribe.",,,unreviewed,
Package,13,0,0,13,Package for Thurman,,,unreviewed,
Princess,13,2,3,8,Princess Poobah,,,unreviewed,
Ratchet,13,0,9,4,"I know, I know, I'm out here in the middle of nowhere!  My home is actually in Ratchet, but after crashing my zeppelin here, I thought I might as well start the research I came here to do!",,,unreviewed,
Runecloth,13,0,0,13,The Alliance Needs Runecloth Bandages!,,,unreviewed,
Seer,13,5,0,8,Far Seer Mok'thardin,,,unreviewed,
Should,13,0,12,1,Alanna spends most of her day at the Oracle Glade where she practices her profession.  Should you wish to learn the Enchanter's profession you will need to go there to find her.,,,unreviewed,
Starsong,13,3,5,5,Valadar Starsong,,,unreviewed,
Thousand,13,0,11,2,Un'Goro Crater be far to the south of Kalimdor. Beyond the Thousand Needles in Tanaris. Look for the large floating stones... they mark the entrance to the Crater. But be careful... it is no easy path. The raptors are not far from the entrance.,,,unreviewed,
Training,13,0,9,4,"What can this insignificant servant do for you,  ? Training perhaps?",,,unreviewed,
Troll,13,0,1,12,Ye bothered me for that? Ye'd be better off strapping a dead rabbit to yer back and running through a Troll's den than wearing that piece of garbage.,,,unreviewed,
Victor,13,3,8,2,Doctor Gregory Victor,,,unreviewed,
Wanted,13,0,0,13,Wanted: Gath'Ilzogg,,,unreviewed,
Watcher,13,8,1,4,Watcher Callahan,,,unreviewed,
Wolf,13,2,1,10,"""Sea Wolf"" MacKinley",,,unreviewed,
Abominations,12,0,12,0,"What could you possibly need a bank for?  Very well, you'll need to go through the Ruins of Lordaeron to the south of Brill.  In the back are a set of elevators leading down into the Undercity.  When you get there stop any of those lumbering Abominations they like to call an Undercity Guardian and ask it for better directions.",,,unreviewed,
Bah,12,0,10,2,"Bah, rogues have done nothing but make our job here in Stormwind harder. I wish I could drag both Osborne and Mathias both out of Old Town and right to the Stockade.",,,unreviewed,
Beast,12,0,0,12,The Head of the Beast,,,unreviewed,
Cavern,12,0,12,0,"All the roguish types hang out in The Forlorn Cavern, north of the gates of Ironforge.  I'd wager ye'll find Fenthwick there, no doubt counting the coin of another cut purse.  I'll catch him one of these days!  In the meantime I'll have my eye on you as well,  lad : lass;.",,,unreviewed,
Cookbook,12,0,11,1,Seek out Shandrina in Silverwind Refuge.  She can sell you the 'Expert Cookbook'.,,,unreviewed,
Defense,12,0,0,12,In Defense of the King's Lands,,,unreviewed,
Deliver,12,0,0,12,Deliver Thomas' Report,,,unreviewed,
Engineer,12,5,3,4,Chief Engineer Hinderweir VII,,,unreviewed,
Eternal,12,1,3,8,Ralo'shan the Eternal Watcher,,,unreviewed,
Fine,12,0,6,6,"I don't suppose you're here to talk about my lovely Kali. Fine, then. Potions it is. Anyone ever tell ye you've got a one-track mind?",,,unreviewed,
Finespindle,12,3,9,0,Marta Finespindle,,,unreviewed,
Forlorn,12,0,12,0,"All the roguish types hang out in The Forlorn Cavern, north of the gates of Ironforge.  I'd wager ye'll find Fenthwick there, no doubt counting the coin of another cut purse.  I'll catch him one of these days!  In the meantime I'll have my eye on you as well,  lad : lass;.",,,unreviewed,
Fragments,12,0,0,12,The Lost Fragments,,,unreviewed,
Grim,12,2,4,6,Longbraid the Grim,,,unreviewed,
Handler,12,0,12,0,"There's a Bat Handler inside the Undercity.  Head south down the road out of Brill, then west at the T-intersection.  The Ruins of Lordaeron will be on your left.  Go into them and then down into the Undercity.  You can ask an Undercity Guardian there for further assistance.",,,unreviewed,
Highlord,12,3,5,4,Highlord Bolvar Fordragon,,,unreviewed,
House,12,0,11,1,"Another entrepreneur, eh? Well, the Auction House can be found in the Trade District.  Not far from the bank.",,,unreviewed,
Imperial,12,0,0,12,Imperial Qiraji Armaments,,,unreviewed,
Isle,12,0,2,10,There's only one person I know of who is more learned in the art of tailoring than myself. Last I heard he could be found in Theramore Isle. He is the person you should seek.,,,unreviewed,
Jaedenar,12,0,8,4,"You've already done me a great service,  . For that I thank you.  The least I can do now is tell you what brought me here: My long time friend Trey Lightforge and I came to Jaedenar to investigate the Shadow Council when they caught us unprepared. They took Trey deeper into Shadow Hold and put me in here after taking all of our equipment... I can still hear his screams from below,  . They were... inhuman. I don't know what they've done to him, but they will pay for it. ",,,unreviewed,
Kharanos,12,0,11,1,"If ye ask me, I think Grif spends a little too much time with the animals.  Still, nobody else knows the hunter's path quite like he does.  Look for him outside the smithy in Kharanos.",,,unreviewed,
Lich,12,0,3,9,"Now, answer me this,  : Which creature became the Lich King before spreading the plague across Lordaeron?",,,unreviewed,
Lotwil,12,1,0,11,Lotwil Veriatus,,,unreviewed,
Make,12,0,6,6,"How I yearn to join you in glorious battle, but instead I am stuck here on duty. Go to the Hall of the Brave in Orgrimmar's Valley of Honor and speak to Kartra Bloodsnarl. She will help you get to Alterac Valley. Make us proud  !",,,unreviewed,
Menace,12,0,0,12,Blackrock Menace,,,unreviewed,
Nara,12,2,0,10,Nara Wildmane,,,unreviewed,
Odd,12,0,12,0,"Do I look to you like I cast spells?  Well, I did hear that Cain Firesong was hanging out on the upstairs landing of the Gallows' End Tavern at the southeast end of town.  Odd how he just stands there outside of Gretchen's room like that.",,,unreviewed,
Pauldrons,12,0,0,12,On Iron Pauldrons,,,unreviewed,
Pilot,12,5,0,7,Pilot Stonegear,,,unreviewed,
Quikcleave,12,1,11,0,Dirge Quikcleave,,,unreviewed,
Rall,12,1,0,11,Duthorian Rall,,,unreviewed,
Restless,12,1,0,11,Zanza the Restless,,,unreviewed,
Rifles,12,0,12,0,"Rifles, dynamite, bombs, exploding sheep... what's not to love?  To learn how to make these and many other exciting tools of the trade head to the Undercity, under the Ruins of Lordaeron to the south of Brill.  Take the elevators down at the back of the ruins.  Once you arrive speak to one of the Undercity Guardians about where the trainer is exactly.",,,unreviewed,
Rut'theran,12,0,12,0,A Rut'theran Ferry leaves for Auberdine from Rut'theran Village at the base of Teldrassil.  The portal in Darnassus will allow you to reach Rut'theran safely.,,,unreviewed,
Same,12,0,12,0,"Butcher you say?  Oh, First Aid Trainer!  Same thing.  When you see Nurse Neela standing just inside the Gallows' End Tavern on the southeast side of town you'll know why.",,,unreviewed,
Scout,12,6,1,5,Scout Galiaan,,,unreviewed,
Season,12,0,10,2,Season's savings to you and yours!,,,unreviewed,
Shipment,12,0,0,12,Shipment to Stormwind,,,unreviewed,
Silver,12,0,6,6,"Ya may not follow the ways of the Light like a Knight of the Silver Hand, but ya can always ask us for aid.",,,unreviewed,
Somewhere,12,0,12,0,"Somewhere to fly to?  You'll need to go to the Undercity for that!  Go south on the road out of town, then southwest to the Ruins of Lordaeron.  You can catch the elevator down to the Undercity from the back of the ruins and once there ask an Undercity Guardian for more specific directions.",,,unreviewed,
Southshore,12,0,2,10,"You there!  You look able bodied... we need your aid in defending Southshore!  The blasted Forsaken are all riled up because it's Hallow's End.  Their 'celebration' will no doubt be leading them right to our doorstep.  If you've got the time, we really could use your help!",,,unreviewed,
Spaulders,12,0,0,12,Conqueror's Spaulders,,,unreviewed,
Spire,12,0,9,3,"Rend, son of Blackhand: Impotent chieftain of the Blackrock clan. A more stubborn bastard does not exist.  At the end of the second War, Rend and his brother, Maim, fled to find sanctuary within the mountainous stronghold of Blackrock Spire. It was there that Rend declared himself Warchief of the weakened Blackrock clan.",,,unreviewed,
Square,12,0,12,0,I would suggest looking in the Cathedral of Light in Cathedral Square.,,,unreviewed,
Stolen,12,0,1,11,"Faith... Some have lost it, others have found it. It cannot be destroyed and it cannot be created.  Or perhaps you speak of the vestments of Faith? Armor worn by our priests and most devout warriors into battle against the Scourge during the last war.  Aye, much of it is lost... Stolen by the fiends of Naxxramas.",,,unreviewed,
Stoneshield,12,2,10,0,Brogun Stoneshield,,,unreviewed,
Strange,12,0,0,12,Strange Alliance,,,unreviewed,
Turak,12,1,2,9,Turak Runetotem,,,unreviewed,
Using,12,0,10,2,Using the fruits of the Earth Mother to create potions to aid us in our eternal struggle is an honorable endeavor.  To learn of this you must travel north to our great home of Thunder Bluff.  When you arrive at the top seek out the assistance of one of the Bluffwatchers for more specific directions.,,,unreviewed,
Vault,12,0,12,0,The Vault in Ironforge is the closest bank ye'll find in these parts.,,,unreviewed,
Venom,12,0,0,12,"Begin collecting the disarming materials immediately,  . Lurker Venom can be found on the indigenous Return to me once you've collected the needed items and I will prepare the mixture.",,,unreviewed,
Witch,12,4,1,7,Witch Doctor Mau'ari,,,unreviewed,
Andron,11,1,0,10,Andron Gant,,,unreviewed,
Archaeologist,11,4,0,7,Archaeologist Hollee,,,unreviewed,
Bijou,11,1,0,10,Bijou,,,unreviewed,
Blasted,11,0,7,4,"It's hard to imagine that so much death and despair could be confined to such a small area; yet beyond the swamp is a land plagued by chaos and destruction.  Watch your step, adventurer. The Blasted Lands are the final resting place to far greater beings than you.",,,unreviewed,
Brigadier,11,1,0,10,Alliance Brigadier General,,,unreviewed,
Chillwind,11,0,2,9,"Welcome to the front lines,  .  The Kingdom of Stormwind, with the aid of its allies, has sent me here to counter the growing threat of the Scourge.  Here at Chillwind Point, we fight for our continued survival on a daily basis.  If you've come here looking for a chance to prove yourself as a hero, then you'll find plenty of opportunities to do so... especially as we push towards Andorhal and whatever malign force that controls the Scourge there.",,,unreviewed,
Circlet,11,0,0,11,Enigma Circlet,,,unreviewed,
Colossus,11,3,2,6,Colossus Researcher Nestor,,,unreviewed,
Darkshire,11,0,0,11," , I'm getting reports of an undead infestation in the forest! If you're up to of Darkshire, in and around Tranquil Gardens Cemetery. The undead must be driven from Duskwood!",,,unreviewed,
Elixir,11,0,1,10,"Sure thing,  . You look like you can be trusted... Trustworthy! I can spot that a mile away...  Anyway, back to what I was sayin'. Takes one Evoroot plant to make the Videre Elixir. The rest 'a the ingredients are trivial really, but the Evoroot, well, that can be a bit tricky to get.",,,unreviewed,
Enchanted,11,0,0,11,The Enchanted Glade,,,unreviewed,
Enclave,11,0,11,0,"Didn't we just break free of the Burning Legion, and here you are messing with demons again?  Seek out the Darkfire Enclave in the underground cavern known as the Cleft of Shadow.  You'll find a tunnel down into it from The Drag.",,,unreviewed,
Etched,11,0,1,10,"Etched into a tablet of pure gold was the embodiment of my remorse, shame, regret, and sorrow. Unfortunately, the Twilight's Hammer found the tablet and branded me a blasphemer. I was summarily executed, my prayer to Elune incomplete. I am now bound to this world as a spirit, unable to transcend to the Nether; held in this cage as a warning to all that would betray the faith of the Twilight's Hammer.",,,unreviewed,
Fallen,11,1,1,9,Fallen Hero of the Horde,,,unreviewed,
Fel,11,3,1,7,Drum Fel,,,unreviewed,
Fiery,11,0,0,11,Fiery Blaze Enchantments,,,unreviewed,
Final,11,0,0,11,Final Passage,,,unreviewed,
Gloves,11,0,0,11,Frostfire Gloves,,,unreviewed,
Goods,11,0,6,5,"Clothing!?  That won't help you against good steel!  Bah, if you're sure you want to be a tailor go find Magar's Cloth Goods in The Drag.",,,unreviewed,
Gregory,11,3,6,2,Doctor Gregory Victor,,,unreviewed,
Grimtotem,11,4,3,4,Magatha Grimtotem,,,unreviewed,
Gustaf,11,1,8,2,Doctor Gustaf VanHowzen,,,unreviewed,
Hammerfall,11,1,5,5,Courier Hammerfall,,,unreviewed,
Highborne,11,0,7,4,"Once a great city of the night elves, the Highborne once ruled there, practicing great and powerful arcane magics. They are cursed now, haunting the lands, and their ruined city has been victimized by the Spitelash naga. I understand that the naga search the ruins for powerful Highborne artifacts.",,,unreviewed,
Jinglepocket,11,4,0,7,Wulmort Jinglepocket,,,unreviewed,
Lilliam,11,1,8,2,Lilliam Sparkspindle,,,unreviewed,
Listen,11,0,9,2,"Ah, a young warrior to be no doubt!  I take it you are participating in Children's Week, yes?  It warms these weary bones to hear that you are setting the example by which others will be sure to follow.  I'd be delighted to oblige you and the young lad.  Hrmm... what advice should I give to him?  Listen to the spirits, yes... maybe something about eating all of his vegetables too...",,,unreviewed,
Mark,11,0,2,9,Mark my words!  You won't find faster gryphons anywhere in the Eastern Kingdoms than the ones right here in Thelsamar!,,,unreviewed,
Mau'ari,11,1,6,4,Witch Doctor Mau'ari,,,unreviewed,
Mmmm,11,0,11,0,<Narain holds an unopened envelope to his forehead.>  What is... Mmmm... Velvet!  Am I right?,,,unreviewed,
Naxxramas,11,0,6,5,"Faith... Some have lost it, others have found it. It cannot be destroyed and it cannot be created.  Or perhaps you speak of the vestments of Faith? Armor worn by our priests and most devout warriors into battle against the Scourge during the last war.  Aye, much of it is lost... Stolen by the fiends of Naxxramas.",,,unreviewed,
Och,11,0,11,0,"Ye looking for Hogral?  Well did ye check the tavern?  Och!  If yer looking for a rogue, and a dwarf one at that, ye should start in the Inn!  Go have a look already.",,,unreviewed,
Parchment,11,0,0,11,Simple Parchment,,,unreviewed,
Past,11,0,0,11,Uncovering the Past,,,unreviewed,
Pig,11,0,11,0,"Check around Old Town at the Barracks or the Pig and Whistle Tavern. If you go to the tavern, be sure to sample some of the fine brews. Puts the dwarven ales to shame, I tell ya.",,,unreviewed,
Quel'Thalas,11,0,11,0,"Since the fall of Dalaran and the destruction of Quel'Thalas, wares of this sort have been hard to come by. But Lucan Cordell and some of our other Tradesman have been doing a fine job of filling our orders with quality merchandise.",,,unreviewed,
Request,11,0,0,11,Malin's Request,,,unreviewed,
Rescue,11,0,0,11,The Rescue,,,unreviewed,
Sands,11,1,9,1,Baristolth of the Shifting Sands,,,unreviewed,
Scarab,11,0,7,4,"A thousand years ago, when the War of the Shifting Sands ended, three of our kin sacrificed themselves and held the Qiraji inside these halls while Anachronos and Staghelm sealed Ahn'Qiraj shut.  Each of us vowed to look for Merithra, Arygos and Caelestrasz should the Scarab Wall ever fall.  And fall it did... and so we came.",,,unreviewed,
Senior,11,5,0,6,Senior Surveyor Fizzledowser,,,unreviewed,
Springspindle,11,1,8,2,Springspindle Fizzlegear,,,unreviewed,
Storm,11,1,0,10,Storm Shadowhoof,,,unreviewed,
Stout,11,0,0,11,The Perfect Stout,,,unreviewed,
Strahad,11,1,0,10,Strahad Farsan,,,unreviewed,
Tanner,11,3,6,2,Sarah Tanner,,,unreviewed,
Thanks,11,0,5,6,"Thanks to you, we can now unlock the secrets of the crystals and the mysterious pylons,  . If you need more information at any time, please come back and visit me again!",,,unreviewed,
Thaurissan,11,0,6,5,"Hundreds of years ago, the great city of Thaurissan stood proudly in a lush expanse of land that is now the dilapidated Burning Steppes.  Thaurissan was home to the nation of Dark Iron dwarves and at the time, in the midst of a civil war among the dwarven nation at large.  You see, that area of the world was at one point in time part of the Redridge Mountains - until the day that Thaurissan was consumed by a gigantic explosion. The city lay in ruin, the surrounding areas reduced to an ashy wasteland.",,,unreviewed,
Tis,11,0,10,1,'Tis the season for great bargains!  Fah la la la la!,,,unreviewed,
VanHowzen,11,1,8,2,Doctor Gustaf VanHowzen,,,unreviewed,
Vimes,11,1,0,10,Captain Garran Vimes,,,unreviewed,
Vision,11,0,6,5,"You wish to aid The Defilers in their fight against The League of Arathor in Arathi Basin?  Very well, you should ask Martin Lindsey for his assistance then.  Look for him in the Pools of Vision.",,,unreviewed,
Visitor,11,0,9,2,"Ahhh, Stormwind Visitor's Center is what you are looking for then. It's the first building on the left as you walk through the front gates from the Valley of Heroes.",,,unreviewed,
Warlord,11,2,1,8,Warlord Goretooth,,,unreviewed,
Whistle,11,0,11,0,"Check around Old Town at the Barracks or the Pig and Whistle Tavern. If you go to the tavern, be sure to sample some of the fine brews. Puts the dwarven ales to shame, I tell ya.",,,unreviewed,
Zinge,11,1,0,10,Apothecary Zinge,,,unreviewed,
Anthion,10,1,0,9,Anthion Harmon,,,unreviewed,
Avenger,10,0,0,10,Avenger's Breastplate,,,unreviewed,
Away,10,0,10,0,Away to Thunder Bluff to the north is where your journey takes you then friend.  Once there seek out the wisdom of one of the Bluffwatchers who can tell you directly where to find whom you seek.,,,unreviewed,
Azshara,10,0,9,1,"The days we've spent here in Azshara are not among our best and most glorious, but we are still young and blood still courses through our veins--we shall find victory here. It is only a matter of time.",,,unreviewed,
Battlegear,10,0,0,10,Volunteer's Battlegear,,,unreviewed,
Before,10,0,4,6,"Before the plague came, I knew nothing about leather. Now I know enough to teach others. Death's left me with a lot of time on my hands.",,,unreviewed,
Bindings,10,0,0,10,The Prison's Bindings,,,unreviewed,
Blacksmithing,10,0,10,0,There is a Blacksmithing Trainer in our great home Thunder Bluff to the north.  If you seek such knowledge then head there and ask one of the Bluffwatchers for directions.,,,unreviewed,
Bone,10,0,0,10,Bloody Bone Necklaces,,,unreviewed,
Buy,10,0,10,0,Don't let the jingle of the bells take away from the jingle in your pocket!  Buy Smokywood Pastures treats for your Winter Veil festivities!,,,unreviewed,
C'Thun,10,0,9,1,"Heroes of the Brood? C'Thun must be banished! We can assist you, mortal!",,,unreviewed,
Champion,10,2,0,8,"Korfax, Champion of the Light",,,unreviewed,
Conqueror,10,0,0,10,Conqueror's Spaulders,,,unreviewed,
Crater,10,0,10,0,Un'Goro Crater be far to the south of Kalimdor. Beyond the Thousand Needles in Tanaris. Look for the large floating stones... they mark the entrance to the Crater. But be careful... it is no easy path. The raptors are not far from the entrance.,,,unreviewed,
Crown,10,0,4,6,Elder Windrun resides in the Crown Guard Tower in the Eastern Plaguelands.,,,unreviewed,
Daryl,10,3,7,0,Daryl the Youngling,,,unreviewed,
Deathdealer,10,0,0,10,Deathdealer's Boots,,,unreviewed,
Demon,10,0,1,9,"In decades past - of now ancient wars and conflicts - our kind was driven to the brink of extinction. Much we have endured,  .  The onslaught of the Burning Legion. The Demon Soul. The Aspects divided. The ascension of Deathwing. The enslavement of our Queen, Alexstrasza, by the Dragonmaw.  Through it all, we have been the unshakable will of the dragons - the undaunted force that has fought to represent our waning existence in this world.",,,unreviewed,
Doomcaller,10,0,0,10,Doomcaller's Footwraps,,,unreviewed,
Earthmother,10,0,0,10,Rites of the Earthmother,,,unreviewed,
Ebonlocke,10,2,0,8,Commander Althea Ebonlocke,,,unreviewed,
Enigma,10,0,0,10,Enigma Shoulderpads,,,unreviewed,
Fah,10,0,10,0,'Tis the season for great bargains!  Fah la la la la!,,,unreviewed,
Farsan,10,2,0,8,Godrick Farsan,,,unreviewed,
Feathermoon,10,1,2,7,Shandris Feathermoon,,,unreviewed,
Fizzlegear,10,1,7,2,Springspindle Fizzlegear,,,unreviewed,
Genesis,10,0,0,10,Genesis Boots,,,unreviewed,
Gold,10,0,1,9,"The waters of Westfall are where you must search, due west-northwest of where the Gold Coast Quarry meets with the shore.  An anchor shows where a boat has sunk beyond it, deep within the water.  The underwater pressure is fierce here; swimming too far will crush even the mightiest swimmer from fatigue.    Look for a natural formation to aid you,   - a bubbly fissure is near here, offering deep-water swimmers a chance for renewed breath.",,,unreviewed,
Hallowed,10,0,0,10,Hallowed Tablet,,,unreviewed,
Horns,10,0,0,10,Raptor Horns,,,unreviewed,
Inside,10,0,10,0,Inside the great tent at the northwest corner of the village is where Chaw Stronghide resides.  He will teach you what you must know of Leatherworking for now.,,,unreviewed,
Jarkal,10,1,0,9,Jarkal Mossmeld,,,unreviewed,
Jennea,10,1,0,9,Jennea Cannon,,,unreviewed,
Keeper,10,4,1,5,Keeper Bel'varil,,,unreviewed,
Kharan,10,1,3,6,Kharan Mighthammer,,,unreviewed,
Know,10,0,6,4,I sure could use a kiss about now.  Know where I can find one?,,,unreviewed,
Legion,10,0,7,3,"Ah, one of my favorite customers. You look to be of a warlock of some power,  . I am pleased to meet you. If there is anything I can do for you, please, just ask.  My brother and I feel that it will be your kind who lead us into the next great era. One with such power... such control... it's only a matter of time before the Legion itself bends to your will.  I am but a little envious.",,,unreviewed,
Little,10,0,1,9,"At last! I am finally free from this cell!  The Kirin Tor sent me from Dalaran to investigate Arugal's progress with the undead here in Silverpine Forest. Little did we know that the wizard had lost his grasp on sanity.  I must report this mess at once! But before I leave, allow me to undo the magical lock on the courtyard door.  You defeated Rethilgore, perhaps you will survive what lies beyond....",,,unreviewed,
Mill,10,0,3,7,"Long ago, before the last great war, my father ran the Northridge Lumber Mill. It was his life, and he was committed to it. Then the war came, and as much as it pained him, we had to flee to Stormwind.  We lost a number of friends and family in the those days, and it pains me to know that the Scarlet Crusade has taken the mill for their own ends.  That's why I've returned.",,,unreviewed,
Mossmeld,10,1,0,9,Jarkal Mossmeld,,,unreviewed,
Never,10,0,6,4,"Gryphons, eh? Never really cared for the beasts but to each their own.You can find Dungar Longdrink on the rampart in the Trade District.",,,unreviewed,
Out,10,0,2,8,"How dare you ask me for training, maggot? What were you hoping for, you slack-jawed yokel, a lecture on the proper uses of silverleaf? Out! You're lucky I don't thrash you senseless for wasting my time.",,,unreviewed,
Outriders,10,0,6,4,"The Silverwing Sentinels can use all the help they can get in their fight against the Warsong Outriders.  , go to Stormwind Keep and speak with Elfarran if you wish to assist them.",,,unreviewed,
Overspark,10,1,1,8,Tinkmaster Overspark,,,unreviewed,
People,10,0,2,8,Ye've come to the right place  lad : lass;!  People come here from all o'er the world to train to be a blacksmith.  Ye'll find Bengus Deepforge hammering away at an anvil in the middle of our fine city by The Great Forge itself.,,,unreviewed,
Plate,10,0,0,10,Fiery Plate Gauntlets,,,unreviewed,
Priest,10,5,0,5,Shadow Priest Sarvis,,,unreviewed,
Private,10,5,0,5,Private Thorsen,,,unreviewed,
Pylon,10,0,4,6,"The Eastern Pylon accepts blue, yellow, and green crystals.  It focuses on the energy that can be created using blue crystals as the main source of power. There are two possible effects: one provides bonus to spirit, and one that creates a damaging shield.  Crystal Force requires blue and green crystals. This will provide you with an increase in spirit.  Crystal Spire requires blue and yellow crystals. This will create a shield that does damage to attackers.",,,unreviewed,
Robe,10,0,0,10,The Completed Robe,,,unreviewed,
Savage,10,0,0,10,"You sure seem eager to work, matey. Not sure why some land-loving     is cove just north of Booty Bay along the Savage Coast and see what you find.",,,unreviewed,
Scepter,10,0,8,2,"Are you reporting for duty,  ? All of the war materiel for both the Horde and the Alliance is completed and being shipped to Silithus as we speak. It should all arrive in less than $2113w days. I hope that someone has found the different pieces of the Scepter of the Shifting Sands and put them all together.",,,unreviewed,
Secret,10,0,0,10,Zanzil's Secret,,,unreviewed,
Sen'jin,10,0,8,2,That's troll business.  Look for Un'Thuwa in Sen'jin Village down south.,,,unreviewed,
Shadows,10,0,0,10,Dagger of Veiled Shadows,,,unreviewed,
Shatterskull,10,1,0,9,Captain Shatterskull,,,unreviewed,
Shifting,10,1,9,0,Baristolth of the Shifting Sands,,,unreviewed,
Shoulderpads,10,0,0,10,Enigma Shoulderpads,,,unreviewed,
Silithid,10,0,6,4,"Hail,  . I trust you are here to inquire on the Ahn'Qiraj war effort. We are going to need a great deal of assistance.  The war effort is a united effort between the Horde and Alliance to prepare for the impending war against the Silithid and their masters in Ahn'Qiraj. In Orgrimmar's Valley of Spirits, we are collecting a vast number of goods to create war materiel, and these gathering tasks are what we need your help with.  Can I convince you to speak with our commander about helping out?",,,unreviewed,
Silk,10,0,1,9,"Collection of bandages is proceeding according to schedule. As far as linen bandages are concerned, we've gathered $2076w of $2077w. Silk bandages have been tallied at $2082w out of $2083w, and we have $2088w out of $2090w runecloth bandages needed.",,,unreviewed,
Sparkspindle,10,1,7,2,Lilliam Sparkspindle,,,unreviewed,
Start,10,0,10,0,Have a wondrous Feast of Winter Veil!  Start it off right with treats from Smokywood Pastures!,,,unreviewed,
Still,10,0,7,3,"If ye ask me, I think Grif spends a little too much time with the animals.  Still, nobody else knows the hunter's path quite like he does.  Look for him outside the smithy in Kharanos.",,,unreviewed,
Stockade,10,0,8,2,"A Hunter is it?  Well, then you will want to speak with Thorfin Stoneshield over in the Dwarven District.  Oh, and you be sure to tell him that if I step in his pet's business one more time, he's going to be training other hunters from behind bars in the Stockade!",,,unreviewed,
Stormcaller,10,0,0,10,Stormcaller's Pauldrons,,,unreviewed,
Striker,10,0,0,10,Striker's Footguards,,,unreviewed,
Stromgarde,10,0,8,2,"I've heard it said that Deneb Walker, holed up in Stromgarde, has a book that is sure to help improve your First Aid techniques.",,,unreviewed,
Teach,10,0,10,0,Give a bull a fish and feed him for a day.  Teach a bull to fish and feed him for life.  Uthan Stillwater can teach you how to fish.  Seek his wisdom west of Bloodhoof Village along the banks of Stonebull Lake.,,,unreviewed,
Teronis,10,1,1,8,Teronis' Corpse,,,unreviewed,
Thieves,10,0,0,10,Brotherhood of Thieves,,,unreviewed,
Tickets,10,0,1,9,"Glad you asked. Darkmoon Faire Prize Tickets are our way of letting you help with the faire, and in return you can turn in your tickets for special prizes!To get started you'll want to talk to Chronos, Kerri Hicks, Ringling and Yebb Nebblegear to see who you can best help. They always have something that needs doing to improve and expand our attractions.Then when you have enough tickets, speak with Gelvas Grimegate and he will give you a list of prizes to choose from.",,,unreviewed,
Tinkmaster,10,1,1,8,Tinkmaster Overspark,,,unreviewed,
Tools,10,0,0,10,The Lost Tools,,,unreviewed,
Trial,10,0,0,10,Trial of the Sea Lion,,,unreviewed,
Use,10,0,3,7,"I will teach you what I can. Each lesson is a gift from the Goddess herself. Use her gifts wisely, and you shall not falter.",,,unreviewed,
Varimathras,10,0,6,4,"With the sanction of Lord Varimathras, the Deathstalkers' numbers grow. More blades to strike at our enemies when they least expect it.",,,unreviewed,
Venture,10,0,3,7,"See, the Venture Company's new shredder is better than my latest, from the interchangeable hands to the control grips! My boss has given me a pretty strict deadline, but my boys and I couldn't come up with anything.  Nothing was working, so we decided to 'borrow' one of their prototypes. I sent Wizzlecrank to the Sludge Fen to steal one, but he hasn't gotten back yet!",,,unreviewed,
Vest,10,0,0,10,Moonglow Vest,,,unreviewed,
Warbringer,10,1,0,9,Horde Warbringer,,,unreviewed,
Windtotem,10,2,7,1,Harken Windtotem,,,unreviewed,
Winterfall,10,0,0,10,Threat of the Winterfall,,,unreviewed,
Wonderful,10,0,1,9,"Another student. Wonderful. This is why Lydon belongs to the Royal Society of Snobs and gets to do research, and I'm stuck being an instructor. If I win another teaching award, I'll never live it down!",,,unreviewed,
Wondrous,10,0,10,0,Don't forget to stock up on wrapping paper this holiday season!  Nothing says 'Wondrous Winter Veil' like wrapped armors and weapons for your friends and family.,,,unreviewed,
Ainethil,9,1,8,0,Ainethil,,,unreviewed,
Also,9,0,9,0,"I am Tinkmaster Overspark, and I am the chief architect for modern gnomish engineering principles in the world today.  It is my job to ensure that the power of invention continues to shine brightest from our arclight spanners than anywhere else!  Also, if you happen to know a good schematic for radiation elimination, we just so happen to be in the market for one right about now...",,,unreviewed,
Amulet,9,0,0,9,Amulet of Secrets,,,unreviewed,
Anastasia,9,1,0,8,Anastasia Hartwell,,,unreviewed,
Ashlam,9,1,0,8,Commander Ashlam Valorfist,,,unreviewed,
Baron,9,1,1,7,Baron Revilgaz,,,unreviewed,
Battleforge,9,2,0,7,Tiza Battleforge,,,unreviewed,
Better,9,0,1,8,"Welcome to Booty Bay, partner.  I hope your stay in my town is enjoyable and uneventful - emphasis on the latter.  We've got plenty of drink if you're thirsty, and plenty of bouncers if you're antsy.  Now then... what can this humble servant of the Steamwheedle Cartel do for you?  Better still - what can you do for me, eh?",,,unreviewed,
Bink,9,1,2,6,Bink,,,unreviewed,
Bloodsnarl,9,3,2,4,Corporal Teeka Bloodsnarl,,,unreviewed,
Blue,9,0,2,7,"Welcome to the Blue Recluse, where the magically inclined gather to blow off steam. Though not literally of course. What can I get for you   sir : ma'am;?",,,unreviewed,
Bolero,9,2,7,0,Georgio Bolero,,,unreviewed,
Book,9,0,0,9,Return the Book,,,unreviewed,
Brandur,9,1,4,4,Brandur Ironhammer,,,unreviewed,
Business,9,0,1,8,"Yes, I've been running this shop for some time now. Business has been pretty good lately. A lot of new adventurers coming through...",,,unreviewed,
Carevin,9,2,0,7,Elaine Carevin,,,unreviewed,
Certainly,9,0,9,0,Malorne somehow manages to pick the most delicate herbs without damaging them.  Certainly he is the one you should learn from.  He lives just east of the Inn in Dolanaar.,,,unreviewed,
Collection,9,0,1,8,"Collection of bandages is proceeding according to schedule. As far as linen bandages are concerned, we've gathered $2076w of $2077w. Silk bandages have been tallied at $2082w out of $2083w, and we have $2088w out of $2090w runecloth bandages needed.",,,unreviewed,
Copper,9,0,0,9,The Alliance Needs Copper Bars!,,,unreviewed,
Derrington,9,1,0,8,High Executor Derrington,,,unreviewed,
Dungar,9,1,6,2,Dungar Longdrink,,,unreviewed,
E'ko,9,0,2,7,"Mau'ari know why you seek her out...  Bring me da E'ko you find in the world, an' I can transform it for you.",,,unreviewed,
Each,9,0,6,3,Aren't the patterns beautiful? Each one speaks with its own voice.,,,unreviewed,
Escape,9,0,0,9,The Escape,,,unreviewed,
Evil,9,0,0,9,An Ambassador of Evil,,,unreviewed,
Fall,9,0,0,9,Fall of Dun Modr,,,unreviewed,
Gan'rul,9,1,0,8,Gan'rul Bloodeye,,,unreviewed,
Gilded,9,0,8,1,"Stormwind Counting House is located by the front gates in the Trade District of Stormwind. And when you get tired of counting your money, be sure to stop by the Gilded Rose for a drink.",,,unreviewed,
Gor'mul,9,1,0,8,Gor'mul,,,unreviewed,
Gordunni,9,0,3,6,"Hi there! I have a proposition for an adventure-seeker such as you, if you are up to the challenge!  Along with my invention, the Super Egg-O-Matic, I am hard at work aiding the druids with their campaign to save the hippogryphs. The birds are being affected by the evil effects of the Gordunni ogres inhabiting the ruins of Feralas, and their numbers are dwindling.  I collect many different types of eggs.  Will you help and find some for me?",,,unreviewed,
Grimand,9,1,1,7,Grimand Elmore,,,unreviewed,
Gryan,9,1,0,8,Gryan Stoutmantle,,,unreviewed,
Guild,9,0,9,0,I believe Aldwin Laughlin is still the resident Guild Master of Stormwind.  Look for his residence on your left as you pass the inner gate of Stormwind.,,,unreviewed,
Halgar,9,1,0,8,Carendin Halgar,,,unreviewed,
Help,9,0,1,8,"Existing in this area are many creatures considered allies of the night elves. The elves have had access to the power within each of these creatures; it is time that the horde be allowed this same satisfaction. I have devised a way that this power can be captured and used for our benefit.  Do not doubt what I tell you,  . Help me, and you shall see that I speak truth.",,,unreviewed,
Hero,9,1,0,8,Fallen Hero of the Horde,,,unreviewed,
Hunting,9,0,0,9,Crocolisk Hunting,,,unreviewed,
Icy,9,0,0,9,Ramaladni's Icy Grasp,,,unreviewed,
Ironhammer,9,1,4,4,Brandur Ironhammer,,,unreviewed,
Jediga,9,1,0,8,Jediga,,,unreviewed,
Karnik,9,1,0,8,Historian Karnik,,,unreviewed,
Kingdoms,9,0,3,6,Mark my words!  You won't find faster gryphons anywhere in the Eastern Kingdoms than the ones right here in Thelsamar!,,,unreviewed,
Lar'korwi,9,0,3,6,"The ravasaur here in Un'Goro seem to be related to the raptors of the barrens--highly intelligent, volatile, and with a sense or code of conduct. The greatest of these that I have encountered is  Lar'korwi. He is one of the most dangerous beasts I've ever seen. In taurahe, Lar'korwi means 'sharp claw,' but that does not do him justice.  Do not underestimate Lar'korwi if you ever plan on hunting him, but I will help you in any way I can if you do.",,,unreviewed,
Laurena,9,1,4,4,High Priestess Laurena,,,unreviewed,
Looking,9,0,7,2,"Looking for some training, eh? I could train you better then anyone in Stormwind but the guard prohibits it. I guess you will have to settle for one of those has beens hanging out around the Barracks or at the Pig and Whistle Tavern in Old Town.",,,unreviewed,
Lorekeeper,9,5,2,2,Lorekeeper Raintotem,,,unreviewed,
Mastery,9,0,0,9,Tiger Mastery,,,unreviewed,
Mithril,9,1,0,8,Short John Mithril,,,unreviewed,
Modan,9,0,8,1,"Ahhh, you are looking for Dungar Longdrink. He has some of the fastest gryphons this side of Khaz Modan! You can find him up on the ramparts in the Trade District.",,,unreviewed,
Moonstrike,9,1,7,1,Elder Moonstrike,,,unreviewed,
Morgan,9,2,0,7,Morgan Pestle,,,unreviewed,
Mystery,9,0,0,9,Kurzen's Mystery,,,unreviewed,
Nogg,9,1,5,3,Nogg,,,unreviewed,
Pala,9,1,2,6,Innkeeper Pala,,,unreviewed,
Perfect,9,0,0,9,The Perfect Stout,,,unreviewed,
Physician,9,0,9,0,"Oh, a fellow Physician. I would be glad to teach you anything that would aid your journeys.",,,unreviewed,
Plague,9,0,0,9,The situation in Raven Hill is still grim. The safety of Darkshire is in your dispatch for Raven Hill yet again and rid the eastern mausoleum of 20 Plague Spreaders!,,,unreviewed,
Post,9,1,5,3,Zachariah Post,,,unreviewed,
Queen,9,0,5,4,"In decades past - of now ancient wars and conflicts - our kind was driven to the brink of extinction. Much we have endured,  .  The onslaught of the Burning Legion. The Demon Soul. The Aspects divided. The ascension of Deathwing. The enslavement of our Queen, Alexstrasza, by the Dragonmaw.  Through it all, we have been the unshakable will of the dragons - the undaunted force that has fought to represent our waning existence in this world.",,,unreviewed,
Redpath,9,4,0,5,Marshal Redpath,,,unreviewed,
Redridge,9,0,2,7,"Hundreds of years ago, the great city of Thaurissan stood proudly in a lush expanse of land that is now the dilapidated Burning Steppes.  Thaurissan was home to the nation of Dark Iron dwarves and at the time, in the midst of a civil war among the dwarven nation at large.  You see, that area of the world was at one point in time part of the Redridge Mountains - until the day that Thaurissan was consumed by a gigantic explosion. The city lay in ruin, the surrounding areas reduced to an ashy wasteland.",,,unreviewed,
Refuge,9,0,9,0,Seek out Shandrina in Silverwind Refuge.  She can sell you the 'Expert Cookbook'.,,,unreviewed,
Robes,9,0,0,9,Enigma Robes,,,unreviewed,
Rose,9,0,8,1,"Stormwind Counting House is located by the front gates in the Trade District of Stormwind. And when you get tired of counting your money, be sure to stop by the Gilded Rose for a drink.",,,unreviewed,
Seeing,9,1,1,7,Al'tabim the All-Seeing,,,unreviewed,
Show,9,0,3,6,"Show me what you got! You won't be sorry, I promise!",,,unreviewed,
Silversky,9,2,0,7,Arathandris Silversky,,,unreviewed,
Stilwell,9,3,0,6,Daphne Stilwell,,,unreviewed,
Stonespire,9,3,3,3,Gann Stonespire,,,unreviewed,
Stoutmantle,9,1,0,8,Gryan Stoutmantle,,,unreviewed,
Super,9,0,3,6,"Hi there! I have a proposition for an adventure-seeker such as you, if you are up to the challenge!  Along with my invention, the Super Egg-O-Matic, I am hard at work aiding the druids with their campaign to save the hippogryphs. The birds are being affected by the evil effects of the Gordunni ogres inhabiting the ruins of Feralas, and their numbers are dwindling.  I collect many different types of eggs.  Will you help and find some for me?",,,unreviewed,
Tainted,9,0,1,8,"In the age of war, Razelikh the Defiler served as the most fearsome of Lord Kazzak's lieutenants. When the Legion was defeated and Kazzak forced back into the Tainted Scar, Razelikh was tasked by his master to secure the Blasted Lands.  While the Alliance fought petty battles with the Horde over territory outside of the Blasted Lands, Razelikh was uniting the differing Shadow Council sects and the brutish Dreadmaul ogres of the land.",,,unreviewed,
Telonis,9,1,7,1,Telonis,,,unreviewed,
Thelsamar,9,0,7,2,"Hello,  .  Welcome to Thelsamar, and while you're here don't forget to visit our local brewery!",,,unreviewed,
Though,9,0,8,1,"A far better blacksmith than I am, that's for sure. Though I'll deny it if you tell anyone I said that. You should go speak with Therum Deepforge. If anyone can teach you more, it's him.",,,unreviewed,
Timberline,9,0,9,0,"Yer looking to learn how to use a new weapon are ye?  Well, ye should be talking to Bixi or Buliwyf over at the Timberline Arms weapon shop then  lad : lass;.  They know their weapons from axes to... uh... zweihanders.",,,unreviewed,
Trouble,9,0,0,9,Trouble In Darkshore?,,,unreviewed,
Valorfist,9,1,0,8,Commander Ashlam Valorfist,,,unreviewed,
Valthalak,9,0,1,8,"You can see me? Do you know how much I'm ignored up here just because no one can see me? How refreshing to finally have someone to talk to!  So, you must have been sent by some living member of my former mercenary company, am I right? Of course I am!  But enough idle chit-chat, there's a great deal of work for you and I if you're going to put things right and return Lord Valthalak's spirit to him!",,,unreviewed,
Walker,9,1,7,1,Christoph Walker,,,unreviewed,
Ward,9,2,5,2,Carolyn Ward,,,unreviewed,
Weapons,9,0,1,8,"Ah, you seek the wisdom of Ansekhwa.  Look for him on the lower rise at Thunder Bluff Weapons.",,,unreviewed,
Wharfmaster,9,2,0,7,Wharfmaster Dizzywig,,,unreviewed,
Wildkin,9,0,1,8,"Hi! I just got back from exploring the Ruins of Kel'Theril, to the southwest. Now I'm intent on investigating the Wildkin that lie just up the ridge here, in Owl Wing Thicket.  Have you spoken to Erelas Ambersky in Rut'theran Village? He requested that I come here, and perhaps he has a task for you as well.",,,unreviewed,
Air,8,0,0,8,Call of Air,,,unreviewed,
Alcaz,8,0,2,6,"It... It's foggy,  . I can't see anything! Wait... Wait a minute. I see... I see Doctor Weavil's hideout. It... YES! I believe he is holding a chapter of the book!  Let me see if I can zoom this thing out to get a better vantage point.  <Narain appears to be going cross-eyed.>  Alcaz Island! That devious bastard is on Alcaz Island!",,,unreviewed,
Allison,8,1,0,7,Innkeeper Allison,,,unreviewed,
Ancient,8,2,0,6,Galvan the Ancient,,,unreviewed,
Arathandris,8,1,0,7,Arathandris Silversky,,,unreviewed,
Assistance,8,0,0,8,Hinott's Assistance,,,unreviewed,
Bixi,8,1,7,0,Bixi Wobblebonk,,,unreviewed,
Blackchar,8,0,8,0,Elder Ironband lives in Blackchar Cave in Searing Gorge.,,,unreviewed,
Braenna,8,1,6,1,Braenna Flintcrag,,,unreviewed,
Break,8,0,0,8,Prison Break In,,,unreviewed,
Buliwyf,8,1,7,0,Buliwyf Stonehand,,,unreviewed,
Cannon,8,1,2,5,Jennea Cannon,,,unreviewed,
Caravan,8,0,0,8,The Ravaged Caravan,,,unreviewed,
Chapel,8,0,6,2,Elder Snowcrown can be found in Light's Hope Chapel in the Eastern Plaguelands.,,,unreviewed,
Chapter,8,0,0,8,Chapter I,,,unreviewed,
Check,8,0,8,0,"Check around Old Town at the Barracks or the Pig and Whistle Tavern. If you go to the tavern, be sure to sample some of the fine brews. Puts the dwarven ales to shame, I tell ya.",,,unreviewed,
Claw,8,1,2,5,Zardeth of the Black Claw,,,unreviewed,
Cloth,8,0,4,4,"Clothing!?  That won't help you against good steel!  Bah, if you're sure you want to be a tailor go find Magar's Cloth Goods in The Drag.",,,unreviewed,
Coins,8,0,2,6,"To honor your elders is to honor your culture and your people,  .  For this, the Coins of Ancestry serve as a tangible means to recognize those who choose to follow a venerable path of respect.  During this Lunar Festival, you may have the opportunity to honor many elders.  As you do so, you will acquire the Coins of Ancestry.  Bring me these coins, and I will reward your diligence with a selection of unique items.",,,unreviewed,
Cure,8,0,0,8,Need for a Cure,,,unreviewed,
Dawnstrider,8,4,3,1,Meela Dawnstrider,,,unreviewed,
Dead,8,0,0,8,The Dead Fields,,,unreviewed,
Defilers,8,1,7,0,Defilers Emissary,,,unreviewed,
Dendrite,8,1,0,7,Dendrite Starblaze,,,unreviewed,
Duke,8,1,1,6,Duke Nicholas Zverenhoff,,,unreviewed,
Elemental,8,0,0,8,Elemental Bracers,,,unreviewed,
Elmore,8,1,1,6,Grimand Elmore,,,unreviewed,
Epic,8,0,0,8,Epic Armaments of Battle - Friend of the Dawn,,,unreviewed,
Eva,8,2,2,4,Madame Eva,,,unreviewed,
Excavation,8,0,0,8,Resupplying the Excavation,,,unreviewed,
Faranell,8,1,0,7,Master Apothecary Faranell,,,unreviewed,
Father,8,4,2,2,Father Inigo Montoy,,,unreviewed,
Fields,8,0,0,8,The Killing Fields,,,unreviewed,
Forgotten,8,0,0,8,The Forgotten Heirloom,,,unreviewed,
Front,8,0,0,8,Supplying the Front,,,unreviewed,
Frostwhisper,8,0,0,8,"The Human, Ras Frostwhisper",,,unreviewed,
Further,8,0,0,8,Further Concerns,,,unreviewed,
Gakin,8,1,0,7,Gakin the Darkbinder,,,unreviewed,
Garments,8,0,0,8,Garments of the Moon,,,unreviewed,
Garush,8,1,2,5,Argent Officer Garush,,,unreviewed,
Georgio,8,1,7,0,Georgio Bolero,,,unreviewed,
Giants,8,0,0,8,Trial at the Field of Giants,,,unreviewed,
Gimble,8,1,7,0,Gimble Thistlefuzz,,,unreviewed,
Girdle,8,0,0,8,Redemption Girdle,,,unreviewed,
Glacial,8,0,0,8,Glacial Cloak,,,unreviewed,
Glyphic,8,0,0,8,Glyphic Tablet,,,unreviewed,
God,8,0,3,5,"Through my studies, I see that defeating the god Hakkar's avatar has weakened him.  But the bulk of his strength remains, lurking at the far end of the Nether.  You have defeated his avatar once,  .  Perhaps if you defeat it again you can further weaken the god so that, one day, we might face his true self.  I have prepared a spell that you may use to again summon an avatar of Hakkar within the Sanctum of the Fallen God.  Do you want to confront it once again?",,,unreviewed,
Going,8,0,0,8,This Is Going to Be Hard,,,unreviewed,
Green,8,0,1,7,"The dishes that Alegorn whips up are to die for.  He's always busy preparing new delicacies over in the Craftsman's Terrace.  Be sure to try his Cenarion Green recipe if he has any left.  Now, if you don't mind, I must investigate this rash of missing deer. ",,,unreviewed,
Grif,8,1,2,5,Grif Wildheart,,,unreviewed,
Grunt,8,5,3,0,Grunt Logmar,,,unreviewed,
Haggerdin,8,1,1,6,Lieutenant Haggerdin,,,unreviewed,
Hamuul,8,1,0,7,Arch Druid Hamuul Runetotem,,,unreviewed,
Handguards,8,0,0,8,Redemption Handguards,,,unreviewed,
Hawkwind,8,3,0,5,Grull Hawkwind,,,unreviewed,
Headpiece,8,0,0,8,Redemption Headpiece,,,unreviewed,
Helm,8,0,0,8,Orm Stonehoof and the Brutal Helm,,,unreviewed,
Henze,8,1,0,7,Henze Faulk,,,unreviewed,
Herald,8,2,0,6,Herald Moonstalker,,,unreviewed,
Hive'Regal,8,0,1,7,"It sure is! Those hives were abuzz with various silithid that were none too happy to see us.  Everything was going fine until we came across a glyphed crystal in Hive'Regal. She was drawn to it like a moth to a flame! She put her pretty little cheek up against the crystal and instantly entered a trance-like state. Naturally, this worried my crew. We picked her up and carried her out of there with a quickness!",,,unreviewed,
Indeed,8,0,3,5,"Indeed, Silverwing Hold is in need of your assistance. Speak with Elfarran in the audience chamber at Stormwind Keep.",,,unreviewed,
Into,8,0,0,8,Into the Field,,,unreviewed,
Josetta,8,1,2,5,Priestess Josetta,,,unreviewed,
Kel'Thuzad,8,0,8,0,"Aye, the Highlord Mograine: A founder of the original order of the Scarlet Crusade. A knight of unwavering faith and purity; Mograine would be betrayed by his own son and slain by Kel'Thuzad's forces inside Stratholme. It is how I ended up here...",,,unreviewed,
Key,8,0,0,8,Ansirem's Key,,,unreviewed,
Kodo,8,0,2,6,"Kodo beasts, my friend!  Trained from a young age and raised on the Golden Plains of Mulgore, these fine animals will make even finer steeds!  Please, browse my selection, and see for yourself why we taurens have come to rely on these magnificant creatures!",,,unreviewed,
Lay,8,0,7,1,If we are to make these new lands ours then we must have places to rest our battle weary bodies. Lay your axe by the fire and share the stories of your mighty battles.,,,unreviewed,
Like,8,0,4,4,Warlocks... I don't care for their lot.  Like that Grimrizz who's set up shop outside the Thunderbrew Distillery. The ale will probably go flat there because of him!  Warlocks... bah!,,,unreviewed,
Lines,8,0,0,8,Securing the Lines,,,unreviewed,
Long,8,0,3,5,"Long ago, before the last great war, my father ran the Northridge Lumber Mill. It was his life, and he was committed to it. Then the war came, and as much as it pained him, we had to flee to Stormwind.  We lost a number of friends and family in the those days, and it pains me to know that the Scarlet Crusade has taken the mill for their own ends.  That's why I've returned.",,,unreviewed,
Loremaster,8,2,0,6,Loremaster Dibbs,,,unreviewed,
Lucien,8,1,3,4,Lucien Tosselwrench,,,unreviewed,
Major,8,3,0,5,Major Samuelson,,,unreviewed,
Mathias,8,1,2,5,Master Mathias Shaw,,,unreviewed,
Maxan,8,1,2,5,Maxan Anvol,,,unreviewed,
Maybess,8,1,0,7,Maybess Riverbreeze,,,unreviewed,
Memorandum,8,0,0,8,Simple Memorandum,,,unreviewed,
Menara,8,1,1,6,Menara Voidrender,,,unreviewed,
Menethil,8,0,2,6,"I do so enjoy sitting out here, listening to the sounds of the Great Sea.  Oh, what?  Yes, there is a ship that will take you to Menethil Harbor.  It docks here from time to time.",,,unreviewed,
Messenger,8,0,0,8,Messenger to Stormwind,,,unreviewed,
Militia,8,0,0,8,The People's Militia,,,unreviewed,
Morningdew,8,1,6,1,Elder Morningdew,,,unreviewed,
Muisek,8,0,0,8,Hippogryph Muisek,,,unreviewed,
Must,8,0,1,7,"Ah a visitor! Must be an adventurer, we don't get many tourists down this way. Grab a chair and a drink, make yourself comfortable. Say, you look like you have some meat on your bones. You thinkin about competing in the cage matches?",,,unreviewed,
Oglethorpe,8,1,1,6,Oglethorpe Obnoticus,,,unreviewed,
Ore,8,0,0,8,Rethban Ore,,,unreviewed,
Orphan,8,2,0,6,Orphan Matron Nightingale,,,unreviewed,
Osborne,8,1,4,3,Osborne the Night Man,,,unreviewed,
Osgood,8,2,5,1,Verner Osgood,,,unreviewed,
Parts,8,0,0,8,Rocket Car Parts,,,unreviewed,
Payment,8,0,0,8,Magatha's Payment to Jediga,,,unreviewed,
Ping,8,1,7,0,Woo Ping,,,unreviewed,
Poison,8,0,0,8,Poison Water,,,unreviewed,
Pools,8,0,6,2,"You wish to aid The Defilers in their fight against The League of Arathor in Arathi Basin?  Very well, you should ask Martin Lindsey for his assistance then.  Look for him in the Pools of Vision.",,,unreviewed,
Proof,8,0,0,8,Proof of Demise,,,unreviewed,
Protective,8,0,8,0,"You're into leather, eh?  Sounds like you should talk to Simon Tanner over in Old Town.  He runs a shop there called the Protective Hide.",,,unreviewed,
Pureheart,8,1,2,5,Argent Officer Pureheart,,,unreviewed,
Ras,8,0,0,8,"The Human, Ras Frostwhisper",,,unreviewed,
Recipe,8,0,0,8,A Recipe For Death,,,unreviewed,
Recovery,8,0,0,8,Ripple Recovery,,,unreviewed,
Regnus,8,1,6,1,Regnus Thundergranite,,,unreviewed,
Remember,8,0,2,6,"Remember, all things are connected. If the beasts were gone from the land, our kind would die from a great loneliness of spirit, for whatever happens to the beasts also happens to the Tauren. Whatever befalls Azeroth befalls all those that inhabit it. ",,,unreviewed,
Replacement,8,0,0,8,Replacement Phial,,,unreviewed,
Reveler,8,8,0,0,Stormwind Reveler,,,unreviewed,
Riding,8,0,7,1,"I can teach you the finer points of Kodo Riding, provided you have enough gold to cover the lesson!",,,unreviewed,
Riverbreeze,8,1,0,7,Maybess Riverbreeze,,,unreviewed,
Road,8,0,0,8,The Road to Darnassus,,,unreviewed,
Rockmaul,8,1,0,7,Belgrom Rockmaul,,,unreviewed,
Rohan,8,2,1,5,High Priest Rohan,,,unreviewed,
Sage,8,2,0,6,Sage Truthseeker,,,unreviewed,
Seeking,8,0,0,8,Seeking Wisdom,,,unreviewed,
Shall,8,0,6,2,Greetings mage.  Shall I provide you with further insight into the world of magic?,,,unreviewed,
Simon,8,1,7,0,Simon Tanner,,,unreviewed,
Smith,8,4,1,3,Smith Argus,,,unreviewed,
Spotted,8,0,0,8,The Alliance Needs Spotted Yellowtail!,,,unreviewed,
Stealing,8,0,0,8,Stealing Knowledge,,,unreviewed,
Steelgrill,8,1,5,2,Beldin Steelgrill,,,unreviewed,
Stonebrow,8,3,5,0,Foreman Stonebrow,,,unreviewed,
Stonefire,8,0,8,0,"If yer of need of an Inn, The Stonefire Inn is where ye should be.  Ye'll find it just to the left of the entrance to Ironforge if ye be coming, or to the right if ye be going.    Oh, and if yer going that way, then tell them to have a tankard ready for me.",,,unreviewed,
Stones,8,0,0,8,Power Stones,,,unreviewed,
Stoutarm,8,3,0,5,Sten Stoutarm,,,unreviewed,
Summons,8,0,0,8,Tenaron's Summons,,,unreviewed,
Superior,8,0,0,8,Superior Armaments of Battle - Friend of the Dawn,,,unreviewed,
Syndicate,8,1,1,6,Syndicate Master Ryson,,,unreviewed,
Tears,8,0,0,8,Pool of Tears,,,unreviewed,
Thick,8,0,0,8,The Alliance Needs Thick Leather!,,,unreviewed,
Thotar,8,1,2,5,Thotar,,,unreviewed,
Time,8,0,2,6,"Do you expect me to cower before the mighty legion of  ?  You are nothing to me. Less than nothing. Had I desired your head, it would have been presented to me on a pike.  You have made the mistake that all mortals make.  <Lord Victor Nefarius sighs.>  Time does strange things to those that use it as a form of currency.",,,unreviewed,
Too,8,0,4,4,It's admirable what The League of Arathor is attempting to do in Arathi Basin.  Too bad those undead abominations and their Horde friends are standing in the way.  Head over to Stormwind Keep.  Lady Hoteshem awaits you in the King's audience chamber.  She can help you to get to Arathi Basin.,,,unreviewed,
Totem,8,0,0,8,The Totem of Infliction,,,unreviewed,
Una,8,1,6,1,Una,,,unreviewed,
Under,8,0,1,7,"I had no choice, or so I thought. I would endure the destruction of Thaurissan and stand by the side of my king and his people.  Under the control of Ragnaros, King Dagran Thaurissan tore out the heart of this mountain and erected Blackrock Spire. We worked tirelessly to build a dwarven city mightier than any city or fortress that came before... or would come after.",,,unreviewed,
Until,8,0,6,2,"You are not known to my people.  A kodo is a mighty steed, and it is the product of love and care by my people; such is not given onto strangers.  Until the elders of Thunder Bluff consider you to be exalted, I cannot offer you the sale of a kodo.",,,unreviewed,
Vahlarriel,8,1,0,7,Vahlarriel Demonslayer,,,unreviewed,
Vale,8,0,4,4,You'll find Elder Starglade outside the gates to Zul'Gurub in Stranglethorn Vale.,,,unreviewed,
Vile,8,0,0,8,The Vile Reef,,,unreviewed,
Voidrender,8,1,1,6,Menara Voidrender,,,unreviewed,
WANTED,8,0,0,8,WANTED: Chok'sul,,,unreviewed,
Warmaster,8,2,0,6,Warmaster Garrick,,,unreviewed,
Way,8,0,0,8,The Hunter's Way,,,unreviewed,
Wildhammer,8,1,1,6,Falstad Wildhammer,,,unreviewed,
Woo,8,1,7,0,Woo Ping,,,unreviewed,
Work,8,0,1,7,"Do not try to force your will upon the leather. Rather, let its natural tendencies dictate what form and function it will take. This is not a battle to be won. Work with the leather, not against it.",,,unreviewed,
Worth,8,1,1,6,Randal Worth,,,unreviewed,
Wristguards,8,0,0,8,Redemption Wristguards,,,unreviewed,
Yellowtail,8,0,0,8,The Alliance Needs Spotted Yellowtail!,,,unreviewed,
Yer,8,0,8,0,Yer no warrior... Why ye wouldn't even last a day under my training regimen!    A   who thinks  he's : she's; a warrior.  Ha!,,,unreviewed,
Yeti,8,0,0,8,Master Helcular was almost complete with his transformation into a Lich when a human lynch Helcular's Rod first. Yeti overtook his ritual lair. Undoubtedly one of the beasts has it.,,,unreviewed,
Zandalar,8,0,5,3,"The Paragons of Power are remnants from the ancient Gurubashi Empire.  We Zandalar seek them - not only are they of tremendous collectible value to us, but we believe that they also hold latent signatures of magic used by the old Empire.  You'll more than likely discover three kinds of Paragons in Zul'Gurub: coins, bijous, and primal items.  Bring them to us in the quantities that we seek, and you'll be rewarded with some of the finest items we Zandalar have ever crafted.",,,unreviewed,
Zverenhoff,8,1,1,6,Duke Nicholas Zverenhoff,,,unreviewed,
Ancients,7,0,0,7,Grove of the Ancients,,,unreviewed,
Anvol,7,1,1,5,Maxan Anvol,,,unreviewed,
Apothecarium,7,0,6,1,"I appreciate the company, but let's face it: you have more experience with potions than I do. Talk to Doctor Marsh instead if you want training. He's a Forsaken in the Apothecarium of the Undercity.",,,unreviewed,
Arcane,7,0,0,7,Arcane Runes,,,unreviewed,
Ashbringer,7,0,7,0,"You mean, you don't know? The sword that you carry on your back - it is known as Ashbringer; named after its original owner.",,,unreviewed,
Attack,7,0,0,7,The Attack!,,,unreviewed,
Bad,7,0,0,7,Bad Medicine,,,unreviewed,
Bag,7,0,0,7,Kodo Hide Bag,,,unreviewed,
Barracks,7,0,6,1,"Check around Old Town at the Barracks or the Pig and Whistle Tavern. If you go to the tavern, be sure to sample some of the fine brews. Puts the dwarven ales to shame, I tell ya.",,,unreviewed,
Bartleby,7,1,0,6,Bartleby,,,unreviewed,
Based,7,0,7,0,"Based on the sample of the toxin you provided for us, we think you will need the following: an arcane quickener, six osseous agitators, and four pieces of runecloth.  With the vitreous focuser in tow, acquire the agitators from skeletal undead here in the Plaguelands!  Once you have these items, you should be able to load the counter agent into that cauldron.",,,unreviewed,
Bena,7,1,5,1,Bena Winterhoof,,,unreviewed,
Bengus,7,1,6,0,Bengus Deepforge,,,unreviewed,
Berryfizz,7,1,6,0,Tally Berryfizz,,,unreviewed,
Between,7,0,5,2,"Between the light and the dark, there is shadow... and those shadows have powers you have yet to see.",,,unreviewed,
Binding,7,0,0,7,Bracers of Binding,,,unreviewed,
Bladeswift,7,1,5,1,Elder Bladeswift,,,unreviewed,
Bloodeye,7,1,0,6,Gan'rul Bloodeye,,,unreviewed,
Bloodsail,7,1,0,6,Bloodsail Traitor,,,unreviewed,
Brightspear,7,3,2,2,Einris Brightspear,,,unreviewed,
Carendin,7,1,0,6,Carendin Halgar,,,unreviewed,
Cease,7,0,7,0,"The darkness does not embrace you,  .  Cease your prattle and remove yourself from my sight!  Be gone!",,,unreviewed,
Clan,7,0,4,3,"The Stormpike Guard is in need of your assistance in the fight against the Frostwolf Clan,  . Speak to Brogun Stoneshield on the Warrior's Terrace and he will help you find your way to Alterac Valley. Elune be praised!",,,unreviewed,
Completed,7,0,0,7,The Completed Robe,,,unreviewed,
Continue,7,0,0,7,Continue to Stormwind,,,unreviewed,
Courier,7,1,0,6,Courier Hammerfall,,,unreviewed,
Darkness,7,0,0,7,"Darkness seems drawn inexorably to Duskwood. Master Carevin's quest is the expulsion of evil and your skills against the Nightbane Shadow Weaver worgen in Brightwood Grove--bright, hah!--and the Rotting Orchard.",,,unreviewed,
Dazalar,7,1,2,4,Dazalar,,,unreviewed,
Defiler,7,0,2,5,"Go to the Hall of the Brave.  You will find The Defiler, Deze Snowbane there to assist you in getting to Arathi Basin.",,,unreviewed,
Deneb,7,0,7,0,"I've heard it said that Deneb Walker, holed up in Stromgarde, has a book that is sure to help improve your First Aid techniques.",,,unreviewed,
Down,7,0,0,7,Down the Scarlet Path,,,unreviewed,
Dreadmaul,7,0,5,2,"In the age of war, Razelikh the Defiler served as the most fearsome of Lord Kazzak's lieutenants. When the Legion was defeated and Kazzak forced back into the Tainted Scar, Razelikh was tasked by his master to secure the Blasted Lands.  While the Alliance fought petty battles with the Horde over territory outside of the Blasted Lands, Razelikh was uniting the differing Shadow Council sects and the brutish Dreadmaul ogres of the land.",,,unreviewed,
Earthen,7,0,2,5,"I've been expec...  <Rimblat coughs.>  Excuse me, old habit. I am Rimblat of the Earthen Ring. ",,,unreviewed,
Everything,7,0,5,2,"The times we live in are as fickle as the shifting winds,  .  It is important to remember what is true and lasting in this world, and to preserve that.  Everything else is a waste.",,,unreviewed,
Explorer,7,1,1,5,High Explorer Magellas,,,unreviewed,
Farmer,7,2,0,5,Farmer Saldean,,,unreviewed,
Fill,7,0,5,2,Fill yer tankard and pull up a chair. We've stories to tell and kegs to empty.,,,unreviewed,
Fin,7,1,0,6,Fin Fizracket,,,unreviewed,
Finding,7,0,0,7,Finding the Shadowy Figure,,,unreviewed,
Flintcrag,7,2,4,1,Braenna Flintcrag,,,unreviewed,
Freewind,7,0,4,3,Go to the Freewind Post in Thousand Needles and you will find Elder Skyseer.,,,unreviewed,
Gann,7,1,0,6,Gann Stonespire,,,unreviewed,
Garran,7,1,0,6,Captain Garran Vimes,,,unreviewed,
Ghak,7,1,0,6,Ghak Healtouch,,,unreviewed,
Gnolls,7,0,0,7,A Baying of Gnolls,,,unreviewed,
Gor'shak,7,1,1,5,Commander Gor'shak,,,unreviewed,
Gorchuk,7,1,1,5,Warlord Gorchuk,,,unreviewed,
Grab,7,0,5,2,"Welcome to the Pig and Whistle! Grab a drink my friend and pull up a seat, the more the merrier!",,,unreviewed,
Graveborn,7,1,5,1,Elder Graveborn,,,unreviewed,
Grayson,7,1,2,4,Lord Grayson Shadowbreaker,,,unreviewed,
Grimnur,7,1,6,0,Grimnur Stonebrand,,,unreviewed,
Gryphon,7,1,4,2,Gryphon Master Talonaxe,,,unreviewed,
Gryth,7,1,4,2,Gryth Thurden,,,unreviewed,
Has,7,0,2,5,"Has the sun risen already?  There are just never enough hours in the night!  Well, Saelienne will take good care of you.  You can find her tending to her guests over in the Craftsmen's Terrace in northeastern Darnassus.",,,unreviewed,
Hauberk,7,0,0,7,Stormcaller's Hauberk,,,unreviewed,
Healtouch,7,1,0,6,Ghak Healtouch,,,unreviewed,
Hendel,7,1,1,5,Private Hendel,,,unreviewed,
Hidden,7,0,0,7,"A sapta is a drink created to bind our spirits to the elements. Fused with the end of the Hidden Path. Drink your sapta there, and... well, you shall see.",,,unreviewed,
Hinterlands,7,0,3,4,"You have advanced beyond my skill to teach you. Journey now to Aerie Peak in the Hinterlands and speak with the dwarf Drakk Stonehand. His work is magnificent, far better than my own.",,,unreviewed,
However,7,0,5,2,"That Granis Swiftaxe could drink a fish under the table and yet his axe still swings true.  However, if yer looking for training, ye best catch him while ye can understand him.",,,unreviewed,
Hulfdan,7,1,3,3,Hulfdan Blackbeard,,,unreviewed,
Iverron,7,1,0,6,Iverron,,,unreviewed,
James,7,2,3,2,James Halloran,,,unreviewed,
John,7,4,1,2,John Turner,,,unreviewed,
Josef,7,1,5,1,Josef Gregorian,,,unreviewed,
Journal,7,0,0,7,The Stolen Journal,,,unreviewed,
Jungle,7,0,0,7,Let's see how you handle this next challenge. There is a cagey breed of raptor at. Kill 10 Jungle Stalkers and I'll tip you off to the best hunting yet.,,,unreviewed,
Kali,7,1,3,3,Kali Remik,,,unreviewed,
Karnitol,7,0,0,7,The Karnitol Shipwreck,,,unreviewed,
Kaymard,7,1,0,6,Kaymard Copperpinch,,,unreviewed,
Kingdom,7,0,5,2,"Sorry, but I am not disposed to sell horses to any individual who is not considered to be at least exalted to the Kingdom of Stormwind.  These steeds are the finest you'll find anywhere, and we certainly wouldn't want them in the hands of our enemies.  Not saying you're an enemy, of course... just earn the trust of Stormwind and then we can do business.",,,unreviewed,
Klockmort,7,1,0,6,Klockmort Spannerspan,,,unreviewed,
Kravel,7,1,0,6,Kravel Koalbeard,,,unreviewed,
Laggrond,7,1,0,6,Warmaster Laggrond,,,unreviewed,
Laughlin,7,2,5,0,Aldwin Laughlin,,,unreviewed,
Lightforge,7,1,1,5,Remains of Trey Lightforge,,,unreviewed,
Linken,7,1,0,6,Linken,,,unreviewed,
Longdrink,7,1,4,2,Dungar Longdrink,,,unreviewed,
Looks,7,0,7,0,"I got something for you,  . Looks important.",,,unreviewed,
Lotus,7,0,0,7,The Alliance Needs Purple Lotus!,,,unreviewed,
Lydros,7,1,0,6,Lorekeeper Lydros,,,unreviewed,
MacDonnell,7,1,0,6,High Priestess MacDonnell,,,unreviewed,
Martin,7,2,5,0,Doctor Martin Felben,,,unreviewed,
Might,7,0,4,3,I don't think you want to learn anything I can teach. Might want to find a   trainer to help you out.,,,unreviewed,
Mission,7,0,0,7,Maxwell's Mission,,,unreviewed,
Mistrunner,7,3,4,0,Gart Mistrunner,,,unreviewed,
Mograine,7,0,7,0,"Aye, the Highlord Mograine: A founder of the original order of the Scarlet Crusade. A knight of unwavering faith and purity; Mograine would be betrayed by his own son and slain by Kel'Thuzad's forces inside Stratholme. It is how I ended up here...",,,unreviewed,
Moonglade,7,0,3,4,"The Shrine of Remulos is a sacred place for us in the Cenarion Circle here in Moonglade... so please conduct yourself in a manner befitting a visitor.  A visitor who doesn't want my scimitar buried in them, that is.",,,unreviewed,
Moonspear,7,2,0,5,Latronicus Moonspear,,,unreviewed,
Moonwarden,7,1,5,1,Elder Moonwarden,,,unreviewed,
Morrowgrain,7,0,0,7,Morrowgrain Research,,,unreviewed,
Mountains,7,0,5,2,"There is one whose knowledge exceeds my own. You are ready to seek her out. Go to Sun Rock Retreat in Stonetalon Mountains. Find Hgarth, and continue your training.",,,unreviewed,
Move,7,0,7,0,"All of a sudden you're a 'Defender of the Alliance' are you?! Well, I suppose you'll be wanting to head to the Champions' Hall now. It's over in Old Town, but they won't let you in unless you're an officer, so you might just have to settle for talking to Officer Areyn outside. Move along now.",,,unreviewed,
Narain,7,1,3,3,Narain Soothfancy,,,unreviewed,
Neeru,7,1,0,6,Neeru Fireblade,,,unreviewed,
Nether,7,0,6,1,"Etched into a tablet of pure gold was the embodiment of my remorse, shame, regret, and sorrow. Unfortunately, the Twilight's Hammer found the tablet and branded me a blasphemer. I was summarily executed, my prayer to Elune incomplete. I am now bound to this world as a spirit, unable to transcend to the Nether; held in this cage as a warning to all that would betray the faith of the Twilight's Hammer.",,,unreviewed,
Niby,7,1,5,1,Niby the Almighty,,,unreviewed,
Nicholas,7,1,0,6,Duke Nicholas Zverenhoff,,,unreviewed,
Nightwind,7,1,5,1,Elder Nightwind,,,unreviewed,
Obnoticus,7,1,0,6,Oglethorpe Obnoticus,,,unreviewed,
Ogre,7,0,0,7,Ogre Thieves,,,unreviewed,
Order,7,0,1,6,The Order of the Shattered Hand existed before Thrall and shall exist after Thrall. ,,,unreviewed,
Orders,7,0,0,7,The Admiral's Orders,,,unreviewed,
Outfitter,7,1,0,6,Argent Outfitter,,,unreviewed,
Protection,7,0,0,7,Dousing the Flames of Protection,,,unreviewed,
Proudhorn,7,2,4,1,Windcaller Proudhorn,,,unreviewed,
Purple,7,0,0,7,The Alliance Needs Purple Lotus!,,,unreviewed,
Ram,7,1,1,5,Stormpike Ram Rider Commander,,,unreviewed,
Ready,7,0,3,4,"Ready for another lesson? All right, then. First, relax. You gotta stay loose to stir a potion just right.",,,unreviewed,
Remains,7,2,0,5,Remains of a Paladin,,,unreviewed,
Rhapsody,7,1,0,6,Rhapsody Shindigger,,,unreviewed,
Rite,7,0,0,7,Rite of Strength,,,unreviewed,
Rot,7,0,0,7,Gather Rot Blossoms,,,unreviewed,
Run,7,0,1,6,"In the Silverpine Forest along the edges of the North Tide's Run, a derelict boat rests on the shore.  Out to the west of this lies what you seek; swim too far and the ocean will crush you from fatigue.  It resides on the ocean floor in a lockbox, waiting for you to claim it.  You'll be hard pressed to survive a dive to such depths without aid, so take heart; a bubbly fissure offers renewed breath to divers seeking this half of the pendant.  Use it wisely.",,,unreviewed,
Runner,7,2,0,5,Bluff Runner Windstrider,,,unreviewed,
Sanctum,7,0,7,0,"Sounds like you want to talk to Maginor Dumas! You can usually find him in the Wizard's Sanctum in the Mage Quarter. Course, you never know when or where those magi will portal off to.",,,unreviewed,
Sayoc,7,1,6,0,Sayoc,,,unreviewed,
Scale,7,0,0,7,Icy Scale Bracers,,,unreviewed,
Screwspigot,7,3,0,4,Yuka Screwspigot,,,unreviewed,
Seahorn,7,1,0,6,Fleet Master Seahorn,,,unreviewed,
Shadowbreaker,7,1,2,4,Lord Grayson Shadowbreaker,,,unreviewed,
She'll,7,0,7,0,"Well  lad : lass;, ye can find Shelby Stoneflint right outside the Thunderbrew Distillery in Kharanos.  She'll take good care of any pets ye might have.",,,unreviewed,
Signet,7,0,0,7,Signet of the Dukes,,,unreviewed,
Silverwind,7,0,7,0,Seek out Shandrina in Silverwind Refuge.  She can sell you the 'Expert Cookbook'.,,,unreviewed,
Skullsplitter,7,1,0,6,Krueg Skullsplitter,,,unreviewed,
Sky,7,0,3,4,Go to the Valley of Strength and look for the Bank of Orgrimmar to the south of the Sky Tower.,,,unreviewed,
Slim,7,2,0,5,Whiskey Slim,,,unreviewed,
Snowcrown,7,1,5,1,Elder Snowcrown,,,unreviewed,
Snowfall,7,1,1,5,Field Marshal Snowfall,,,unreviewed,
Society,7,0,3,4,"Another student. Wonderful. This is why Lydon belongs to the Royal Society of Snobs and gets to do research, and I'm stuck being an instructor. If I win another teaching award, I'll never live it down!",,,unreviewed,
Stalvan,7,0,0,7,The Legend of Stalvan,,,unreviewed,
Step,7,0,7,0,Ticket redemption here!  Get your tickets turned into prizes!  Step right up!,,,unreviewed,
Stern,7,4,0,3,Angus Stern,,,unreviewed,
Stonehand,7,4,3,0,Bailor Stonehand,,,unreviewed,
Stronghold,7,0,2,5,It is time you moved on to a more advanced teacher. In the Feathermoon Stronghold of Feralas dwells the night elf Kylanna Windwhisper. She has a brilliant mind; doubtless she can train you further.,,,unreviewed,
Sure,7,0,7,0,"You act like this is the best junk I've ever seen. Sure it's ok, but I see stuff this 'OK' every day. Tell you what, you find a way to wow me, and I'll teach you things that make dwarves smile in their sleep.",,,unreviewed,
Surely,7,0,6,1,"Surely ye didn't think ye would find a town without a resident miner about, did ye?  Yarr can usually be found over at Steelgrill's Depot just outside of Kharanos.",,,unreviewed,
Sven,7,1,0,6,Sven Yorgen,,,unreviewed,
Sword,7,0,2,5,"Bah!  Mailboxes...  all I get is junk mail lately!  Increase the size of this... decrease the size of that... act now for your free Sword of Dragonslaying.  I have to change my mailbox number every other month!  Well, ye can't say I didn't warn ye.  If you're looking for the mailbox it's just outside the Stonefire Tavern.",,,unreviewed,
Taurajo,7,0,7,0,Your understanding of leather is deeper than my own. Perhaps you should visit the tauren Krulmoo Fullmoon in Camp Taurajo of the Barrens. He has much knowledge to offer a student of your talents.,,,unreviewed,
Tenaron,7,1,0,6,Tenaron Stormgrip,,,unreviewed,
Thomas,7,3,0,4,Guard Thomas,,,unreviewed,
Thurden,7,1,4,2,Gryth Thurden,,,unreviewed,
Tokens,7,0,5,2,"The Argent Dawn salutes you,  .  I am Hasana - one of but a few authorized equipment and materiel quartermasters for the Dawn.  As you fight evil under our commission - all the while earning our respect and trust - you'll earn valor tokens from Officer Garush.  Tokens serve two purposes: use them to gain increased standing within our ranks, or use them as tender in acquiring special items.  As you improve your standing with the Dawn, you'll discover that more items will be made available to you.",,,unreviewed,
Tor'gan,7,1,0,6,Tor'gan,,,unreviewed,
Torntusk,7,2,1,4,Primal Torntusk,,,unreviewed,
Trias,7,4,0,3,Elling Trias,,,unreviewed,
Update,7,0,0,7,Update for Sentinel Thenysil,,,unreviewed,
Vandis,7,1,0,6,Shadow Priestess Vandis,,,unreviewed,
Veriatus,7,1,0,6,Lotwil Veriatus,,,unreviewed,
Weller,7,2,5,0,Marda Weller,,,unreviewed,
Wildheart,7,1,1,5,Grif Wildheart,,,unreviewed,
Windsor,7,2,3,2,Marshal Windsor,,,unreviewed,
Wing,7,6,1,0,Wing Commander Guse,,,unreviewed,
Wizard,7,0,6,1,"Sounds like you want to talk to Maginor Dumas! You can usually find him in the Wizard's Sanctum in the Mage Quarter. Course, you never know when or where those magi will portal off to.",,,unreviewed,
World,7,0,0,7,"All was not well with Teldrassil, however. Staghelm's carefully made plans for the new World most powerful of our wells. Retrieve a phial of its water and return to me.",,,unreviewed,
Wulmort,7,1,0,6,Wulmort Jinglepocket,,,unreviewed,
Ziz,7,1,0,6,Ziz Fizziks,,,unreviewed,
Zuldazar,7,1,1,5,Maywiki of Zuldazar,,,unreviewed,
Acerbus,6,1,0,5,Bubulo Acerbus,,,unreviewed,
Alas,6,0,3,3,"Alas  , you are not considered to be exalted to Darnassus and the night elves of Teldrassil.  Only when you prove yourself to us through deeds - not just mere words - will I then make available my selection of mounts for your perusal.",,,unreviewed,
Alathea,6,1,0,5,Priestess Alathea,,,unreviewed,
Aldwin,6,1,5,0,Aldwin Laughlin,,,unreviewed,
Ambassador,6,2,0,4,Ambassador Berrybuck,,,unreviewed,
Analysis,6,0,0,6,Insect Part Analysis,,,unreviewed,
Angler,6,1,1,4,Katoom the Angler,,,unreviewed,
Ansekhwa,6,1,5,0,Ansekhwa,,,unreviewed,
Apprentice,6,1,0,5,Apprentice Kryten,,,unreviewed,
Aristan,6,1,0,5,Aristan Mottar,,,unreviewed,
Armorers,6,0,6,0,There is a symmetry in the idea of the hide of your enemy providing you with protection.  To further your leatherworking skills look for Una inside the Thunder Bluff Armorers on the middle rise.,,,unreviewed,
Assault,6,0,0,6,Assault on Fenris Isle,,,unreviewed,
Auction,6,0,6,0,"Another entrepreneur, eh? Well, the Auction House can be found in the Trade District.  Not far from the bank.",,,unreviewed,
Augur,6,0,0,6,Paragons of Power: The Augur's Bracers,,,unreviewed,
Bait,6,0,2,4,Kah Mistrunner at Mountaintop Bait & Tackle on the high rise will show you the way to find inner peace and serenity while fishing for your next meal.,,,unreviewed,
Band,6,0,0,6,Band of Veiled Shadows,,,unreviewed,
Barleybrew,6,4,0,2,Marleth Barleybrew,,,unreviewed,
Behest,6,0,0,6,Mazen's Behest,,,unreviewed,
Beyond,6,0,2,4,"You are an exceptional enchanter. Beyond my talents as a teacher, I fear. Seek out Kitta Firewind at the Tower of Azora. Only she can qualify as your instructor now.",,,unreviewed,
Blastenheimer,6,2,4,0,Bingles Blastenheimer,,,unreviewed,
Bonegrip,6,1,0,5,Gerrig Bonegrip,,,unreviewed,
Breechlock,6,1,1,4,Quartermaster Miranda Breechlock,,,unreviewed,
Briarthorn,6,1,0,5,Briarthorn,,,unreviewed,
Bubulo,6,1,0,5,Bubulo Acerbus,,,unreviewed,
Bundle,6,0,0,6,Akiris by the Bundle,,,unreviewed,
Cenarius,6,0,4,2,"We work to preserve the balance as Cenarius teaches,  .  His is the light of a beacon that shows the way for us, and we must do everything in our power to preserve that light.",,,unreviewed,
Centaur,6,0,0,6,Centaur Bracers,,,unreviewed,
Chromie,6,1,1,4,Chromie,,,unreviewed,
Clavicus,6,1,0,5,Clavicus Knavingham,,,unreviewed,
Company,6,0,3,3,"See, the Venture Company's new shredder is better than my latest, from the interchangeable hands to the control grips! My boss has given me a pretty strict deadline, but my boys and I couldn't come up with anything.  Nothing was working, so we decided to 'borrow' one of their prototypes. I sent Wizzlecrank to the Sludge Fen to steal one, but he hasn't gotten back yet!",,,unreviewed,
Components,6,0,0,6,Components for the Enchanted Gold Bloodrobe,,,unreviewed,
Confessor,6,0,0,6,Paragons of Power: The Confessor's Wraps,,,unreviewed,
Core,6,0,1,5,"The Thorium Brotherhood possesses the knowledge required to make the sacred arms and armaments of the Fire Lord, but we lack the manpower to obtain the materials required for the crafting.  I, Lokhtos Darkbargainer, have been empowered by the Brotherhood to exchange the exalted recipes for materials gathered from the Molten Core.  Present your offer,  .",,,unreviewed,
Counting,6,0,4,2,"Stormwind Counting House is located by the front gates in the Trade District of Stormwind. And when you get tired of counting your money, be sure to stop by the Gilded Rose for a drink.",,,unreviewed,
Cult,6,0,3,3,"The Cult of the Damned has grown large in scope. Nearly every city, from the capitals to the small hamlets and hovels of both the Horde and Alliance, have Cult members hidden amongst their citizenry.  Do not look so surprised. The Cult only wears a uniform for ritual and ceremony. It is quite possible that you have interacted with one during your adventures and not even known.",,,unreviewed,
Dadanga,6,0,6,0,"Yeah yeah, I know Dadanga dislikes smoke.  From the smell of it though, seems like Dadanga also dislikes bathing.",,,unreviewed,
Darkbinder,6,1,0,5,Gakin the Darkbinder,,,unreviewed,
Darkcore,6,1,4,1,Elder Darkcore,,,unreviewed,
Darkhorn,6,1,4,1,Elder Darkhorn,,,unreviewed,
Darkstone,6,1,0,5,Melnan Darkstone,,,unreviewed,
Dashel,6,1,0,5,Dashel Stonefist,,,unreviewed,
Day,6,0,1,5,"Bena works like one possessed. Day and night I have seen her bent over these potions, often going without sleep or food. I know our undead allies need help, but I begin to fear she will do herself an injury.",,,unreviewed,
Dearest,6,0,0,6,Dearest Natalia,,,unreviewed,
Deino,6,1,0,5,Deino,,,unreviewed,
Delivering,6,0,2,4,"Delivering these barrels to the excavation site is hard work, but there are so many depending on us to get the blast powder there.  We must do what we can against the Dark Irons!",,,unreviewed,
Demise,6,0,0,6,Proof of Demise,,,unreviewed,
Demisette,6,1,0,5,Demisette Cloyce,,,unreviewed,
Demoniac,6,0,0,6,Paragons of Power: The Demoniac's Wraps,,,unreviewed,
Depths,6,0,5,1,"You've done all that I've asked you to do,  . There's really nothing more here for you. If you are interested in continuing your career as an agent of the Thorium Brotherhood, speak with Lokhtos Darkbargainer at the Grim Guzzler in Blackrock Depths.  Farewell!",,,unreviewed,
Discovery,6,0,0,6,A Grim Discovery,,,unreviewed,
Dizzywig,6,1,0,5,Wharfmaster Dizzywig,,,unreviewed,
Doom,6,0,0,6,Solution to Doom,,,unreviewed,
Dragon,6,0,0,6,Faerie Dragon Muisek,,,unreviewed,
Dreamseer,6,1,4,1,Elder Dreamseer,,,unreviewed,
Drink,6,0,3,3,"The kegs are filled with strong brew!  Drink, friend, and celebrate!",,,unreviewed,
Droffers,6,2,1,3,Dran Droffers,,,unreviewed,
Drunk,6,0,0,6,Get the Gnomes Drunk,,,unreviewed,
Duncan,6,2,2,2,"""Pretty Boy"" Duncan",,,unreviewed,
Durotar,6,0,6,0,"Plenty of good mining to be had in Durotar, or so I hear.  So good in fact that we have a Mining Trainer right here in Razor Hill.  You'll find Krunn next to the heated forge in the northwest corner of town.",,,unreviewed,
Duskstriker,6,1,0,5,Raedon Duskstriker,,,unreviewed,
Dust,6,0,0,6,Gold Dust Exchange,,,unreviewed,
Dwarves,6,0,1,5,"Yeah? Of course I'm a smith. What, you think Dwarves are the only ones worth their weight in anvils? Fine, be that way. Go get a dwarf to help you!",,,unreviewed,
Elenia,6,1,0,5,Elenia Haydon,,,unreviewed,
Elling,6,1,0,5,Elling Trias,,,unreviewed,
Embrace,6,0,0,6,Death's Embrace,,,unreviewed,
Enchantment,6,0,0,6,Mok'thardin's Enchantment,,,unreviewed,
Enraged,6,0,0,6,Enraged Thunder Lizards,,,unreviewed,
Everlook,6,0,3,3,"Last I knew, Elder Stonespire was at Everlook in Winterspring.",,,unreviewed,
Exchange,6,0,0,6,Gold Dust Exchange,,,unreviewed,
Farnsley,6,1,0,5,Ralston Farnsley,,,unreviewed,
Farsong,6,1,0,5,Sentinel Farsong,,,unreviewed,
Faulk,6,2,0,4,Narm Faulk,,,unreviewed,
Fenstad,6,1,0,5,Fenstad Argyle,,,unreviewed,
Finally,6,0,1,5,"It is good to see others who fight the Scourge in Stratholme, for it is here they are strongest.  Greetings.  I am Aurius.  I was once a paladin of the Silver Hand, but like others whose faith wavered... I fell from grace.  The Scourge seduced me and nearly transformed me into a death knight!  Finally sensing my peril, I fled to this chapel.  It is a sacred place, where the first paladin, Uther the Lightbringer, was ordained into the order of the Silver Hand.",,,unreviewed,
Fish,6,0,1,5,Fish so delicious. You come learn fish? Eat fish? Mmmmm...,,,unreviewed,
Fizziks,6,1,0,5,Ziz Fizziks,,,unreviewed,
Flames,6,0,0,6,Dousing the Flames of Protection,,,unreviewed,
Forging,6,0,0,6,Forging the Shaft,,,unreviewed,
Four,6,0,1,5,"Good question,  . In my younger days I was footloose and fancy free without a care in the world. In those days I would sing in a barber shop quartet out of Stormwind known as the Four Dons. That's where I learned how to craft the Bonescythe digs.",,,unreviewed,
Garrett,6,2,0,4,Patrick Garrett,,,unreviewed,
Gems,6,0,0,6,Find the Gems,,,unreviewed,
Gerrig,6,1,0,5,Gerrig Bonegrip,,,unreviewed,
Ghost,6,0,3,3,You killed Ghost Howl.  You're a stud!,,,unreviewed,
Gift,6,0,0,6,Taretha's Gift,,,unreviewed,
Gracina,6,1,0,5,Gracina Spiritmight,,,unreviewed,
Grand,6,1,1,4,Grand Mason Marblesten,,,unreviewed,
Gregorian,6,1,4,1,Josef Gregorian,,,unreviewed,
Grom'gol,6,0,1,5,"  Hey there cutie, you looking for a ride to Grom'gol? I hear it gets mighty steamy down in those jungles, maybe I could join you for a short vacation, show you a real jungle cat. : Come, take a trip to the wonderful, gorgeous, tropical jungles of Stranglethorn. That's right, you too can be spending your time sunbathing by the crystal blue waters while I stand here in this unbearable heat with nothing to look at but my brother Frezza all day! Enjoy your trip!;",,,unreviewed,
Haggard,6,1,0,5,Marshal Haggard,,,unreviewed,
Haha,6,0,0,6,"Haha! Done! The shackles are done! It's time, Lucien. It's time, Servo! Are you ready to bear summon forth a powerful elemental now. This is a groundbreaking day for all of us.",,,unreviewed,
Halsey,6,1,5,0,Doctor Herbert Halsey,,,unreviewed,
Hammershout,6,1,4,1,Elder Hammershout,,,unreviewed,
Hanashi,6,1,5,0,Hanashi,,,unreviewed,
Harbinger,6,3,0,3,Harbinger Balthazad,,,unreviewed,
Haruspex,6,0,0,6,Paragons of Power: The Haruspex's Tunic,,,unreviewed,
Hasana,6,1,1,4,Argent Quartermaster Hasana,,,unreviewed,
Hatred,6,0,0,6,Consumed by Hatred,,,unreviewed,
Hearthglen,6,0,3,3,"Hello,  . I've set up camp here at the Bulwark to make my preparations for my journey into the Plaguelands. I've heard rumor that a great human wizard took up residency in Hearthglen not terribly long ago. He was commissioned by the Scarlet Crusade to fashion their warriors and hunters new bows and guns. It's said that he completed a remarkable weapon before the Crusade killed him.  I guess their mistrust of the arcane has grown.",,,unreviewed,
Hearts,6,0,0,6,Wild Hearts,,,unreviewed,
Heavy,6,0,0,6,The Horde Needs Heavy Leather!,,,unreviewed,
Helcular,6,0,0,6,Helcular's Revenge,,,unreviewed,
Helmet,6,0,0,6,Wild Leather Helmet,,,unreviewed,
Hemet,6,1,0,5,Hemet Nesingwary,,,unreviewed,
Herbert,6,1,5,0,Doctor Herbert Halsey,,,unreviewed,
Highlands,6,0,5,1,Only the renowned Doctor Gregory Victor can improve your skill now.  He can be found in Arathi Highlands at Hammerfall.,,,unreviewed,
Honored,6,0,0,6,Superior Armaments of Battle - Honored Amongst the Dawn,,,unreviewed,
Humble,6,0,0,6,Humble Beginnings,,,unreviewed,
Hyal,6,1,1,4,Vincent Hyal,,,unreviewed,
Icebane,6,0,0,6,Icebane Gauntlets,,,unreviewed,
Illusionist,6,0,0,6,Paragons of Power: The Illusionist's Wraps,,,unreviewed,
Ilyenia,6,1,5,0,Ilyenia Moonfire,,,unreviewed,
Infinite,6,0,0,6,Gavel of Infinite Wisdom,,,unreviewed,
Inscribed,6,0,0,6,Rune-Inscribed Note,,,unreviewed,
Instead,6,0,6,0,"When I clawed my way out of the grave, I thought my family would welcome me with open arms. Instead, they drove me from the village, screaming in a language I could no longer understand.",,,unreviewed,
Invaders,6,0,0,6,Goblin Invaders,,,unreviewed,
Islen,6,1,0,5,Islen Waterseer,,,unreviewed,
Johaan,6,1,1,4,Apothecary Johaan,,,unreviewed,
Jonathan,6,3,0,3,General Marcus Jonathan,,,unreviewed,
Kaal,6,1,0,5,Kaal Soulreaper,,,unreviewed,
Karn,6,1,5,0,Karn Stonehoof,,,unreviewed,
Kel'Theril,6,0,3,3,"Hi! I just got back from exploring the Ruins of Kel'Theril, to the southwest. Now I'm intent on investigating the Wildkin that lie just up the ridge here, in Owl Wing Thicket.  Have you spoken to Erelas Ambersky in Rut'theran Village? He requested that I come here, and perhaps he has a task for you as well.",,,unreviewed,
Khaz,6,0,5,1,"Ahhh, you are looking for Dungar Longdrink. He has some of the fastest gryphons this side of Khaz Modan! You can find him up on the ramparts in the Trade District.",,,unreviewed,
Kirith,6,1,3,2,Spirit of Kirith,,,unreviewed,
Knavingham,6,1,0,5,Clavicus Knavingham,,,unreviewed,
Kolkar,6,0,0,6,Thwarting Kolkar Aggression,,,unreviewed,
Lamb,6,0,4,2,"Warlocks, eh.  Well, you didn't hear it from me, but I've heard rumors that those types gather at a bar called the Slaughtered Lamb in the Mage Quarter.  ",,,unreviewed,
Latronicus,6,1,0,5,Latronicus Moonspear,,,unreviewed,
Laurna,6,1,2,3,Laurna Morninglight,,,unreviewed,
Leland,6,2,4,0,Arnold Leland,,,unreviewed,
Libram,6,0,0,6,Libram of Rapidity,,,unreviewed,
Lightspark,6,1,1,4,Argent Quartermaster Lightspark,,,unreviewed,
Linen,6,0,0,6,Red Linen Goods,,,unreviewed,
Lodge,6,0,6,0,"What, you can't port there?  Go to the Darkbriar Lodge next to the lake in the Valley of Spirits, up above and to the west of the Valley of Strength.",,,unreviewed,
Luck,6,0,0,6,Luck Be With You,,,unreviewed,
Lydon,6,1,1,4,Apothecary Lydon,,,unreviewed,
Lyria,6,1,4,1,Lyria Du Lac,,,unreviewed,
Madcap,6,0,0,6,Paragons of Power: The Madcap's Bracers,,,unreviewed,
Magatha,6,1,1,4,Magatha Grimtotem,,,unreviewed,
Mathiel,6,1,0,5,Mathiel,,,unreviewed,
Matron,6,2,0,4,Orphan Matron Nightingale,,,unreviewed,
Maywiki,6,1,1,4,Maywiki of Zuldazar,,,unreviewed,
Meadowrun,6,1,4,1,Elder Meadowrun,,,unreviewed,
Medallion,6,0,0,6,Burning Blade Medallion,,,unreviewed,
Messengers,6,0,6,0,"Messengers from Ravenholdt delivered this letter to me this morning. It is addressed to you,  .",,,unreviewed,
Miles,6,2,0,4,Miles Welsh,,,unreviewed,
Mirage,6,0,6,0,Elder Morningdew has taken to watching the commotion at the Mirage Raceway in Thousand Needles.,,,unreviewed,
Miranda,6,1,1,4,Quartermaster Miranda Breechlock,,,unreviewed,
Mistina,6,1,0,5,Mistina Steelshield,,,unreviewed,
Moonfire,6,1,5,0,Ilyenia Moonfire,,,unreviewed,
Morninglight,6,1,2,3,Laurna Morninglight,,,unreviewed,
Mux,6,1,0,5,Mux Manascrambler,,,unreviewed,
Names,6,0,0,6,Kris of Unspoken Names,,,unreviewed,
Nathanos,6,1,1,4,Nathanos Blightcaller,,,unreviewed,
Nesingwary,6,1,1,4,Hemet Nesingwary,,,unreviewed,
Nice,6,1,3,2,Nelson the Nice,,,unreviewed,
Nicely,6,0,0,6,"Nicely done,  . You are ready to move on. Nicely done,  . You are ready to move on.",,,unreviewed,
Nightsong,6,2,0,4,Alanndarian Nightsong,,,unreviewed,
Nixx,6,1,0,5,Nixx Sprocketspring,,,unreviewed,
Norman,6,1,0,5,Innkeeper Norman,,,unreviewed,
Orahil,6,0,0,6,Fragments of the Orb of Orahil,,,unreviewed,
Park,6,0,6,0,A child of nature are we? Then you need look no further then the moonwell in the Park.,,,unreviewed,
Paxton,6,2,2,2,Brother Paxton,,,unreviewed,
Philips,6,2,0,4,Commander Louis Philips,,,unreviewed,
Plea,6,0,0,6,Plea To The Alliance,,,unreviewed,
Point,6,0,2,4,"Welcome to the front lines,  .  The Kingdom of Stormwind, with the aid of its allies, has sent me here to counter the growing threat of the Scourge.  Here at Chillwind Point, we fight for our continued survival on a daily basis.  If you've come here looking for a chance to prove yourself as a hero, then you'll find plenty of opportunities to do so... especially as we push towards Andorhal and whatever malign force that controls the Scourge there.",,,unreviewed,
Polar,6,0,0,6,Polar Bracers,,,unreviewed,
Predator,6,0,0,6,Paragons of Power: The Predator's Belt,,,unreviewed,
Presence,6,0,0,6,Horde Presence,,,unreviewed,
Prison,6,0,0,6,Prison Break In,,,unreviewed,
Protect,6,0,0,6,Protect the Frontier,,,unreviewed,
Proudstrider,6,1,0,5,Rumstag Proudstrider,,,unreviewed,
Proving,6,0,0,6,Proving Your Worth,,,unreviewed,
Rabine,6,1,0,5,Rabine Saturna,,,unreviewed,
Raceway,6,0,6,0,Elder Morningdew has taken to watching the commotion at the Mirage Raceway in Thousand Needles.,,,unreviewed,
Raedon,6,1,0,5,Raedon Duskstriker,,,unreviewed,
Ragnaros,6,0,6,0,"As you can see, I am but one man with a lumbering oaf of a squire. The might of the Dark Iron dwarves and the beasts held in the grip of Ragnaros would surely overwhelm me alone, but I have the utmost confidence that such a brave and ambitious adventurer such as you would have no problem handling the denizens of the cauldron. Should you choose to assist me, I shall reward you with riches and wealth beyond your wildest dreams.",,,unreviewed,
Raiders,6,0,0,6,Crazz speaks highly of your dedication to the Blackwater Raiders. I am going to trust along with their written orders. We shall see exactly what those scum are up to.,,,unreviewed,
Ralston,6,1,0,5,Ralston Farnsley,,,unreviewed,
Randis,6,0,0,6,"May the heavens bless you,  . You've done more for Randis than most would ever  . He wanted to give you one of his favorite pets to remember him by.",,,unreviewed,
Rashona,6,1,0,5,Rashona Straglash,,,unreviewed,
Rat,6,0,0,6,Rat Catching,,,unreviewed,
Reagent,6,0,0,6,Uldaman Reagent Run,,,unreviewed,
Reethe,6,0,2,4,"If Reethe is somehow involved with the burning of the Shady Rest Inn, you'll have to find him and get some answers out of him.  I sent Ogron to track him down. He was headed off to the southeast. Meet up with Ogron and then go find Reethe.",,,unreviewed,
Renferrel,6,1,0,5,Apothecary Renferrel,,,unreviewed,
Respect,6,0,6,0,"You be watchin' yerself,  . Respect our ways, or a curse be on you and yours.",,,unreviewed,
Retribution,6,0,0,6,Divine Retribution,,,unreviewed,
Returning,6,0,0,6,Returning the Cleansed Orb,,,unreviewed,
Right,6,0,4,2,"Who are you and why are you bothering me? Oh, right--potions student. Right. What can I do for you?",,,unreviewed,
Riknussun,6,1,5,0,Daryl Riknussun,,,unreviewed,
Rimblat,6,1,5,0,Rimblat Earthshatter,,,unreviewed,
Riversong,6,1,4,1,Elder Riversong,,,unreviewed,
Rockweaver,6,2,0,4,Tarrel Rockweaver,,,unreviewed,
Rod,6,0,2,4,"Yes, I expected that you would be back. I sent Korra out earlier and she came across Dartol's Rod, abandoned in the forest.  We worked so hard to recover it,  . Please take care to see that you do not handle it so carelessly in the future.",,,unreviewed,
Roetten,6,1,0,5,Roetten Stonehammer,,,unreviewed,
Rumblerock,6,1,4,1,Elder Rumblerock,,,unreviewed,
Rumstag,6,1,0,5,Rumstag Proudstrider,,,unreviewed,
Sacred,6,0,0,6,A Sacred Burial,,,unreviewed,
Sacrifice,6,0,0,6,Sathrah's Sacrifice,,,unreviewed,
Saelienne,6,1,2,3,Innkeeper Saelienne,,,unreviewed,
Sample,6,0,0,6,A New Ore Sample,,,unreviewed,
Sandals,6,0,0,6,Frostfire Sandals,,,unreviewed,
Saru,6,1,5,0,Saru Steelfury,,,unreviewed,
Satchel,6,0,0,6,Searching for the Lost Satchel,,,unreviewed,
Saturna,6,1,0,5,Rabine Saturna,,,unreviewed,
Satyr,6,0,0,6,Befouled by Satyr,,,unreviewed,
Saving,6,0,0,6,Saving Yenniku,,,unreviewed,
Scar,6,0,6,0,"In the age of war, Razelikh the Defiler served as the most fearsome of Lord Kazzak's lieutenants. When the Legion was defeated and Kazzak forced back into the Tainted Scar, Razelikh was tasked by his master to secure the Blasted Lands.  While the Alliance fought petty battles with the Horde over territory outside of the Blasted Lands, Razelikh was uniting the differing Shadow Council sects and the brutish Dreadmaul ogres of the land.",,,unreviewed,
Searn,6,1,0,5,Searn Firewarder,,,unreviewed,
Seas,6,0,2,4,"I must say, Booty Bay has the best Clam Chowder to be had anywhere in the South Seas. Oh, not interested in cuisine eh? Well then let me be the first to welcome you to the berth of the Maiden's Fancy, the finest passenger ship to travel between the Eastern Kingdoms and Kalimdor. She's due back for another trip to Ratchet soon, so make yourself comfortable till she arrives.",,,unreviewed,
Securing,6,0,0,6,Securing the Lines,,,unreviewed,
Shadowy,6,0,0,6,The Shadowy Figure,,,unreviewed,
Shandrina,6,0,6,0,Seek out Shandrina in Silverwind Refuge.  She can sell you the 'Expert Cookbook'.,,,unreviewed,
Shells,6,0,0,6,Hardened Shells,,,unreviewed,
Shen'dralar,6,2,3,1,Shen'dralar Ancient,,,unreviewed,
Skygleam,6,1,4,1,Elder Skygleam,,,unreviewed,
Slaughtered,6,0,4,2,"Warlocks, eh.  Well, you didn't hear it from me, but I've heard rumors that those types gather at a bar called the Slaughtered Lamb in the Mage Quarter.  ",,,unreviewed,
South,6,0,2,4,"I must say, Booty Bay has the best Clam Chowder to be had anywhere in the South Seas. Oh, not interested in cuisine eh? Well then let me be the first to welcome you to the berth of the Maiden's Fancy, the finest passenger ship to travel between the Eastern Kingdoms and Kalimdor. She's due back for another trip to Ratchet soon, so make yourself comfortable till she arrives.",,,unreviewed,
Special,6,0,2,4,Just in... another batch of Darkmoon Special Reserve.  Come get yours before they're all gone!,,,unreviewed,
Spider,6,0,0,6,Deepmoss Spider Eggs,,,unreviewed,
Sprocketspring,6,1,0,5,Nixx Sprocketspring,,,unreviewed,
Stable,6,2,0,4,Frostwolf Stable Master,,,unreviewed,
Stand,6,0,0,6,"Stand at attention while addressing me,  . I am under direct command of Varimathras. We are Fields. Make sure that the landowners, Farmer Ray and Farmer Getz, are executed as well.",,,unreviewed,
Starblaze,6,1,0,5,Dendrite Starblaze,,,unreviewed,
Starting,6,0,6,0,"Be sure to stick around for the next firework show!  Starting at 6PM, they're every hour on the hour!",,,unreviewed,
Steelbrow,6,2,4,0,Glorin Steelbrow,,,unreviewed,
Steelshield,6,1,0,5,Mistina Steelshield,,,unreviewed,
Stew,6,0,0,6,Westfall Stew,,,unreviewed,
Stormbrow,6,1,4,1,Elder Stormbrow,,,unreviewed,
Straglash,6,1,0,5,Rashona Straglash,,,unreviewed,
Stronghammer,6,2,3,1,Azar Stronghammer,,,unreviewed,
Sulfuron,6,0,6,0,"A Sulfuron ingot?!??! Impossible! I must have it! I must! I must!   , I am authorized to make you a grand deal for that ingot. Perhaps you would be interested to know the secrets of the Hand of Ragnaros? Sulfuras, idiot! The legendary hammer of the Firelord.",,,unreviewed,
Supply,6,0,0,6,Supply and Demand,,,unreviewed,
Surprise,6,0,0,6,The Princess's Surprise,,,unreviewed,
Swart,6,1,2,3,Swart,,,unreviewed,
Tablets,6,0,0,6,The Lost Tablets of Will,,,unreviewed,
Takata,6,1,0,5,Takata Steelblade,,,unreviewed,
Taladan,6,1,5,0,Taladan,,,unreviewed,
Tale,6,0,0,6,Rhapsody's Tale,,,unreviewed,
Talespinner,6,1,0,5,Festival Talespinner,,,unreviewed,
Tannysa,6,1,4,1,Tannysa,,,unreviewed,
Tarren,6,0,1,5,You require the instruction of a true master! Go to Daryl Stack in Tarren Mill and embrace your destiny!,,,unreviewed,
Therum,6,1,5,0,Therum Deepforge,,,unreviewed,
Thistlefuzz,6,1,5,0,Gimble Thistlefuzz,,,unreviewed,
Thundergranite,6,2,2,2,Belia Thundergranite,,,unreviewed,
Tiara,6,0,0,6,The Perenolde Tiara,,,unreviewed,
Titans,6,0,4,2,"We are united in cause,  . An ancient evil threatens to extinguish all life on Kalimdor and consume the world with its depravity... Its hatred of all things born of the great Shapers: The eternal Titans.  We are the first and the last lines of defense against the armies of C'Thun. If we do not rise up and strike at our enemy, our enemy will surely destroy us.  The war effort needs you!",,,unreviewed,
Tiza,6,1,0,5,Tiza Battleforge,,,unreviewed,
Tok'Kar,6,1,0,5,Tok'Kar,,,unreviewed,
Tor,6,1,2,3,Deathguard Tor,,,unreviewed,
Trauma,6,0,2,4,"Greetings,  . I am Doctor Gregory Victor, head trauma surgeon of Horde Trauma.",,,unreviewed,
Trey,6,1,3,2,Remains of Trey Lightforge,,,unreviewed,
Trousers,6,0,0,6,Trousers of the Oracle,,,unreviewed,
Turner,6,2,0,4,Stephanie Turner,,,unreviewed,
Two,6,2,0,4,"Remy ""Two Times""",,,unreviewed,
Unending,6,0,0,6,Mace of Unending Life,,,unreviewed,
Unseen,6,0,0,6,Scythe of the Unseen Path,,,unreviewed,
Unspoken,6,0,0,6,Kris of Unspoken Names,,,unreviewed,
Unyielding,6,0,0,6,Sickle of Unyielding Strength,,,unreviewed,
Uthel'nay,6,1,0,5,Uthel'nay,,,unreviewed,
Vaelan,6,1,1,4,Vaelan,,,unreviewed,
Van,6,2,2,2,Graham Van Talen,,,unreviewed,
Vaulted,6,0,0,6,Blade of Vaulted Secrets,,,unreviewed,
Vehena,6,1,0,5,Vehena,,,unreviewed,
Veiled,6,0,0,6,Dagger of Veiled Shadows,,,unreviewed,
Voodoo,6,0,0,6,Voodoo Dues,,,unreviewed,
Whitebeard,6,3,0,3,Grelin Whitebeard,,,unreviewed,
Wickerman,6,0,4,2,"Welcome to the Wickerman Festival,  !  On the observance of Hallow's End, the Forsaken burn a wickerman in honor of this, the most revered of occasions.  It was on this day that the Banshee Queen herself delivered us from the clutches of the Lich King and the Scourge.  We have remained free ever since.  Those who would have seen us fall are repayed in full... with vengeance!  The burning of the Wickerman begins at 8:00 PM!",,,unreviewed,
Wilhelm,6,3,2,1,Brother Wilhelm,,,unreviewed,
Windblade,6,2,2,2,Kyra Windblade,,,unreviewed,
Windrun,6,1,4,1,Elder Windrun,,,unreviewed,
Within,6,0,0,6,A Threat Within,,,unreviewed,
Wraps,6,0,0,6,Paragons of Power: The Confessor's Wraps,,,unreviewed,
Xylem,6,1,1,4,Archmage Xylem,,,unreviewed,
Yenniku,6,1,0,5,Yenniku,,,unreviewed,
Zanzil,6,0,0,6,Zanzil's Secret,,,unreviewed,
Zevrost,6,1,0,5,Zevrost,,,unreviewed,
Zilzibin,6,1,0,5,Zilzibin Drumlore,,,unreviewed,
Zraedus,6,1,0,5,Deathstalker Zraedus,,,unreviewed,
Abyssal,5,0,0,5,Abyssal Contacts,,,unreviewed,
Acolyte,5,3,0,2,Acolyte Dellis,,,unreviewed,
Again,5,0,0,5,Again With the Zapped Giants,,,unreviewed,
Al'tabim,5,1,1,3,Al'tabim the All-Seeing,,,unreviewed,
Alanndarian,5,1,0,4,Alanndarian Nightsong,,,unreviewed,
Alexi,5,1,0,4,Alexi Barov,,,unreviewed,
Allegiance,5,0,0,5,Proving Allegiance,,,unreviewed,
Along,5,0,1,4,"Hi there! I have a proposition for an adventure-seeker such as you, if you are up to the challenge!  Along with my invention, the Super Egg-O-Matic, I am hard at work aiding the druids with their campaign to save the hippogryphs. The birds are being affected by the evil effects of the Gordunni ogres inhabiting the ruins of Feralas, and their numbers are dwindling.  I collect many different types of eggs.  Will you help and find some for me?",,,unreviewed,
Altar,5,0,1,4,"Behind me is the Altar of Zanza, a sacred place for us Zandalar.  We pray here to bolster our resolve in preparation for war against the Blood God, Hakkar.  Prove yourself to the tribe by using the altar to destroy any of the Hakkari Bijous you might find inside Zul'Gurub.  Also, I will trade you Honor Tokens our tribe uses for sets of coins you may find in Zul'Gurub.  Bring me the coins that I seek, and you will be rewarded!",,,unreviewed,
Althea,5,1,0,4,Commander Althea Ebonlocke,,,unreviewed,
Amazing,5,0,2,3,Amazing to see little flowers persist in the cold of Dun Morogh...  but ye won't find any herbalists out here.  Ye'll have to go to Ironforge to get some training in that profession.,,,unreviewed,
Anton,5,1,0,4,Brother Anton,,,unreviewed,
Arsenal,5,0,5,0,Master Woo Ping has mastered nearly every weapon known to man.  He is especially deadly with his sword techniques.  He spends a good deal of time over in the Weller's Arsenal waiting on new shipments of weapons to arrive if you need some training.,,,unreviewed,
Arthas,5,0,0,5,Arthas's numbers are overwhelming. But with a New Plague we could eradicate both the Scourge Deliver the reagents to Master Apothecary Faranell of the Royal Apothecary Society in the Undercity.,,,unreviewed,
Astranaar,5,0,4,1,The village of Astranaar in Ashenvale is Elder Riversong's current home.,,,unreviewed,
Azure,5,0,0,5,Sealed Azure Bag,,,unreviewed,
Balai,5,0,5,0,Balai Lok'Wein of Brackenwall Village in Dustwallow Marsh sells a manual that you will need to study in order to improve your skills!,,,unreviewed,
Balance,5,0,1,4,"Welcome, my   brother : sister;.  If you are here to train, then I would be delighted to teach you.  It never hurts to reaffirm one's place within what I like to call the Great Balance.  As preservers of this balance, we must strive to continually keep our minds clear and our hearts strong.  Training helps us in this regard.",,,unreviewed,
Balthule,5,1,0,4,Balthule Shadowstrike,,,unreviewed,
Bases,5,0,0,5,Control Four Bases,,,unreviewed,
Bashana,5,1,0,4,Bashana Runetotem,,,unreviewed,
Befriend,5,0,5,0,"Well met,  .  You want some advice?  Befriend a mage!  We have a trick or two up our sleeves, we do...",,,unreviewed,
Besides,5,0,5,0,"Besides the Grunts outside, my brothers and I fought at the battle of Hyjal. Any who seek to steal from the bank must face us first.",,,unreviewed,
Big,5,0,0,5,Big Game Hunter,,,unreviewed,
Bingles,5,1,0,4,Bingles Blastenheimer,,,unreviewed,
Bladeleaf,5,2,2,1,Syral Bladeleaf,,,unreviewed,
Bloodscalp,5,0,0,5,Bloodscalp Ears,,,unreviewed,
Blossoms,5,0,0,5,Gather Rot Blossoms,,,unreviewed,
Bluewall,5,1,0,4,Marshal Bluewall,,,unreviewed,
Bly'Leggonde,5,1,0,4,Gwennyth Bly'Leggonde,,,unreviewed,
Bor,5,1,0,4,Bor Wildmane,,,unreviewed,
Bouldertoe,5,1,4,0,Golnir Bouldertoe,,,unreviewed,
Brackenwall,5,0,5,0,Balai Lok'Wein of Brackenwall Village in Dustwallow Marsh sells a manual that you will need to study in order to improve your skills!,,,unreviewed,
Brassbolts,5,2,0,3,Fizzle Brassbolts,,,unreviewed,
Braug,5,1,0,4,Braug Dimspirit,,,unreviewed,
Brine,5,1,0,4,Brine,,,unreviewed,
Bronze,5,0,4,1,"Och!  That Daryl Riknussun is a brilliant cook!  He makes a chilli so hot ye could temper steel with it!  I don't think he'll teach ye the recipe, but he'll certainly help ye to become a good cook.  Ye'll find him at the Bronze Kettle o'er on the northeastern side of The Great Forge.",,,unreviewed,
Canyon,5,0,5,0,Maybe Saru Steelfury will teach you to make an axe as good as mine some day.  Find him at The Burning Anvil in the Valley of Honor down the path to the right past Red Canyon Mining.,,,unreviewed,
Captured,5,3,0,2,Captured Scarlet Zealot,,,unreviewed,
Caretaker,5,2,0,3,Caretaker Folsom,,,unreviewed,
Carkad,5,1,0,4,Mennet Carkad,,,unreviewed,
Champions,5,0,4,1,"Well, well, moving up in the world are we? You're looking for the Champions' Hall, and you'll find it on the southeast end of Old Town. If you're an officer you can enter the hall, otherwise you can still speak to Officer Areyn standing outside. Good luck!",,,unreviewed,
Charm,5,0,0,5,Good Luck Charm,,,unreviewed,
Chef,5,3,0,2,Chef Grual,,,unreviewed,
Chen,5,0,0,5,Chen's Empty Keg,,,unreviewed,
Children,5,0,3,2,"Ah, a young warrior to be no doubt!  I take it you are participating in Children's Week, yes?  It warms these weary bones to hear that you are setting the example by which others will be sure to follow.  I'd be delighted to oblige you and the young lad.  Hrmm... what advice should I give to him?  Listen to the spirits, yes... maybe something about eating all of his vegetables too...",,,unreviewed,
Christoph,5,2,0,3,Christoph Jeffcoat,,,unreviewed,
Clerk,5,2,0,3,Clerk Daltry,,,unreviewed,
Cloyce,5,1,0,4,Demisette Cloyce,,,unreviewed,
Cluster,5,0,0,5,Crystal Cluster,,,unreviewed,
Coast,5,0,1,4,"The waters of Westfall are where you must search, due west-northwest of where the Gold Coast Quarry meets with the shore.  An anchor shows where a boat has sunk beyond it, deep within the water.  The underwater pressure is fierce here; swimming too far will crush even the mightiest swimmer from fatigue.    Look for a natural formation to aid you,   - a bubbly fissure is near here, offering deep-water swimmers a chance for renewed breath.",,,unreviewed,
Congratulations,5,0,1,4,"Even my talents have a limit, and you have reached it. Congratulations,  . Your next stop should be Camp Mojache in Feralas. The tauren Hahrana Ironhide lives there; she is renowned for her skill.",,,unreviewed,
Consecrated,5,0,0,5,Consecrated Letter,,,unreviewed,
Crocolisk,5,0,0,5,Crocolisk Hunting,,,unreviewed,
Curse,5,0,0,5,Lifting the Curse,,,unreviewed,
Dalar,5,1,0,4,Dalar Dawnweaver,,,unreviewed,
Dam,5,0,0,5,Thank the stars someone is concerned about the well-being of the Dam. First the destruction about the eastern ramp of the Dam. Investigate the area and bring back a clue.,,,unreviewed,
Dangerous,5,0,0,5,It's Dangerous to Go Alone,,,unreviewed,
Darianna,5,1,4,0,Darianna,,,unreviewed,
Deeprun,5,0,3,2,"You don't have the stomach for the gryphon ride, huh.  Well lucky for you, we have an alternative where you can keep your feet on the ground... more or less.  It's the gnomish mover of people, the Deeprun Tram.  Conveniently located in the back of the Dwarven District.",,,unreviewed,
Delgren,5,1,0,4,Delgren the Purifier,,,unreviewed,
Denalan,5,1,0,4,Denalan,,,unreviewed,
Depot,5,0,5,0,"With all the screws that Bronk has been tightening, I think he's let a few of his own go if ye get me.  All the same he's still got a good head for engineering the darndest devices.  Ye should go pay him a visit over at Steelgrill's Depot.",,,unreviewed,
Didn't,5,0,5,0,"Didn't we just break free of the Burning Legion, and here you are messing with demons again?  Seek out the Darkfire Enclave in the underground cavern known as the Cleft of Shadow.  You'll find a tunnel down into it from The Drag.",,,unreviewed,
Divinity,5,0,0,5,The Tome of Divinity,,,unreviewed,
Does,5,0,3,2,Does my name sound familiar to you? Maybe we knew each other a long time ago...  I think I'm named after someone important...,,,unreviewed,
Dogran,5,1,0,4,Grunt Dogran,,,unreviewed,
Donal,5,1,4,0,Donal Osgood,,,unreviewed,
Dragonmaw,5,0,1,4,"In decades past - of now ancient wars and conflicts - our kind was driven to the brink of extinction. Much we have endured,  .  The onslaught of the Burning Legion. The Demon Soul. The Aspects divided. The ascension of Deathwing. The enslavement of our Queen, Alexstrasza, by the Dragonmaw.  Through it all, we have been the unshakable will of the dragons - the undaunted force that has fought to represent our waning existence in this world.",,,unreviewed,
Drumlore,5,1,0,4,Zilzibin Drumlore,,,unreviewed,
Dukes,5,0,0,5,Dukes of the Council,,,unreviewed,
Dumas,5,2,2,1,Maginor Dumas,,,unreviewed,
Durgen,5,1,0,4,Sergeant Durgen Stormpike,,,unreviewed,
Duskwood,5,0,1,4,"Ever since the shadows claimed Duskwood I haven't been able to sleep. I am kept awake by the ghostly sounds of screaming on the breeze. It sounds almost like lambs screaming, and they won't stop.",,,unreviewed,
Duties,5,0,1,4,"We have our duties,  .  Duties to the Horde.",,,unreviewed,
Eggs,5,0,0,5,Break a Few Eggs,,,unreviewed,
Elements,5,0,0,5,Study of the Elements: Rock,,,unreviewed,
Elfarran,5,1,4,0,Elfarran,,,unreviewed,
Elissa,5,2,0,3,Sentinel Elissa Starbreeze,,,unreviewed,
Ello,5,1,0,4,Lord Ello Ebonlocke,,,unreviewed,
Enemy,5,0,1,4,"My axe has seen many battles, and I like to keep it handy. Enemy forces have fought their way into our capital several times now, but have no fear: we have always driven them back.",,,unreviewed,
Erion,5,1,0,4,Erion Shadewhisper,,,unreviewed,
Essence,5,0,0,5,Broodling Essence,,,unreviewed,
Every,5,0,5,0,"Can you not sense the anguish of the Earth Mother for her lost children, the undead? Speak quickly,  . Every second costs me dearly. We must help them find their way back to her!",,,unreviewed,
Exiles,5,0,5,0,"You need to be exalted with the gnomes of the Gnomeregan Exiles before I will teach you how to pilot a Mechanostrider,  .",,,unreviewed,
Explosives,5,2,0,3,Stormpike Explosives Expert,,,unreviewed,
Fairancora,5,1,4,0,Milla Fairancora,,,unreviewed,
Falls,5,0,0,5,Twilight Falls,,,unreviewed,
Farren,5,1,0,4,Lieutenant Farren Orinelle,,,unreviewed,
Few,5,0,2,3,Few around here are as skilled with a blade as Lyria Du Lac.  Check for her out behind the smithy and see if she's in the mood to teach you something new.,,,unreviewed,
Fimble,5,1,4,0,Fimble Finespindle,,,unreviewed,
Fireblade,5,1,0,4,Neeru Fireblade,,,unreviewed,
Firestone,5,1,4,0,Nissa Firestone,,,unreviewed,
Firewind,5,1,4,0,Kitta Firewind,,,unreviewed,
Fishing,5,0,2,3,Fishing is a sport for the old who have not died in battle!  Go find Lumak on the lake in the Valley of Honor.,,,unreviewed,
Fizzledowser,5,1,0,4,Senior Surveyor Fizzledowser,,,unreviewed,
Flamekeeper,5,1,2,2,Festival Flamekeeper,,,unreviewed,
Flux,5,0,0,5,What the Flux?,,,unreviewed,
Foothills,5,0,0,5,Long ago I followed some companions into the Hillsbrad Foothills. We defended ourselves from some holy vestige in an unhallowed sea. Bring me a sample of that water in this waterskin.,,,unreviewed,
Fordragon,5,1,0,4,Highlord Bolvar Fordragon,,,unreviewed,
Fordring,5,3,0,2,Tirion Fordring,,,unreviewed,
Forgewright,5,1,1,3,Franclorn Forgewright,,,unreviewed,
Foul,5,0,1,4,"I'll be fine for now, don't worry about me.  I'll find a way out of here once I've performed some cleansing rituals in this room.  Foul magic taints this place,  .",,,unreviewed,
Franclorn,5,1,1,3,Franclorn Forgewright,,,unreviewed,
Free,5,0,0,5,A Free Lunch,,,unreviewed,
Fuller,5,1,4,0,Shaina Fuller,,,unreviewed,
Furlbrow,5,2,0,3,Verna Furlbrow,,,unreviewed,
Gadrin,5,1,2,2,Master Gadrin,,,unreviewed,
Galen,5,2,0,3,Galen Goodward,,,unreviewed,
Galvan,5,1,0,4,Galvan the Ancient,,,unreviewed,
Gant,5,1,0,4,Andron Gant,,,unreviewed,
Gaxim,5,1,0,4,Gaxim Rustfizzle,,,unreviewed,
Gazlowe,5,1,0,4,Gazlowe,,,unreviewed,
Gelman,5,1,4,0,Gelman Stonehand,,,unreviewed,
Glordrum,5,1,4,0,Glordrum Steelbeard,,,unreviewed,
Gnomes,5,0,1,4,"This here is the finest, most state of the art mode of transportation money can build. What? Deeprun Tram? Gnomes? Listen pal, If you believe that garbage then I've got a statue down in Stranglethorn to sell ya. Now, are you walking to Grom'Gol or are you gonna ride in style in this fine flying machine? Your choice.",,,unreviewed,
Goldleaf,5,1,0,4,Aurel Goldleaf,,,unreviewed,
Goldwell,5,1,3,1,Elder Goldwell,,,unreviewed,
Gorlach,5,1,0,4,Warcaller Gorlach,,,unreviewed,
Gregan,5,1,1,3,Gregan Brewspewer,,,unreviewed,
Greywhisker,5,1,0,4,Chief Archaeologist Greywhisker,,,unreviewed,
Grunts,5,0,5,0,"Besides the Grunts outside, my brothers and I fought at the battle of Hyjal. Any who seek to steal from the bank must face us first.",,,unreviewed,
Gryshka,5,1,1,3,Innkeeper Gryshka,,,unreviewed,
Gwennyth,5,1,0,4,Gwennyth Bly'Leggonde,,,unreviewed,
Gyromast,5,1,0,4,Gelkak Gyromast,,,unreviewed,
Hadrec,5,1,2,2,High Executor Hadrec,,,unreviewed,
Hakkari,5,0,1,4,"Behind me is the Altar of Zanza, a sacred place for us Zandalar.  We pray here to bolster our resolve in preparation for war against the Blood God, Hakkar.  Prove yourself to the tribe by using the altar to destroy any of the Hakkari Bijous you might find inside Zul'Gurub.  Also, I will trade you Honor Tokens our tribe uses for sets of coins you may find in Zul'Gurub.  Bring me the coins that I seek, and you will be rewarded!",,,unreviewed,
Hartwell,5,1,0,4,Anastasia Hartwell,,,unreviewed,
Heads,5,0,0,5,Bloodscalp Clan Heads,,,unreviewed,
Herbalist,5,1,2,2,Herbalist Proudfeather,,,unreviewed,
Heya,5,0,5,0,Heya mon.  You come right place learn how ta wield a new weapon.,,,unreviewed,
Hgarth,5,1,4,0,Hgarth,,,unreviewed,
Hills,5,0,0,5,"Some Defias have eluded us. My most trusted scout reports that these Defias have been Hills, plotting their next move. Slay the wretches in the name of The People's Militia.",,,unreviewed,
Hinott,5,1,0,4,Serge Hinott,,,unreviewed,
Hive'Ashi,5,0,0,5,Target: Hive'Ashi Stingers,,,unreviewed,
Hive'Zora,5,0,1,4,"Hail,  .  The Ironforge Brigade is stationed here to keep an eye on Hive'Zora.  The Cenarion Circle druids have been monitoring silithid movement and they're anticipating something major in this area.",,,unreviewed,
Holy,5,0,0,5,In the land to the south where vines twist and creep Lies a hidden well where water runs deep Pure as the Light's sacred Daughter Bring to me now some Holy Spring Water.,,,unreviewed,
Hoteshem,5,1,4,0,Lady Hoteshem,,,unreviewed,
Impossible,5,0,2,3,"I don't care to hear it,  . Nope, no way are you going to be let into the Searing Gorge. Impossible. Not going to happen. How many times do I have to tell you - I can't let you in! Do you not speak common? Are you an orc in disguise? N-O. NO!  If I let you in, then I have to let everybody in. Pretty soon your close friends will want in, then their distant relatives, then their friends, and so on and so forth. The last time that happened... well, we won't talk about the last time it happened. ",,,unreviewed,
Infernal,5,0,0,5,The Infernal Orb,,,unreviewed,
Ironbeard,5,2,0,3,Ulfir Ironbeard,,,unreviewed,
Its,5,0,3,2,"The felhound... a vicious creature indeed. It is not as physically strong as an infernal, but a wise warlock knows that brute force is not always the answer--if it was, you would have chosen the path of a warrior instead, wouldn't you?  The felhound draws upon the mana of its foes, using that and its quickness to overcome enemies. Its strength comes from the arcane and using that arcane power for its own ends.  If you wish to know more about infernals, then you should speak to Magaz across from me.",,,unreviewed,
Jarl,5,1,0,4,"""Swamp Eye"" Jarl",,,unreviewed,
Jes'rimon,5,1,0,4,Jes'rimon,,,unreviewed,
Jin'Zil,5,1,0,4,Witch Doctor Jin'Zil,,,unreviewed,
Jitters,5,1,0,4,Jitters,,,unreviewed,
Jocaste,5,1,2,2,Jocaste,,,unreviewed,
Jondor,5,1,4,0,Jondor Steelbrow,,,unreviewed,
Jorgen,5,1,0,4,Jorgen,,,unreviewed,
Jormund,5,1,4,0,Jormund Stonebrow,,,unreviewed,
Kaela,5,1,0,4,Kaela Shadowspear,,,unreviewed,
Kajaro,5,0,0,5,The Pebble of Kajaro,,,unreviewed,
Kaya,5,1,0,4,Kaya Flathoof,,,unreviewed,
Kelstrum,5,1,4,0,Kelstrum Stonebreaker,,,unreviewed,
Kezan,5,0,0,5,Kezan's Taint,,,unreviewed,
Kim'jael,5,1,0,4,Kim'jael,,,unreviewed,
Kirika,5,1,0,4,General Kirika,,,unreviewed,
Kissel,5,1,0,4,Talvash del Kissel,,,unreviewed,
Kitta,5,1,4,0,Kitta Firewind,,,unreviewed,
Knot,5,1,0,4,Knot Thimblejack,,,unreviewed,
Kodohide,5,0,5,0,Kodohide Leatherworkers is what you want.  Find it in the middle of The Drag.,,,unreviewed,
Korrak,5,0,0,5,Korrak the Everliving,,,unreviewed,
Krazek,5,1,0,4,Krazek,,,unreviewed,
Kreldig,5,1,0,4,Kreldig Ungor,,,unreviewed,
Krog,5,1,0,4,Krog,,,unreviewed,
Krom,5,1,0,4,Krom Stoutarm,,,unreviewed,
Krumn,5,2,2,1,Goli Krumn,,,unreviewed,
Kyra,5,2,2,1,Kyra Windblade,,,unreviewed,
Lagrave,5,1,0,4,Shadowmage Vivian Lagrave,,,unreviewed,
Lakeshire,5,0,3,2,"I'm sorry, I'm a bit busy right now making horseshoes for Verner Osgood in Lakeshire. ",,,unreviewed,
Larion,5,1,0,4,Larion,,,unreviewed,
Leave,5,0,5,0,"Leave it to the dwarves to send a mining specialist from Ironforge to tell us how to mine.  How hard is it to take a pick and chip away at some rock?  Well, since he's here, he's probably the one you should see anyhow.  His name is Gelman and he resides over in the Dwarven District.",,,unreviewed,
Legacy,5,0,0,5,Blackmoore's Legacy,,,unreviewed,
Legend,5,0,2,3,Look for Sayoc and Hanashi at the Valley of Honor inside Arms of Legend.  Watch your tongue around them or Sayoc may decide to give a piece of you as a snack to Grinning Dog.,,,unreviewed,
Lok'Wein,5,0,5,0,Balai Lok'Wein of Brackenwall Village in Dustwallow Marsh sells a manual that you will need to study in order to improve your skills!,,,unreviewed,
Lokrav,5,1,2,2,Nilith Lokrav,,,unreviewed,
Longbeard,5,2,0,3,Pilot Longbeard,,,unreviewed,
Lore,5,0,0,5,Test of Lore,,,unreviewed,
Lumber,5,0,4,1,"Long ago, before the last great war, my father ran the Northridge Lumber Mill. It was his life, and he was committed to it. Then the war came, and as much as it pained him, we had to flee to Stormwind.  We lost a number of friends and family in the those days, and it pains me to know that the Scarlet Crusade has taken the mill for their own ends.  That's why I've returned.",,,unreviewed,
Lylandris,5,1,4,0,Lylandris,,,unreviewed,
MacKinley,5,1,0,4,"""Sea Wolf"" MacKinley",,,unreviewed,
Madame,5,1,0,4,Madame Eva,,,unreviewed,
Magellas,5,1,0,4,High Explorer Magellas,,,unreviewed,
Mageweave,5,0,0,5,The Horde Needs Mageweave Bandages!,,,unreviewed,
Maldryn,5,1,4,0,Maldryn,,,unreviewed,
Malin,5,1,0,4,Archmage Malin,,,unreviewed,
Marvon,5,1,2,2,Marvon Rivetseeker,,,unreviewed,
Mate,5,3,0,2,First Mate Fitzsimmons,,,unreviewed,
Mauren,5,1,0,4,Collin Mauren,,,unreviewed,
Maurin,5,1,0,4,Maurin Bonesplitter,,,unreviewed,
Mechanostrider,5,0,3,2,"I can teach you the finer points of Mechanostrider Piloting, provided you have enough gold to cover the lesson!",,,unreviewed,
Mennet,5,1,0,4,Mennet Carkad,,,unreviewed,
Mighty,5,0,2,3,Another interruption. How am I supposed to get any work done like this? Don't answer that; do I look as if I care what you have to say? Why don't you go bother Mr. High-And-Mighty instead?,,,unreviewed,
Milla,5,1,4,0,Milla Fairancora,,,unreviewed,
Milly,5,1,0,4,Milly Osworth,,,unreviewed,
Mistress,5,0,3,2,"Hello young   Master:Mistress;. I am Eva Sarkhoff and this is my husband, Lucien. It is a pleasure to make your acquaintance.",,,unreviewed,
Mistwalker,5,1,3,1,Elder Mistwalker,,,unreviewed,
Mok'thardin,5,1,0,4,Far Seer Mok'thardin,,,unreviewed,
Moons,5,1,0,4,Zarlman Two-Moons,,,unreviewed,
Mortis,5,1,0,4,Deathstalker Mortis,,,unreviewed,
Muigin,5,1,0,4,Muigin,,,unreviewed,
Name,5,0,1,4,"<Sergeant Stormpike salutes.>  Name, rank, and serial number, soldier! That's the only bit of information you'll ever give those dirty Frostwolf dogs!",,,unreviewed,
Narache,5,0,1,4,"Greetings,  , and welcome to Camp Narache. News of your arrival spread quickly among the tribe.",,,unreviewed,
Need,5,0,1,4,Need some supplies?,,,unreviewed,
Nessa,5,1,0,4,Nessa Shadowsong,,,unreviewed,
Nilith,5,1,2,2,Nilith Lokrav,,,unreviewed,
Nissa,5,1,4,0,Nissa Firestone,,,unreviewed,
Noggle,5,1,0,4,Noggle Ficklespragg,,,unreviewed,
Operator,5,3,0,2,Crane Operator Bigglefuzz,,,unreviewed,
Ormer,5,1,0,4,Ormer Ironbraid,,,unreviewed,
Outrider,5,1,0,4,Warsong Outrider,,,unreviewed,
Parqual,5,1,0,4,Parqual Fintallas,,,unreviewed,
Passage,5,0,0,5,Passage to Booty Bay,,,unreviewed,
Peak,5,0,3,2,"The Wildhammer dwarves might have fast steeds, but can those Aerie Peak gryphons stand the heat of The Great Forge?  I think not!",,,unreviewed,
Pestlezugg,5,1,0,4,Alchemist Pestlezugg,,,unreviewed,
Phin,5,1,0,4,Phin Odelic,,,unreviewed,
Piece,5,0,0,5,The Left Piece of Lord Valthalak's Amulet,,,unreviewed,
Plagued,5,0,0,5,Next door the Deathguards are holding a few captured farmers hostage. High Executor Darthalia suspected ol' time! Place this tainted keg on the rug in their room. Plagued brew for all!,,,unreviewed,
Potion,5,0,0,5,Craftsman's Writ - Major Mana Potion,,,unreviewed,
Pozzik,5,1,0,4,Pozzik,,,unreviewed,
Prince,5,1,4,0,Prince Tortheldrin,,,unreviewed,
Privateer,5,2,0,3,Privateer Bloads,,,unreviewed,
Professor,5,2,2,1,Professor Phizzlethorpe,,,unreviewed,
Quite,5,0,4,1,The magi congregate in the Wizard's Sanctum in the Mage Quarter. Quite a tower they have there. Makes our barracks look like peasant hovels.,,,unreviewed,
Raene,5,1,0,4,Raene Wolfrunner,,,unreviewed,
Raleigh,5,2,0,3,Raleigh Andrean,,,unreviewed,
Razzeric,5,1,0,4,Razzeric,,,unreviewed,
Reclaimers,5,0,0,5,Reclaimers' Business in Desolace,,,unreviewed,
Remtravel,5,2,1,2,Prospector Remtravel,,,unreviewed,
Restoring,5,0,0,5,Restoring the Necklace,,,unreviewed,
Retreat,5,0,5,0,"There is one whose knowledge exceeds my own. You are ready to seek her out. Go to Sun Rock Retreat in Stonetalon Mountains. Find Hgarth, and continue your training.",,,unreviewed,
Retrieval,5,0,0,5,Retrieval for Mauren,,,unreviewed,
Revealed,5,0,0,5,The Knife Revealed,,,unreviewed,
Revered,5,1,0,4,Leonid Barthalomew the Revered,,,unreviewed,
Rexxar,5,1,1,3,Rexxar,,,unreviewed,
River,5,0,1,4,"In the northern part of Darkshore runs the Cliffspring River, flowing down from the lands now known as Felwood.  As the river flows out and empties out into the Mist's Edge, travel north to where the deepest parts of the ocean begin.  A stone formation that some call the Stone Claw due to its shape is where you may find what you seek.  Be warned - threshers gather by the Stone Claw, and will attack those who trespass on their territory.",,,unreviewed,
Rotgath,5,1,4,0,Rotgath Stonebeard,,,unreviewed,
Rugged,5,0,0,5,The Horde Needs Rugged Leather!,,,unreviewed,
Saldean,5,2,0,3,Farmer Saldean,,,unreviewed,
Salve,5,0,0,5,Salve via Hunting,,,unreviewed,
Sarah,5,2,1,2,Sarah Tanner,,,unreviewed,
Scourgestones,5,0,0,5,Inert Scourgestones,,,unreviewed,
Seal,5,0,0,5,"The Seal of the Earth is held by three runestones, held in the Pillars of part of the Badlands. Be careful though, for the ravine is home to countless drakes.",,,unreviewed,
Sepulcher,5,0,2,3,Elder Obsidian wanders near the Sepulcher in Silverpine Forest.,,,unreviewed,
Shadowprey,5,0,5,0,Wulan in Shadowprey Village can sell you the 'Expert Cookbook'.  You will need that if you are to better yourself.,,,unreviewed,
Shaina,5,1,4,0,Shaina Fuller,,,unreviewed,
Shapers,5,0,5,0,"In the time before time, what the usurpers would later call the First Age of Creation, my master and his siblings ruled over this world. It was they, the Old Gods, who created all.  And it was they who would ultimately be cast down by those that would call themselves Shapers.",,,unreviewed,
Shard,5,0,0,5,Shard of a Felhound,,,unreviewed,
Shaw,5,1,0,4,Master Mathias Shaw,,,unreviewed,
Shop,5,0,1,4,Look for Nogg's Machine Shop in the Valley of Honor northeast of Red Canyon Mining.,,,unreviewed,
Shoulders,5,0,0,5,A Good Head On Your Shoulders,,,unreviewed,
Sir,5,2,0,3,Sir S. J. Erlgadin,,,unreviewed,
Skeletal,5,0,1,4,"I can teach you the finer points of Skeletal Horse Riding, provided you have enough gold to cover the lesson!",,,unreviewed,
Slatefist,5,1,4,0,Thelman Slatefist,,,unreviewed,
Slay,5,0,0,5,"Some Defias have eluded us. My most trusted scout reports that these Defias have been Hills, plotting their next move. Slay the wretches in the name of The People's Militia.",,,unreviewed,
Slithering,5,0,5,0,"For reasons I cannot understand, Elder Thunderhorn has gone to the Slithering Scar in Un'Goro Crater.",,,unreviewed,
Sorek,5,1,0,4,Sorek,,,unreviewed,
Soulflayer,5,0,0,5,"Continue in your battle against the Soulflayer and his minions,  . He must never be and his minions,  . He must never be permitted to leave the confines of Zul'Gurub.",,,unreviewed,
Soulreaper,5,1,0,4,Kaal Soulreaper,,,unreviewed,
Sounds,5,0,4,1,"Sounds like you want to talk to Maginor Dumas! You can usually find him in the Wizard's Sanctum in the Mage Quarter. Course, you never know when or where those magi will portal off to.",,,unreviewed,
Spiritmight,5,1,0,4,Gracina Spiritmight,,,unreviewed,
Spiritual,5,0,1,4,First Aid is always a nice skill to have.  Many a time during battle has it saved my hide.  Visit Spiritual Healing on the Spirit Rise.  Pand Stonebinder can teach you all you need to know to save your hide as well.,,,unreviewed,
Splendid,5,0,0,5,"Splendid,  . For your service to the people of Darkshire you shall be rewarded. Splendid,  . For your service to the people of Darkshire you shall be rewarded.",,,unreviewed,
Starweave,5,1,3,1,Elder Starweave,,,unreviewed,
Steelbeard,5,1,4,0,Glordrum Steelbeard,,,unreviewed,
Steelblade,5,1,0,4,Takata Steelblade,,,unreviewed,
Stoley,5,1,0,4,Stoley,,,unreviewed,
Stonard,5,0,2,3,"Warchief Thrall himself asked me to come out here. I was honored to obey, and it's no hardship. I couldn't have asked for a better posting than Stonard. Just about any herb I might need grows in the muck here.",,,unreviewed,
Stonefield,5,5,0,0,"""Auntie"" Bernice Stonefield",,,unreviewed,
Stoneflayer,5,1,4,0,Bonnie Stoneflayer,,,unreviewed,
Sulfuras,5,0,5,0,"A Sulfuron ingot?!??! Impossible! I must have it! I must! I must!   , I am authorized to make you a grand deal for that ingot. Perhaps you would be interested to know the secrets of the Hand of Ragnaros? Sulfuras, idiot! The legendary hammer of the Firelord.",,,unreviewed,
Summoning,5,0,0,5,Summoning the Princess,,,unreviewed,
Tai'jin,5,1,2,2,Tai'jin,,,unreviewed,
Taking,5,0,2,3,Taking care of animals is something that Ulbrek Firehand takes quite seriously.  He usually hangs out with the hunters at the Hall of Arms if ye want him to look after a pet or two.,,,unreviewed,
Talen,5,2,1,2,Talen,,,unreviewed,
Talvash,5,1,0,4,Talvash del Kissel,,,unreviewed,
Tauren,5,0,3,2,"Remember, all things are connected. If the beasts were gone from the land, our kind would die from a great loneliness of spirit, for whatever happens to the beasts also happens to the Tauren. Whatever befalls Azeroth befalls all those that inhabit it. ",,,unreviewed,
Teeka,5,1,0,4,Corporal Teeka Bloodsnarl,,,unreviewed,
Terenthis,5,1,0,4,Terenthis,,,unreviewed,
Tervosh,5,1,0,4,Archmage Tervosh,,,unreviewed,
Thelman,5,1,4,0,Thelman Slatefist,,,unreviewed,
Therzok,5,1,0,4,Therzok,,,unreviewed,
Thistleheart,5,1,4,0,Thistleheart,,,unreviewed,
Thorfin,5,1,4,0,Thorfin Stoneshield,,,unreviewed,
Three,5,0,1,4,"They've been stolen,  ! Three of our most prized volumes. Should you return the tomes, a reward will most certainly be yours.",,,unreviewed,
Thun'grim,5,1,0,4,Thun'grim Firegaze,,,unreviewed,
Thund,5,2,2,1,Corporal Thund Splithoof,,,unreviewed,
Tiger,5,0,1,4,"I can teach you the finer points of Tiger Riding, provided you have enough gold to cover the lesson!",,,unreviewed,
Times,5,1,0,4,"Remy ""Two Times""",,,unreviewed,
Tinkee,5,1,0,4,Tinkee Steamboil,,,unreviewed,
Tirth,5,1,4,0,Magus Tirth,,,unreviewed,
Tonga,5,1,0,4,Tonga Runetotem,,,unreviewed,
Tram,5,0,5,0,"You've heard about the Tram have you?  What a ride that thing is!  You'll find it in the Dwarven District towards the back.  Oh, and be sure to keep your arms and legs inside the tram while the tram is in motion.",,,unreviewed,
Treats,5,0,0,5,Treats for Great-father Winter,,,unreviewed,
Tree,5,0,1,4,"Made by the finest craftsmen in all of Teldrassil, carried by hand from Kalimdor to Azeroth as a sign of the growing alliance between the people of the Great Tree and the humans of this land. If there is anything you require, you have but to ask.",,,unreviewed,
True,5,0,1,4,"I heard they were going to try to blow up the gnome's car in the next race!  True or not, I'd stand clear of their pit area.",,,unreviewed,
Truthseeker,5,1,0,4,Sage Truthseeker,,,unreviewed,
Ungor,5,1,0,4,Kreldig Ungor,,,unreviewed,
VanCleef,5,0,0,5,There is but one task left for you to complete. Edwin VanCleef must be assassinated. rest once and for all. Bring me the villain's head once the deed is done.,,,unreviewed,
Verner,5,1,1,3,Verner Osgood,,,unreviewed,
Vincent,5,2,1,2,Deathstalker Vincent,,,unreviewed,
Vivian,5,1,0,4,Shadowmage Vivian Lagrave,,,unreviewed,
Voodress,5,0,0,5,Vision of Voodress,,,unreviewed,
Wait,5,0,3,2,"Invention, my dear  , is two percent bottled inspiration, four percent solar exposure, six percent chance of thunderstorms clearing by mid-afternoon, and ninety-three percent Rumplesnicker.  Wait, did that add to one hundred? I've got my notes around here somewhere.",,,unreviewed,
Wand,5,0,0,5,Wand over Fist,,,unreviewed,
Warcaller,5,1,0,4,Warcaller Gorlach,,,unreviewed,
Warden,5,2,0,3,Warden Thelwater,,,unreviewed,
Warriors,5,0,3,2,"Warriors can usually be found either at the Pig and Whistle Tavern or the Barracks in Old Town. Tell ya though, the tavern is probably a better place look.",,,unreviewed,
Webwood,5,0,0,5,Webwood Venom,,,unreviewed,
Week,5,0,3,2,"Ah, a young warrior to be no doubt!  I take it you are participating in Children's Week, yes?  It warms these weary bones to hear that you are setting the example by which others will be sure to follow.  I'd be delighted to oblige you and the young lad.  Hrmm... what advice should I give to him?  Listen to the spirits, yes... maybe something about eating all of his vegetables too...",,,unreviewed,
Weldon,5,1,0,4,Weldon Barov,,,unreviewed,
Wiley,5,2,0,3,Wiley the Black,,,unreviewed,
Windcaller,5,3,0,2,Windcaller Proudhorn,,,unreviewed,
Windstrider,5,1,0,4,Bluff Runner Windstrider,,,unreviewed,
Witherbark,5,0,0,5,"The Witherbark trolls and Boulderfist ogres of Arathi are working together to rid us from here. Slay them in droves, and only return when their camps run thick with blood.",,,unreviewed,
Wool,5,0,0,5,The Horde Needs Wool Bandages!,,,unreviewed,
Words,5,0,0,5,Words of the High Chief,,,unreviewed,
Wot,5,0,5,0,Wot kin I do fer ye?,,,unreviewed,
Wulan,5,0,5,0,Wulan in Shadowprey Village can sell you the 'Expert Cookbook'.  You will need that if you are to better yourself.,,,unreviewed,
Yelmak,5,1,4,0,Yelmak,,,unreviewed,
Zando'zan,5,1,2,2,Zando'zan,,,unreviewed,
Zeppelin,5,0,5,0,"Why you would want to leave these sunny shores and crystal blue waters I have no idea. It's like paradise down here. But don't tell my brother Zapetta that, he's bitter enough already about getting stuck up there in Tirisfal all day long. This Zeppelin here drops off at Orgrimmar so you shouldn't have to worry about having to listen to him whine. But if you are in Tirisfal anytime soon, heed my warning and don't get him started.",,,unreviewed,
ALL,4,0,3,1,"The theory behind it is that we completely destroy you with a massive explosion wherever you are and send those particles through a dimensional rip and then re-implode you at the machine here.   Instant Transport!    It might not work ALL the time, but what kind of goblin engineer are you!   If survival was your first priority you could never be a real Goblin Engineer!Here is the recipe you will need to make the Dimensional Ripper and try it out!",,,unreviewed,
About,4,0,1,3,About time you showed me some results! Now I'll show you results!,,,unreviewed,
Adele,4,1,3,0,Adele Fielder,,,unreviewed,
Advanced,4,0,0,4,Sentinel Advanced Care Package,,,unreviewed,
Adventurers,4,0,4,0,"Certainly,  .  Adventurers that the Dawn views as friendly must submit a combined total of 60 insignias to access superior items. To access items of even greater power, they would be required to submit a total of 220 insignias.  I must admit, the price is quite high for adventurers not favored by the Dawn.",,,unreviewed,
Against,4,0,0,4,Against the Hatecrest,,,unreviewed,
Ahhh,4,0,4,0,"Ahhh, Stormwind Visitor's Center is what you are looking for then. It's the first building on the left as you walk through the front gates from the Valley of Heroes.",,,unreviewed,
Aku'Mai,4,0,0,4,"Strength has left me. Your help is needed! Long ago this site was a great temple to Aku'Mai for power. Slay Kelris and bring his head to Selgorm in Darnassus,  , please.",,,unreviewed,
Albacore,4,0,0,4,The Alliance Needs Rainbow Fin Albacore!,,,unreviewed,
Alen,4,1,0,3,Caretaker Alen,,,unreviewed,
Alien,4,0,0,4,Alien Ecology,,,unreviewed,
Alpha,4,0,0,4,Covert Ops - Alpha,,,unreviewed,
Ambush,4,0,0,4,Pyrewood Ambush,,,unreviewed,
Andorhal,4,0,2,2,"Welcome to the front lines,  .  While politicians may connive and scheme amongst themselves, they'll find no such luxury afforded to them here.  This is the Bulwark, and we fight for our continued survival on a daily basis here.  If you've come here looking for a chance to prove yourself as a hero, then you'll find plenty of opportunities to do so... especially as we push towards Andorhal and whatever malign force that controls the Scourge there.",,,unreviewed,
Antidote,4,0,0,4,Finding the Antidote,,,unreviewed,
Apple,4,0,0,4,The Apple Falls,,,unreviewed,
Archibald,4,1,3,0,Archibald,,,unreviewed,
Archivist,4,0,0,4,The Archivist,,,unreviewed,
Areyn,4,0,4,0,"Well, well, moving up in the world are we? You're looking for the Champions' Hall, and you'll find it on the southeast end of Old Town. If you're an officer you can enter the hall, otherwise you can still speak to Officer Areyn standing outside. Good luck!",,,unreviewed,
Argus,4,1,2,1,Smith Argus,,,unreviewed,
Argyle,4,1,0,3,Fenstad Argyle,,,unreviewed,
Art,4,0,0,4,The Art of the Imbue,,,unreviewed,
Arthur,4,2,1,1,Arthur the Faithful,,,unreviewed,
Ascension,4,0,0,4,Seal of Ascension,,,unreviewed,
Assisting,4,0,0,4,Assisting Arch Druid Runetotem,,,unreviewed,
Atal'Hakkar,4,0,0,4,The Temple of Atal'Hakkar,,,unreviewed,
Augustus,4,1,1,2,Augustus the Touched,,,unreviewed,
Azar,4,1,2,1,Azar Stronghammer,,,unreviewed,
Azora,4,0,4,0,"A true professional know his limitations, and I'm not ashamed to admit that your skills exceed mine. I want you to pay a visit to Kitta Firewind at the Tower of Azora. She is well-renowned, and with good reason.",,,unreviewed,
Azsharite,4,0,0,4,Azsharite,,,unreviewed,
Backus,4,1,1,2,Watcher Backus,,,unreviewed,
Balloo,4,1,0,3,Sara Balloo,,,unreviewed,
Balthazad,4,1,0,3,Harbinger Balthazad,,,unreviewed,
Balthus,4,0,4,0,Skinning?  The only thing ye look like ye could skin is yer own knee!  Ha!  Now why don't you go see Balthus Stoneflayer so he can teach you how to properly skin some animals.  You'll find him in Finespindle's Leather Goods on the northern side of The Great Forge.,,,unreviewed,
Bandanas,4,0,0,4,Red Leather Bandanas,,,unreviewed,
Basic,4,0,0,4,Sentinel Basic Care Package,,,unreviewed,
Battlescar,4,2,0,2,Kargal Battlescar,,,unreviewed,
Bazaar,4,0,4,0,"Don't let the humans in the Bazaar fool ye   lad : lass;, with the subway those gnomes built it's easier than ye might think to transport goods from Ironforge. If they try to tack on import fees just tell them yer gonna buy yer gear from me.",,,unreviewed,
Bear,4,0,0,4,Great Bear Spirit,,,unreviewed,
Beginnings,4,0,0,4,Humble Beginnings,,,unreviewed,
Bel'dugur,4,1,0,3,Keeper Bel'dugur,,,unreviewed,
Bellowfiz,4,1,0,3,Pilot Bellowfiz,,,unreviewed,
Bhag'thera,4,0,0,4,You've almost proven yourself to be a master hunter of panthers. A panther by the kill the great Bhag'thera. Bring me the Fang of Bhag'thera and you'll have earned my respect!,,,unreviewed,
Bishop,4,2,0,2,Bishop Farthing,,,unreviewed,
Blackbeard,4,1,2,1,Hulfdan Blackbeard,,,unreviewed,
Blackwater,4,0,0,4,Crazz speaks highly of your dedication to the Blackwater Raiders. I am going to trust along with their written orders. We shall see exactly what those scum are up to.,,,unreviewed,
Bladesing,4,1,2,1,Elder Bladesing,,,unreviewed,
Bladesinger,4,2,0,2,Darnath Bladesinger,,,unreviewed,
Blessed,4,0,0,4,Blessed Arm,,,unreviewed,
Bloodaxe,4,2,2,0,Kelgruk Bloodaxe,,,unreviewed,
Bloodfist,4,2,0,2,Ag'tor Bloodfist,,,unreviewed,
Bloodpetal,4,0,0,4,Bloodpetal Poison,,,unreviewed,
Boar,4,0,0,4,The Boar Hunter,,,unreviewed,
Bonesplitter,4,1,0,3,Maurin Bonesplitter,,,unreviewed,
Boy,4,1,0,3,"""Pretty Boy"" Duncan",,,unreviewed,
Breaking,4,0,0,4,Breaking the Ward,,,unreviewed,
Brew,4,0,0,4,A Noble Brew,,,unreviewed,
Broken,4,0,0,4,The Broken Sigil,,,unreviewed,
Bronzebeards,4,0,4,0,"Elder Bronzebeard can be found in the ancestral home of the Bronzebeards, Ironforge.",,,unreviewed,
Buccaneers,4,0,0,4,The Bloodsail Buccaneers,,,unreviewed,
Bugs,4,0,0,4,Mudrock Soup and Bugs,,,unreviewed,
Bulwark,4,0,2,2,"Welcome to the front lines,  .  While politicians may connive and scheme amongst themselves, they'll find no such luxury afforded to them here.  This is the Bulwark, and we fight for our continued survival on a daily basis here.  If you've come here looking for a chance to prove yourself as a hero, then you'll find plenty of opportunities to do so... especially as we push towards Andorhal and whatever malign force that controls the Scourge there.",,,unreviewed,
Burden,4,0,0,4,A Peon's Burden,,,unreviewed,
Cache,4,0,2,2,"Da Cache of Mau'ari holds great secrets... The shards used ta make it are reflective, and you can use its shiny surface ta siphon power from other tings and den reflect it onto yourself.  Keeping da charm in your inventory lets you collect e'ko, da spiritual power from the beasts you fight. Once you find e'ko, you bring it ta Mau'ari.",,,unreviewed,
Calling,4,0,0,4,Calling in the Reserves,,,unreviewed,
Canaga,4,1,0,3,Canaga Earthcaller,,,unreviewed,
Cards,4,0,4,0,Darkmoon Faire Cards?  See the Professor here for those.  Come see me if you are a dealer in hard to come by antiquities and artifacts.,,,unreviewed,
Carlin,4,1,0,3,Carlin Redpath,,,unreviewed,
Casing,4,0,0,4,The Flame's Casing,,,unreviewed,
Cazul,4,1,0,3,Cazul,,,unreviewed,
Ceremony,4,0,0,4,Preparation for Ceremony,,,unreviewed,
Challenge,4,0,0,4,A Hunter's Challenge,,,unreviewed,
Chasing,4,0,0,4,Chasing A-Me 01,,,unreviewed,
Chemist,4,2,0,2,Chemist Cuely,,,unreviewed,
Cleansed,4,0,0,4,Returning the Cleansed Orb,,,unreviewed,
Cliffrunner,4,1,0,3,Rau Cliffrunner,,,unreviewed,
Cliffspring,4,0,1,3,"In the northern part of Darkshore runs the Cliffspring River, flowing down from the lands now known as Felwood.  As the river flows out and empties out into the Mist's Edge, travel north to where the deepest parts of the ocean begin.  A stone formation that some call the Stone Claw due to its shape is where you may find what you seek.  Be warned - threshers gather by the Stone Claw, and will attack those who trespass on their territory.",,,unreviewed,
Cog,4,0,0,4,"My Gnomish friend, Cog, has promised to help me build a device which will let tube made by a skilled engineer. That is the first step, according to Cog's blueprint.",,,unreviewed,
Colara,4,1,0,3,Colara Dean,,,unreviewed,
Collecting,4,0,0,4,Collecting Kelp,,,unreviewed,
Command,4,0,0,4,The Call to Command,,,unreviewed,
Communication,4,0,0,4,Lines of Communication,,,unreviewed,
Compound,4,0,0,4,Ironband's Compound,,,unreviewed,
Conservator,4,1,0,3,Conservator Ilthalaine,,,unreviewed,
Continues,4,0,0,4,The Shadowy Search Continues,,,unreviewed,
Control,4,0,1,3,"Our newest attraction, and at no cost to you I might add, these miniature tanks, or Tonks as we've cleverly named them, can be controlled from any of the Tonk Control Consoles spread throughout the faire.  All that you have to do is activate an available control console. Each tonk will come equipped with a stock set of devices, and a random special power to unleash upon your enemy!  Hold epic battles with your friends, cruise around, or just cause wild mayhem... the choice is yours!",,,unreviewed,
Coral,4,0,0,4,Iron Coral,,,unreviewed,
Corpse,4,2,0,2,Teronis' Corpse,,,unreviewed,
Corrupted,4,0,0,4,Corrupted Sabers,,,unreviewed,
Could,4,0,0,4,Here in the Badlands I've stopped to work on my latest project: my shackles of from the lesser rock elementals to the west of here. Could you bring me some?,,,unreviewed,
Cover,4,0,0,4,Deep Cover,,,unreviewed,
Covert,4,0,0,4,Covert Ops - Alpha,,,unreviewed,
Crazz,4,1,0,3,First Mate Crazz,,,unreviewed,
Creststrider,4,1,0,3,Sagorne Creststrider,,,unreviewed,
Crew,4,0,0,4,The Cursed Crew,,,unreviewed,
Crier,4,1,0,3,Crier Goodman,,,unreviewed,
Crone,4,0,0,4,The Elder Crone,,,unreviewed,
Crowe,4,2,2,0,Maximillian Crowe,,,unreviewed,
Crushridge,4,0,0,4,Crushridge Bounty,,,unreviewed,
Crystals,4,0,0,4,The Singing Crystals,,,unreviewed,
Darthalia,4,1,0,3,High Executor Darthalia,,,unreviewed,
Daughter,4,0,0,4,In the land to the south where vines twist and creep Lies a hidden well where water runs deep Pure as the Light's sacred Daughter Bring to me now some Holy Spring Water.,,,unreviewed,
DeLavey,4,1,0,3,Bishop DeLavey,,,unreviewed,
Deaths,4,0,0,4,Deaths in the Family,,,unreviewed,
Deathwing,4,0,3,1,"My question to you is this,  : Which of the Aspects created by the titans became the nefarious creature known as Deathwing?",,,unreviewed,
Deck,4,0,0,4,Darkmoon Beast Deck,,,unreviewed,
Deepmountain,4,0,4,0,"Well well!  You've come to the right place to learn Mining,  boyo : girlie;!  Geofram Bouldertoe himself resides at the Deepmountain Mining Guild.  Ye couldn't ask for a better instructor than him.",,,unreviewed,
Defenses,4,0,0,4,Trelane's Defenses,,,unreviewed,
Deputy,4,3,0,1,Deputy Willem,,,unreviewed,
Deviate,4,0,0,4,Deviate Hides,,,unreviewed,
Diadem,4,0,0,4,Stormcaller's Diadem,,,unreviewed,
Die,4,0,0,4,Princess Must Die!,,,unreviewed,
Digest,4,0,0,4,To Ironforge for Yagyin's Digest,,,unreviewed,
Digging,4,0,0,4,Digging Through the Ooze,,,unreviewed,
Disharmony,4,0,0,4,Disharmony of Flame,,,unreviewed,
Divination,4,0,0,4,The Divination,,,unreviewed,
Docks,4,0,0,4,Trouble at the Docks,,,unreviewed,
Donation,4,0,0,4,A Donation of Runecloth,,,unreviewed,
Doras,4,1,1,2,Doras,,,unreviewed,
Drape,4,0,0,4,Drape of Vaulted Secrets,,,unreviewed,
Draxlegauge,4,2,0,2,Doctor Draxlegauge,,,unreviewed,
Dread,4,0,0,4,The Isle of Dread!,,,unreviewed,
Druids,4,0,2,2,Druids?  I haven't seen any druids around here.  Although there is a district in Stormwind that the night elves have made their own.,,,unreviewed,
Dumah,4,1,1,2,Nathaniel Dumah,,,unreviewed,
Earthcaller,4,1,0,3,Canaga Earthcaller,,,unreviewed,
Easy,4,0,0,4,Easy Strider Living,,,unreviewed,
Echo,4,0,0,4,Investigate Echo Ridge,,,unreviewed,
Egan,4,1,0,3,Egan,,,unreviewed,
Elementals,4,0,1,3,"No one really knows who made the Darkmoon Cards or what their true purpose is, but I can tell you that they have been found all over Azeroth, usually in the hands of a villain attempting to unlock their mysteries.There are four types of Darkmoon Cards; Beasts, Elementals, Portals and Warlords, with eight cards, Ace to Eight in each suit. If you collect all eight of one suit then you can turn them into a deck that you can give to our Professor Thaddeus Paleo in exchange for a powerful trinket.",,,unreviewed,
Emma,4,1,0,3,Ol' Emma,,,unreviewed,
Empty,4,0,0,4,Chen's Empty Keg,,,unreviewed,
Enchanters,4,0,4,0,"Nope, don't think there are any Enchanters here in Elwynn Forest.  There's a guy named Lucan who runs a shop up in Stormwind though.  You could check with him and see if he will train you.",,,unreviewed,
Encroaching,4,0,0,4,Encroaching Gnolls,,,unreviewed,
Enjoy,4,0,4,0,"Welcome to the races!  Enjoy your stay, and don't bet all your money in one place!",,,unreviewed,
Evershine,4,0,0,4,Evershine,,,unreviewed,
Evoroot,4,0,4,0,"Sure thing,  . You look like you can be trusted... Trustworthy! I can spot that a mile away...  Anyway, back to what I was sayin'. Takes one Evoroot plant to make the Videre Elixir. The rest 'a the ingredients are trivial really, but the Evoroot, well, that can be a bit tricky to get.",,,unreviewed,
Exalted,4,0,0,4,Superior Armaments of Battle - Exalted Amongst the Dawn,,,unreviewed,
Exiled,4,2,0,2,Feegly the Exiled,,,unreviewed,
Expeditions,4,0,4,0,"Hello stranger, and welcome to the untamed majesty of Un'Goro Crater!  My name is Williden Marshal.  My sister, our companions, and I make up Marshal Expeditions - scientists and explorers of Azeroth's wild and great unknown.  We've hit a bit of a rough patch here, and we're looking for some help if you have the time!",,,unreviewed,
Eyes,4,0,0,4,Jarl Needs Eyes,,,unreviewed,
Failbane,4,1,0,3,Trull Failbane,,,unreviewed,
Fang,4,1,0,3,Vel'rin Fang,,,unreviewed,
Farley,4,1,1,2,Innkeeper Farley,,,unreviewed,
Farwhisper,4,1,2,1,Elder Farwhisper,,,unreviewed,
Faustin,4,1,0,3,Apothecary Faustin,,,unreviewed,
Felben,4,1,3,0,Doctor Martin Felben,,,unreviewed,
Fielder,4,1,3,0,Adele Fielder,,,unreviewed,
Figure,4,0,0,4,The Shadowy Figure,,,unreviewed,
Finest,4,0,0,4,Galvan's Finest Pupil,,,unreviewed,
Firebloom,4,0,0,4,The Horde Needs Firebloom!,,,unreviewed,
Firebrew,4,1,0,3,Innkeeper Firebrew,,,unreviewed,
Firehand,4,0,4,0,"Over in the Hall of Arms you can find our resident stable master, Ulbrek Firehand.  He'll make sure any pets ye have are well fed and rightly cared for.",,,unreviewed,
Fires,4,0,0,4,Wild Fires in Kalimdor,,,unreviewed,
Firewarder,4,1,0,3,Searn Firewarder,,,unreviewed,
Flameweaver,4,1,0,3,Xanis Flameweaver,,,unreviewed,
Flickering,4,0,0,4,Flickering Flames in the Eastern Kingdoms,,,unreviewed,
Focus,4,0,0,4,Libram of Focus,,,unreviewed,
Fool,4,0,0,4,Zanzil's Mixture and a Fool's Stout,,,unreviewed,
Foot,4,0,0,4,Cracking Maury's Foot,,,unreviewed,
Footguards,4,0,0,4,Stormcaller's Footguards,,,unreviewed,
Footwraps,4,0,0,4,Footwraps of the Oracle,,,unreviewed,
Forces,4,0,0,4,Special Forces,,,unreviewed,
Forestmoon,4,1,3,0,Sylvanna Forestmoon,,,unreviewed,
Forged,4,0,0,4,Forged Steel,,,unreviewed,
Form,4,0,2,2,"Now that's a piece of steel worth wearing. Form and function lad/lass, I am impressed. Only ever seen it's match once, a Master in the Great Forge named Grumnus Steelshaper. I bet he has learned a few things since then, could probably teach some to ye.",,,unreviewed,
Fortune,4,0,0,4,Miner's Fortune,,,unreviewed,
Freedom,4,0,0,4,Freedom for All Creatures,,,unreviewed,
Frontier,4,0,0,4,Protect the Frontier,,,unreviewed,
Frostsaber,4,0,0,4,Frostsaber Provisions,,,unreviewed,
Fuel,4,0,0,4,Zapper Fuel,,,unreviewed,
Future,4,0,0,4,A Future Task,,,unreviewed,
Garmason,4,2,0,2,Motley Garmason,,,unreviewed,
Gauntlet,4,0,0,4,The Algaz Gauntlet,,,unreviewed,
Geofram,4,0,4,0,"Well well!  You've come to the right place to learn Mining,  boyo : girlie;!  Geofram Bouldertoe himself resides at the Deepmountain Mining Guild.  Ye couldn't ask for a better instructor than him.",,,unreviewed,
Gerenzo,4,0,0,4,Gerenzo's Orders,,,unreviewed,
Ghull,4,1,0,3,Ursyn Ghull,,,unreviewed,
Gizelton,4,2,0,2,Cork Gizelton,,,unreviewed,
Glade,4,0,2,2,Alanna spends most of her day at the Oracle Glade where she practices her profession.  Should you wish to learn the Enchanter's profession you will need to go there to find her.,,,unreviewed,
Glowing,4,0,0,4,The Glowing Fruit,,,unreviewed,
Godan,4,1,3,0,Godan,,,unreviewed,
Gods,4,0,2,2,"I once followed the ways of the Twilight's Hammer. Obsessed with reviving the Old Gods, I journeyed deep into this lair to try to draw power from the cursed beast, Aku'mai!  After witnessing the sacrifice of countless innocents, I came to my senses.  I was trapped but now I am free! But so far from my homeland of Khaz Modan!  Brave adventurer, I offer you passage to a very special land in return for slaying Aku'mai. If you wish, I can port you to the city of Darnassus.",,,unreviewed,
Goodman,4,1,0,3,Crier Goodman,,,unreviewed,
Goodstitch,4,2,0,2,Xizk Goodstitch,,,unreviewed,
Got,4,0,1,3,It's the big building in Razor Hill that's not the barracks.  Just talk to Innkeeper Grosk inside.  Got that?,,,unreviewed,
Gothena,4,2,0,2,Officer Gothena,,,unreviewed,
Grace,4,0,0,4,Fall From Grace,,,unreviewed,
Graham,4,1,1,2,Graham Van Talen,,,unreviewed,
Grave,4,0,0,4,Meet at the Grave,,,unreviewed,
Graveyards,4,0,0,4,Alterac Valley Graveyards,,,unreviewed,
Grayhoof,4,0,0,4,"My friend, Mor Grayhoof, was the first to fall victim to possession of a piece Voone. A few spectral assassins snuck in and slew him right in front of Voone.",,,unreviewed,
Greaves,4,0,0,4,Conqueror's Greaves,,,unreviewed,
Grimbooze,4,1,0,3,Grimbooze Thunderbrew,,,unreviewed,
Grimshot,4,1,1,2,Ormak Grimshot,,,unreviewed,
Grumnus,4,1,1,2,Grumnus Steelshaper,,,unreviewed,
Hallow,4,0,4,0,"Welcome to the Wickerman Festival,  !  On the observance of Hallow's End, the Forsaken burn a wickerman in honor of this, the most revered of occasions.  It was on this day that the Banshee Queen herself delivered us from the clutches of the Lich King and the Scourge.  We have remained free ever since.  Those who would have seen us fall are repayed in full... with vengeance!  The burning of the Wickerman begins at 8:00 PM!",,,unreviewed,
Hard,4,0,1,3,"Put your back into it,  lad:lass;. Hard work and determination--that's the way! Don't let anyone tell you book learnin' is all ye need.",,,unreviewed,
Hardened,4,0,0,4,Hardened Shells,,,unreviewed,
Harlo,4,2,0,2,Harlo Barnaby,,,unreviewed,
Harpy,4,0,0,4,Harpy Raiders,,,unreviewed,
Harvest,4,0,2,2,"Greetings,  .  It is the time of the Harvest Festival - a time of great bounties and a time of remembrance.  We partake of feasts to celebrate all we have to be thankful of, and we remember our ancestors and past heroes to give thanks to the legacy they gave us.  Please feel free to partake of the feast being offered here.  Also, I am offering some fireworks to help celebrate this joyous time of year.",,,unreviewed,
Haunted,4,0,0,4,The Haunted Mills,,,unreviewed,
Healing,4,0,2,2,First Aid is always a nice skill to have.  Many a time during battle has it saved my hide.  Visit Spiritual Healing on the Spirit Rise.  Pand Stonebinder can teach you all you need to know to save your hide as well.,,,unreviewed,
Helbrim,4,1,0,3,Apothecary Helbrim,,,unreviewed,
Helendis,4,1,0,3,Helendis Riverhorn,,,unreviewed,
Helene,4,0,4,0,"Over by Crystal Lake there lives a lady named Adele Fielder.  She makes patches for the local guards with the extra leather she gets from the local skinner, Helene.  She would probably be the one to see if you're interested in learning the profession.",,,unreviewed,
Hex,4,0,0,4,Hex of Weakness,,,unreviewed,
Hiccup,4,0,0,4,Hiccup! Ho Ho! Hiccup! Ho Ho!,,,unreviewed,
Hides,4,0,0,4,Deviate Hides,,,unreviewed,
Highpeak,4,1,2,1,Elder Highpeak,,,unreviewed,
Hive,4,0,0,4,Hive in the Tower,,,unreviewed,
Holt,4,1,1,2,Holt Thunderhorn,,,unreviewed,
Home,4,0,0,4,An Orphan Looking For a Home,,,unreviewed,
Horrors,4,0,0,4,Toxic Horrors,,,unreviewed,
Horse,4,0,2,2,"I can teach you the finer points of Horse Riding, provided you have enough gold to cover the lesson!",,,unreviewed,
Howling,4,0,0,4,Howling in the Hills,,,unreviewed,
Human,4,0,0,4,"The Human, Ras Frostwhisper",,,unreviewed,
Hunch,4,0,0,4,Fenstad's Hunch,,,unreviewed,
Husband,4,0,0,4,A Husband's Revenge,,,unreviewed,
Huzzah,4,0,4,0,Step right up and hear about the most amazing spectacle in all of Azeroth - the Darkmoon Faire!  Huzzah!,,,unreviewed,
Hydraxis,4,0,4,0,"If Hydraxis recruits more in his war, then it might shift the balance of power...",,,unreviewed,
Hyjal,4,0,3,1,"Besides the Grunts outside, my brothers and I fought at the battle of Hyjal. Any who seek to steal from the bank must face us first.",,,unreviewed,
Ice,4,0,0,4,The Ice Guard,,,unreviewed,
Ilthalaine,4,1,0,3,Conservator Ilthalaine,,,unreviewed,
Importance,4,0,0,4,Components of Importance,,,unreviewed,
Infiltrator,4,1,0,3,Infiltrator Marksen,,,unreviewed,
Ingredient,4,0,0,4,Sprinkle's Secret Ingredient,,,unreviewed,
Irons,4,0,3,1,"Delivering these barrels to the excavation site is hard work, but there are so many depending on us to get the blast powder there.  We must do what we can against the Dark Irons!",,,unreviewed,
Island,4,0,2,2,"It... It's foggy,  . I can't see anything! Wait... Wait a minute. I see... I see Doctor Weavil's hideout. It... YES! I believe he is holding a chapter of the book!  Let me see if I can zoom this thing out to get a better vantage point.  <Narain appears to be going cross-eyed.>  Alcaz Island! That devious bastard is on Alcaz Island!",,,unreviewed,
Items,4,0,0,4,Items of Power,,,unreviewed,
Jaggedscar,4,1,2,1,Tarshaw Jaggedscar,,,unreviewed,
Je'neu,4,1,0,3,Je'neu Sancrea,,,unreviewed,
Jenova,4,0,4,0,"If you need to house your pet while you're training another, then you should talk to Jenova Stoneshield over in the Dwarven District.",,,unreviewed,
Jeremiah,4,1,0,3,Jeremiah Payson,,,unreviewed,
Jim,4,1,1,2,Smiling Jim,,,unreviewed,
Jorn,4,1,0,3,Jorn Skyseer,,,unreviewed,
Jubjub,4,0,3,1,"I can't find my pet frog, Jubjub.  She loves Dark Iron Ale, it's all she ever drinks, but can be so hard to get!  Now I'm out... and Jubjub must have run away to find more!  I wish she would come back...",,,unreviewed,
Juice,4,0,0,4,Zombie Juice,,,unreviewed,
Kadrell,4,1,0,3,Mountaineer Kadrell,,,unreviewed,
Kal,4,1,2,1,Kal,,,unreviewed,
Kamari,4,1,3,0,Kamari,,,unreviewed,
Karl,4,2,0,2,Karl Boran,,,unreviewed,
Keldran,4,1,0,3,Keldran,,,unreviewed,
Kelp,4,0,0,4,Collecting Kelp,,,unreviewed,
Ken'zigla,4,1,0,3,Ken'zigla,,,unreviewed,
Keryn,4,1,3,0,Keryn Sylvius,,,unreviewed,
Kettle,4,0,4,0,"Och!  That Daryl Riknussun is a brilliant cook!  He makes a chilli so hot ye could temper steel with it!  I don't think he'll teach ye the recipe, but he'll certainly help ye to become a good cook.  Ye'll find him at the Bronze Kettle o'er on the northeastern side of The Great Forge.",,,unreviewed,
Kindal,4,1,0,3,Kindal Moonweaver,,,unreviewed,
Kinelory,4,1,0,3,Kinelory,,,unreviewed,
Kits,4,0,0,4,Armor Kits,,,unreviewed,
Knight,4,0,4,0,"Ya may not follow the ways of the Light like a Knight of the Silver Hand, but ya can always ask us for aid.",,,unreviewed,
Kobold,4,0,0,4,Kobold Camp Cleanup,,,unreviewed,
Krastinov,4,0,0,4,"Doctor Theolen Krastinov, the Butcher",,,unreviewed,
Kronkrider,4,1,3,0,Race Master Kronkrider,,,unreviewed,
Kurzen,4,0,0,4,Colonel Kurzen,,,unreviewed,
Lac,4,1,2,1,Lyria Du Lac,,,unreviewed,
Lack,4,0,0,4,Lack of Surplus,,,unreviewed,
Land,4,0,0,4,Sharing the Land,,,unreviewed,
Laris,4,1,1,2,Laris Geardawdle,,,unreviewed,
Larson,4,2,1,1,Wynne Larson,,,unreviewed,
Law,4,0,1,3,Elder Morndeep spends time at the Ring of Law in Blackrock Depths.,,,unreviewed,
Leaders,4,0,0,4,Kolkar Leaders,,,unreviewed,
Lean,4,0,0,4,The Horde Needs Lean Wolf Steaks!,,,unreviewed,
Left,4,0,0,4,I Got Nothin' Left!,,,unreviewed,
Legends,4,0,2,2,"You want the Hall of Legends. It's high above the Valley of Strength on the west side. If you're not an officer you can't get in, but you can still talk to Sergeant Ba'sha outside.",,,unreviewed,
Legplates,4,0,0,4,Dreadnaught Legplates,,,unreviewed,
Living,4,0,2,2,Living out here in the desert is rough! I get so thirsty standing outside in this heat.,,,unreviewed,
Loch,4,0,4,0,"Welcome to Thelsamar, your home away from home in Loch Modan!  Thelsamar is a nice place, but it's not all beer and salted meat for those who answer the call to duty!  If you're willing to face danger in the name of the Alliance, then read the poster outside the Thelsamar branch of the Explorers' League.",,,unreviewed,
Lok'tar,4,0,4,0,Are you here to fight for us at Warsong Gulch?  Lok'tar Ogar  !,,,unreviewed,
Lords,4,0,0,4,Fallen Sky Lords,,,unreviewed,
Machines,4,0,0,4,Shredding Machines,,,unreviewed,
Maclear,4,1,0,3,Sergeant Maclear,,,unreviewed,
Maclure,4,2,0,2,Maybell Maclure,,,unreviewed,
Madness,4,0,0,4,The Madness Within,,,unreviewed,
Magar,4,1,3,0,Magar,,,unreviewed,
Maginor,4,1,2,1,Maginor Dumas,,,unreviewed,
Mail,4,0,0,4,Coldridge Valley Mail Delivery,,,unreviewed,
Making,4,0,1,3,Making it out of here without a blade in your back or poison in your veins would be an accomplishment.,,,unreviewed,
Malfurion,4,1,3,0,Malfurion Stormrage,,,unreviewed,
Mana,4,0,0,4,Mana Surges,,,unreviewed,
March,4,0,0,4,March of the Silithid,,,unreviewed,
Marks,4,0,0,4,The Night Elves and their allies must tremble at even the whisper of your name! Warsong Gulch. Continue to rage against the Silverwing Sentinels! Bring me more Marks of Honor!,,,unreviewed,
Materials,4,0,0,4,Gathering Materials,,,unreviewed,
Mazen,4,1,0,3,Mazen Mac'Nadir,,,unreviewed,
Medium,4,0,0,4,The Alliance Needs Medium Leather!,,,unreviewed,
Melor,4,1,0,3,Melor Stonehoof,,,unreviewed,
Memories,4,0,0,4,Collecting Memories,,,unreviewed,
Merrin,4,1,0,3,Merrin Rockweaver,,,unreviewed,
Mills,4,0,0,4,The Haunted Mills,,,unreviewed,
Modr,4,0,0,4,"If my suspicions are correct, this is some type of explosive powder. This must be Stonesmirk in Dun Modr. Heed my advice: stick to the roads and stop for nothing!",,,unreviewed,
Mojache,4,0,2,2,"Even my talents have a limit, and you have reached it. Congratulations,  . Your next stop should be Camp Mojache in Feralas. The tauren Hahrana Ironhide lives there; she is renowned for her skill.",,,unreviewed,
Monument,4,0,4,0,Elder Skygleam can be found near the Ravencrest Monument in Azshara.,,,unreviewed,
Moonbreeze,4,3,0,1,Troyas Moonbreeze,,,unreviewed,
Moonstalker,4,1,0,3,Herald Moonstalker,,,unreviewed,
Moonweaver,4,2,0,2,Kindal Moonweaver,,,unreviewed,
Moore,4,3,1,0,Aldric Moore,,,unreviewed,
Mor,4,0,0,4,"My friend, Mor Grayhoof, was the first to fall victim to possession of a piece Voone. A few spectral assassins snuck in and slew him right in front of Voone.",,,unreviewed,
Mosarn,4,1,0,3,Mosarn,,,unreviewed,
Mosh'aru,4,0,0,4,The Prophecy of Mosh'aru,,,unreviewed,
Mottar,4,1,0,3,Aristan Mottar,,,unreviewed,
Mudsnout,4,0,0,4,"Another day, another elixir to be made. If it were up to me, I'd just and Southshore. Collect for me 6 Mudsnout Blossoms from the field for my next elixir.",,,unreviewed,
Mug,4,0,0,4,Bartleby's Mug,,,unreviewed,
Muiredon,4,1,0,3,Muiredon Battleforge,,,unreviewed,
Next,4,0,1,3,Don't come out of the shadows like that. Next time give a girl some warning. ,,,unreviewed,
Noble,4,0,0,4,A Noble Brew,,,unreviewed,
Northridge,4,0,2,2,"Long ago, before the last great war, my father ran the Northridge Lumber Mill. It was his life, and he was committed to it. Then the war came, and as much as it pained him, we had to flee to Stormwind.  We lost a number of friends and family in the those days, and it pains me to know that the Scarlet Crusade has taken the mill for their own ends.  That's why I've returned.",,,unreviewed,
OOX,4,0,0,4,Rescue OOX-17/TN!,,,unreviewed,
Observe,4,0,3,1,"Look at the wisdom and knowledge of the beast, and you will see yourself. Observe as the owl does, learn cleverness from the sabercat, embody the mighty spirit of the wolf.",,,unreviewed,
Obsidian,4,1,2,1,Elder Obsidian,,,unreviewed,
Off,4,0,0,4,"Smelt On, Smelt Off",,,unreviewed,
Ooze,4,0,0,4,Digging Through the Ooze,,,unreviewed,
Operation,4,0,0,4,Operation Recombobulation,,,unreviewed,
Ops,4,0,0,4,Covert Ops - Alpha,,,unreviewed,
Origins,4,0,0,4,Rot Hide Origins,,,unreviewed,
Ormak,4,1,1,2,Ormak Grimshot,,,unreviewed,
Other,4,0,0,4,"Your task then,  , is to find someone here in Ironforge that is in need remain here in the temple for your return. Other paladins will need my guidance also.",,,unreviewed,
Overlord,4,2,0,2,Overlord Runthak,,,unreviewed,
Overseer,4,2,0,2,Royal Overseer Bauhaus,,,unreviewed,
Paladin,4,2,1,1,Remains of a Paladin,,,unreviewed,
Passing,4,0,0,4,Passing Word of a Threat,,,unreviewed,
Patrol,4,0,0,4,Patrol Schedules,,,unreviewed,
Pay,4,0,4,0,"Well, I've seen better. But, you have potential, I won't deny it. Pay attention and you just might learn something!",,,unreviewed,
Peacebloom,4,0,0,4,The Horde Needs Peacebloom!,,,unreviewed,
Peltskinner,4,1,1,2,Eagan Peltskinner,,,unreviewed,
Perenolde,4,0,0,4,Lord Aliden Perenolde,,,unreviewed,
Peril,4,0,0,4,A Fishy Peril,,,unreviewed,
Pick,4,0,0,4,"The torch must now be bound to its owner. Pick up the torch,  . The torch must now be bound to its owner. Pick up the torch,  .",,,unreviewed,
Pickup,4,0,0,4,An Easy Pickup,,,unreviewed,
Pit,4,4,0,0,Gnome Pit Boss,,,unreviewed,
Plucky,4,0,4,0,"Plucky doesn't want Tirth to know he's still in the Shimmering Flats, so he turned himself into a chicken!  If you find Plucky, beckon him to you.  Maybe he'll come out of hiding.",,,unreviewed,
Poor,4,0,1,3,"This kind of work isn't for the faint of heart. I have an uncle who lost a hand! Poor old Stumpy... anyway, if you're still interested I might be able to show you a few things.",,,unreviewed,
Portals,4,0,1,3,"No one really knows who made the Darkmoon Cards or what their true purpose is, but I can tell you that they have been found all over Azeroth, usually in the hands of a villain attempting to unlock their mysteries.There are four types of Darkmoon Cards; Beasts, Elementals, Portals and Warlords, with eight cards, Ace to Eight in each suit. If you collect all eight of one suit then you can turn them into a deck that you can give to our Professor Thaddeus Paleo in exchange for a powerful trinket.",,,unreviewed,
Pouch,4,0,2,2,"Yes, but you'll find it more rewarding if you have skill in herbalism!  You will be required to nurture and cultivate special seeds -- not to swing an axe blindly or gesticulate wildly at passing shadows.  While the Evergreen Pouch you'll receive allows even the simplest brute to grow something, those who show some aptitude will have more bountiful results.",,,unreviewed,
Prayer,4,0,0,4,Prayer to Elune,,,unreviewed,
Pretty,4,1,1,2,"""Pretty Boy"" Duncan",,,unreviewed,
Price,4,0,0,4,The Price of Shoes,,,unreviewed,
Primal,4,1,1,2,Primal Torntusk,,,unreviewed,
Primestone,4,1,2,1,Elder Primestone,,,unreviewed,
Pristine,4,0,0,4,Pristine Spider Silk,,,unreviewed,
Prize,4,0,1,3,"Glad you asked. Darkmoon Faire Prize Tickets are our way of letting you help with the faire, and in return you can turn in your tickets for special prizes!To get started you'll want to talk to Chronos, Kerri Hicks, Ringling and Yebb Nebblegear to see who you can best help. They always have something that needs doing to improve and expand our attractions.Then when you have enough tickets, speak with Gelvas Grimegate and he will give you a list of prizes to choose from.",,,unreviewed,
Prodigal,4,0,0,4,The Prodigal Lich,,,unreviewed,
Protecting,4,0,0,4,Protecting the Shipment,,,unreviewed,
Prove,4,0,1,3,"Behind me is the Altar of Zanza, a sacred place for us Zandalar.  We pray here to bolster our resolve in preparation for war against the Blood God, Hakkar.  Prove yourself to the tribe by using the altar to destroy any of the Hakkari Bijous you might find inside Zul'Gurub.  Also, I will trade you Honor Tokens our tribe uses for sets of coins you may find in Zul'Gurub.  Bring me the coins that I seek, and you will be rewarded!",,,unreviewed,
Pure,4,1,0,3,Katherine the Pure,,,unreviewed,
Purifier,4,1,0,3,Delgren the Purifier,,,unreviewed,
Purpose,4,0,0,4,To Kill With Purpose,,,unreviewed,
Put,4,0,2,2,"Put your back into it,  lad:lass;. Hard work and determination--that's the way! Don't let anyone tell you book learnin' is all ye need.",,,unreviewed,
Quae,4,1,0,3,Quae,,,unreviewed,
Quality,4,0,0,4,The Mark of Quality,,,unreviewed,
Quel'Serrar,4,0,0,4,The Forging of Quel'Serrar,,,unreviewed,
Quell,4,0,0,4,Quell The Uprising,,,unreviewed,
Quinn,4,1,1,2,Quinn Yorick,,,unreviewed,
Ragefist,4,2,2,0,Grezz Ragefist,,,unreviewed,
Rainbow,4,0,0,4,The Alliance Needs Rainbow Fin Albacore!,,,unreviewed,
Ramaladni,4,0,0,4,The Fate of Ramaladni,,,unreviewed,
Randal,4,2,2,0,Randal Hunter,,,unreviewed,
Rapidity,4,0,0,4,Libram of Rapidity,,,unreviewed,
Raptors,4,0,0,4,Now let's step up the challenge and see if you're up to it. Venture into jungle and bag yourself 10 of those bloody Lashtail Raptors. Let's see what you've got!,,,unreviewed,
Rastakhan,4,0,2,2,"I am Al'tabim the All-Seeing - an envoy of King Rastakhan.  My dealings are with priests, mages, and warlocks.",,,unreviewed,
Rau,4,1,0,3,Rau Cliffrunner,,,unreviewed,
Raven,4,0,0,4,The situation in Raven Hill is still grim. The safety of Darkshire is in your dispatch for Raven Hill yet again and rid the eastern mausoleum of 20 Plague Spreaders!,,,unreviewed,
Ravencrest,4,0,4,0,Elder Skygleam can be found near the Ravencrest Monument in Azshara.,,,unreviewed,
Ravenfeather,4,1,0,3,Seer Ravenfeather,,,unreviewed,
Razelikh,4,0,4,0,"Neither you nor I could possibly imagine the pain an individual suffers when their soul is ripped from their body. They are not dead and by no means are they alive. Instead, they walk the land, servants of those that bind them to this world.  Lord Razelikh, demonic overlord of these lands, enslaved them all. Nine he took for his own, placing stones of binding near the Dark Portal. The remaining nine were divided up between his subordinates.",,,unreviewed,
Recluse,4,0,1,3,"Welcome to the Blue Recluse, where the magically inclined gather to blow off steam. Though not literally of course. What can I get for you   sir : ma'am;?",,,unreviewed,
Registry,4,0,3,1,Welcome to the Undercity Guild Registry. What do you want?,,,unreviewed,
Remik,4,1,0,3,Kali Remik,,,unreviewed,
Rend,4,0,4,0,"Rend, son of Blackhand: Impotent chieftain of the Blackrock clan. A more stubborn bastard does not exist.  At the end of the second War, Rend and his brother, Maim, fled to find sanctuary within the mountainous stronghold of Blackrock Spire. It was there that Rend declared himself Warchief of the weakened Blackrock clan.",,,unreviewed,
Rendezvous,4,0,0,4,Redridge Rendezvous,,,unreviewed,
Reports,4,0,0,4,The Reports,,,unreviewed,
Rethban,4,0,0,4,Rethban Ore,,,unreviewed,
Returns,4,0,0,4,The Prodigal Lich Returns,,,unreviewed,
Revantusk,4,0,3,1,"Welcome to Revantusk Village, stranger. I am Primal Torntusk, leader of the Revantusk trolls.",,,unreviewed,
Revilgaz,4,1,1,2,Baron Revilgaz,,,unreviewed,
Reyna,4,0,4,0,"Oh, ye want to learn to pick some daisies do ye?  Ha!  I'm just teasing ye  laddie : lass;.  A fine profession it is, and Reyna Stonebranch can show ye how it's done.  She works at the Ironforge Physician on the southern side of The Great Forge.",,,unreviewed,
Ribbly,4,2,0,2,Ribbly Screwspigot,,,unreviewed,
Ridge,4,0,0,4,Investigate Echo Ridge,,,unreviewed,
Righteous,4,0,0,4,The Path of the Righteous,,,unreviewed,
Rites,4,0,0,4,Rites of the Earthmother,,,unreviewed,
Roast,4,0,0,4,The Alliance Needs Roast Raptor!,,,unreviewed,
Rockets,4,0,0,4,Small Rockets,,,unreviewed,
Roundup,4,0,0,4,Kodo Roundup,,,unreviewed,
Rumbleshot,4,1,1,2,Hegnar Rumbleshot,,,unreviewed,
Rumplesnicker,4,1,1,2,Umi Rumplesnicker,,,unreviewed,
Runners,4,0,0,4,Runners have returned from Winterspring with reports that there is a series of small caves to have gone mad from exposure to the very thing that they strive to protect.,,,unreviewed,
Ruul,4,2,0,2,Ruul Eagletalon,,,unreviewed,
Ryedol,4,1,0,3,Prospector Ryedol,,,unreviewed,
Sabatons,4,0,0,4,Dreadnaught Sabatons,,,unreviewed,
Sagorne,4,1,0,3,Sagorne Creststrider,,,unreviewed,
Salvation,4,0,0,4,Road to Salvation,,,unreviewed,
Samophlange,4,0,0,4,Samophlange,,,unreviewed,
Sara,4,2,0,2,Sara Timberlain,,,unreviewed,
Scooty,4,1,1,2,Scooty,,,unreviewed,
Scorpid,4,0,0,4,Sting of the Scorpid,,,unreviewed,
Scraps,4,0,0,4,Armor Scraps,,,unreviewed,
Scythe,4,0,0,4,The Scythe of Elune,,,unreviewed,
Senir,4,1,0,3,Senir Whitebeard,,,unreviewed,
Shadewhisper,4,2,0,2,Erion Shadewhisper,,,unreviewed,
Shady,4,0,4,0,"The humans built an inn on the edge of the Barrens. The Shady Rest, they called it. Weeks ago, it was burned down.  The Warchief told us to leave the humans alone, so long as they didn't cross our borders, but it appears someone violated his wishes.  He has put me in charge of getting to the bottom of it. If you wish to provide assistance, go to the remains of the Shady Rest Inn and return any clues you find to me.",,,unreviewed,
Shakedown,4,0,0,4,Kingly Shakedown,,,unreviewed,
Shandris,4,1,0,3,Shandris Feathermoon,,,unreviewed,
Shards,4,0,0,4,Singing Blue Shards,,,unreviewed,
Shen,4,1,0,3,Wu Shen,,,unreviewed,
Shenthul,4,1,2,1,Shenthul,,,unreviewed,
Shroud,4,0,0,4,Shroud of Unspoken Names,,,unreviewed,
Sightless,4,1,1,2,Falthir the Sightless,,,unreviewed,
Silvervein,4,1,2,1,Elder Silvervein,,,unreviewed,
Singing,4,0,0,4,The Singing Crystals,,,unreviewed,
Skuerto,4,1,1,2,Skuerto,,,unreviewed,
Skull,4,0,0,4,Minshina's Skull,,,unreviewed,
Slime,4,0,0,4,A Sample of Slime...,,,unreviewed,
Smelt,4,0,0,4,"Smelt On, Smelt Off",,,unreviewed,
Smiling,4,1,1,2,Smiling Jim,,,unreviewed,
Snarl,4,1,3,0,Snarl,,,unreviewed,
Something,4,0,4,0,You look like the type I should watch my coin purse around. Something I can help you with?,,,unreviewed,
Soothing,4,0,0,4,Soothing Turtle Bisque,,,unreviewed,
Sorcerer,4,2,0,2,High Sorcerer Andromath,,,unreviewed,
Soul,4,0,1,3,"In decades past - of now ancient wars and conflicts - our kind was driven to the brink of extinction. Much we have endured,  .  The onslaught of the Burning Legion. The Demon Soul. The Aspects divided. The ascension of Deathwing. The enslavement of our Queen, Alexstrasza, by the Dragonmaw.  Through it all, we have been the unshakable will of the dragons - the undaunted force that has fought to represent our waning existence in this world.",,,unreviewed,
Souls,4,0,0,4,Devourer of Souls,,,unreviewed,
Southsea,4,0,0,4,Southsea Freebooters,,,unreviewed,
Spannerspan,4,1,0,3,Klockmort Spannerspan,,,unreviewed,
Spirituality,4,0,0,4,Garments of Spirituality,,,unreviewed,
Splitrock,4,1,2,1,Elder Splitrock,,,unreviewed,
Spring,4,0,2,2,"There are costs with war,  ... ones often overlooked.  Those costs are the orphans - children who have lost their parents to the far-too-numerous conflicts that rage across Azeroth.  Those children who have no one else to turn to often come here to live until they are old enough to fend for themselves.  One week out of the year during the Spring, the Alliance takes time to give something back to these innocents.  This time is called Children's Week.",,,unreviewed,
Sputtervalve,4,1,0,3,Sputtervalve,,,unreviewed,
Squire,4,2,0,2,Squire Maltrake,,,unreviewed,
Standard,4,0,0,4,Sentinel Standard Care Package,,,unreviewed,
Starglade,4,1,2,1,Elder Starglade,,,unreviewed,
Steaks,4,0,0,4,The Horde Needs Lean Wolf Steaks!,,,unreviewed,
Stealth,4,0,1,3,"Kildrath tends to overdramatize the situation. For example, 'Garona: A Study on Stealth and Treachery,' has been stolen over 400 times.  The mark of the Athenaeum protects the tomes, preventing any unauthorized viewings.",,,unreviewed,
Steelfury,4,2,2,0,Saru Steelfury,,,unreviewed,
Steelshaper,4,1,1,2,Grumnus Steelshaper,,,unreviewed,
Stephanie,4,1,0,3,Stephanie Turner,,,unreviewed,
Stinky,4,1,0,3,"""Stinky"" Ignatz",,,unreviewed,
Stonebranch,4,0,4,0,"Oh, ye want to learn to pick some daisies do ye?  Ha!  I'm just teasing ye  laddie : lass;.  A fine profession it is, and Reyna Stonebranch can show ye how it's done.  She works at the Ironforge Physician on the southern side of The Great Forge.",,,unreviewed,
Stonehammer,4,2,0,2,Roetten Stonehammer,,,unreviewed,
Stonesmirk,4,1,0,3,Ashlan Stonesmirk,,,unreviewed,
Stormrage,4,1,1,2,Malfurion Stormrage,,,unreviewed,
Stranglekelp,4,0,0,4,The Alliance Needs Stranglekelp!,,,unreviewed,
Strike,4,0,0,4,Time To Strike,,,unreviewed,
Study,4,0,1,3,"Kildrath tends to overdramatize the situation. For example, 'Garona: A Study on Stealth and Treachery,' has been stolen over 400 times.  The mark of the Athenaeum protects the tomes, preventing any unauthorized viewings.",,,unreviewed,
Sun,4,0,4,0,"There is one whose knowledge exceeds my own. You are ready to seek her out. Go to Sun Rock Retreat in Stonetalon Mountains. Find Hgarth, and continue your training.",,,unreviewed,
Supplying,4,0,0,4,Supplying the Front,,,unreviewed,
Surveyor,4,1,0,3,Senior Surveyor Fizzledowser,,,unreviewed,
Swarm,4,0,0,4,The Swarm Grows,,,unreviewed,
Sweet,4,0,0,4,Sweet Amber,,,unreviewed,
Swiftaxe,4,2,2,0,Granis Swiftaxe,,,unreviewed,
Sylvanna,4,1,3,0,Sylvanna Forestmoon,,,unreviewed,
Syurna,4,1,2,1,Syurna,,,unreviewed,
Taint,4,0,0,4,Kezan's Taint,,,unreviewed,
Tal,4,1,1,2,Tal,,,unreviewed,
Tally,4,1,3,0,Tally Berryfizz,,,unreviewed,
Tarn,4,1,3,0,Tarn,,,unreviewed,
Tarshaw,4,1,2,1,Tarshaw Jaggedscar,,,unreviewed,
Tarsis,4,1,3,0,Archmage Tarsis Kir-Moldir,,,unreviewed,
Tear,4,0,0,4,The Tear of the Moons,,,unreviewed,
Templar,4,0,0,4,Hoary Templar,,,unreviewed,
Tepa,4,1,3,0,Tepa,,,unreviewed,
Testing,4,0,0,4,Testing the Vessel,,,unreviewed,
Thaelrid,4,1,0,3,Argent Guard Thaelrid,,,unreviewed,
Thamner,4,1,3,0,Thamner Pol,,,unreviewed,
Tharnariun,4,1,1,2,Tharnariun Treetender,,,unreviewed,
Thee,4,0,0,4,A Plague Upon Thee,,,unreviewed,
Their,4,0,2,2,"The Gordunni are a large ogre tribe that has control over considerable portions of forests in Feralas. Their dark magic seeps into the elements around them, damaging both the environment and the creatures that inhabit it.  If you do decide to travel to Feralas, please be mindful of these ogres -- they are quite nasty and many are able to wield powerful dark magic. ",,,unreviewed,
Thenysil,4,1,0,3,Sentinel Thenysil,,,unreviewed,
Theridan,4,0,4,0,The Park is where you want to go if you are looking for druid trainers. Theridan and Maldryn can usually be found by the moonwell in the center of the district.,,,unreviewed,
Thork,4,1,2,1,Thork,,,unreviewed,
Thread,4,0,0,4,Ghost Hair Thread,,,unreviewed,
Thundris,4,1,0,3,Thundris Windweaver,,,unreviewed,
Tides,4,0,0,4,The Stone of the Tides,,,unreviewed,
Timberling,4,0,0,4,Timberling Seeds,,,unreviewed,
Tin,4,0,0,4,The Horde Needs Tin Bars!,,,unreviewed,
Tirion,4,2,0,2,Tirion Fordring,,,unreviewed,
Toxic,4,0,0,4,Toxic Horrors,,,unreviewed,
Traitor,4,2,0,2,The Defias Traitor,,,unreviewed,
Treasure,4,0,0,4,Sunken Treasure,,,unreviewed,
Trollbane,4,0,0,4,Trollbane,,,unreviewed,
Trull,4,1,0,3,Trull Failbane,,,unreviewed,
Twisted,4,0,0,4,Twisted Hatred,,,unreviewed,
Tyranis,4,0,0,4,Find both Dalinda and Tyranis if you can and come back to me with your found and brought back safely. Tyranis is to be... gauged before he is taken home.,,,unreviewed,
Tyrosus,4,1,1,2,Lord Maxwell Tyrosus,,,unreviewed,
Ulbrek,4,0,4,0,"Over in the Hall of Arms you can find our resident stable master, Ulbrek Firehand.  He'll make sure any pets ye have are well fed and rightly cared for.",,,unreviewed,
Uncovering,4,0,0,4,Uncovering the Past,,,unreviewed,
Undermarket,4,0,1,3,"Grab your things,  ! I've just gotten word from Nilith Lokrav in the Searing Gorge that the Undermarket has set up operations in the heart of the Cauldron. Find Nilith Lokrav in the Searing Gorge and get the low down!",,,unreviewed,
Unfinished,4,0,0,4,A Task Unfinished,,,unreviewed,
Unfortunate,4,0,0,4,Bodley's Unfortunate Fate,,,unreviewed,
Ur'kyo,4,1,0,3,Ur'kyo,,,unreviewed,
Ursyn,4,1,0,3,Ursyn Ghull,,,unreviewed,
Uzer'i,4,1,0,3,Witch Doctor Uzer'i,,,unreviewed,
Vanquish,4,0,0,4,Vanquish the Betrayers,,,unreviewed,
Velinde,4,0,0,4,Velinde Starsong,,,unreviewed,
Vengeance,4,0,1,3,Vengeance shall be mine.,,,unreviewed,
Verdant,4,0,0,4,Verdant Note,,,unreviewed,
Veteran,4,0,0,4,Veteran Uzzek,,,unreviewed,
Vilebranch,4,0,0,4,Vilebranch Hooligans,,,unreviewed,
Vistor,4,0,4,0,"Gonna make a guild, are ya? Good luck to ya then!Talk to Aldwin Laughlin in the Stormwind Vistor's Center. It's in the Trade District right as you come in from the Valley of Heroes.",,,unreviewed,
Vital,4,0,0,4,Vital Intelligence,,,unreviewed,
Vizzklick,4,1,1,2,Vizzklick,,,unreviewed,
Volcor,4,1,1,2,Volcor,,,unreviewed,
Voone,4,0,0,4,"My friend, Mor Grayhoof, was the first to fall victim to possession of a piece Voone. A few spectral assassins snuck in and slew him right in front of Voone.",,,unreviewed,
Waistguard,4,0,0,4,Dreadnaught Waistguard,,,unreviewed,
Warlocks,4,0,4,0,"Warlocks, eh.  Well, you didn't hear it from me, but I've heard rumors that those types gather at a bar called the Slaughtered Lamb in the Mage Quarter.  ",,,unreviewed,
Wastewander,4,0,0,4,Wastewander Justice,,,unreviewed,
Watchers,4,0,4,0,Elder Ragetotem spends her days at the Valley of the Watchers in Tanaris Desert.,,,unreviewed,
Web,4,0,0,4,Night Web's Hollow,,,unreviewed,
Weeping,4,0,4,0,I last saw Elder Meadowrun at the Weeping Cave in the Western Plaguelands.,,,unreviewed,
Weight,4,0,0,4,Worth Its Weight in Gold,,,unreviewed,
Welsh,4,1,0,3,Miles Welsh,,,unreviewed,
Wetlands,4,0,0,4,Lord Wishock is causing quite a stir amongst the House of Nobles. He was made at the very base of the falls far beneath the Stonewrought Dam in the Wetlands.,,,unreviewed,
Whisperwind,4,2,0,2,Tyrande Whisperwind,,,unreviewed,
Wildlife,4,0,0,4,Encroaching Wildlife,,,unreviewed,
William,4,2,0,2,William Pestle,,,unreviewed,
Windweaver,4,1,0,3,Thundris Windweaver,,,unreviewed,
Wishock,4,1,0,3,Lord Baurles K. Wishock,,,unreviewed,
Without,4,0,0,4,"Without the blessings of Alexstrasza the Life-Binder and Nozdormu the Timeless, Teldrassil's growth has not deliver to Darnassus. Bring it to Fandral Staghelm, you will find him in the druid grove.",,,unreviewed,
Wobblebonk,4,1,3,0,Bixi Wobblebonk,,,unreviewed,
Wolfrunner,4,2,0,2,Raene Wolfrunner,,,unreviewed,
Wolves,4,0,0,4,Wolves Across the Border,,,unreviewed,
Woodpaw,4,0,0,4,War on the Woodpaw,,,unreviewed,
Xanis,4,1,0,3,Xanis Flameweaver,,,unreviewed,
Yagyin,4,0,0,4,To Ironforge for Yagyin's Digest,,,unreviewed,
Ye're,4,0,4,0,"Ye won't find a gryphon master just anywhere around Dun Morogh,  lad : lass;.  Ye're going to have to go to Ironforge if ye want to take a gryphon somewhere.",,,unreviewed,
Ye've,4,0,4,0,Ye've come to the right place  lad : lass;!  People come here from all o'er the world to train to be a blacksmith.  Ye'll find Bengus Deepforge hammering away at an anvil in the middle of our fine city by The Great Forge itself.,,,unreviewed,
Years,4,0,4,0,"Years of quality breeding techniques and plenty of care allow me the privilege of showing you these horses!  Please, take your time as you consider them for your mount.  A horse is a companion for the ages, friend.  Don't sell yourself short - get your steed here today!",,,unreviewed,
Young,4,0,0,4,Young Lovers,,,unreviewed,
Zaldimar,4,1,2,1,Zaldimar Wefhellt,,,unreviewed,
Zamah,4,1,0,3,Apothecary Zamah,,,unreviewed,
Zamja,4,1,3,0,Zamja,,,unreviewed,
Zandalarian,4,1,3,0,Zandalarian Emissary,,,unreviewed,
Zapped,4,0,0,4,Zapped Giants,,,unreviewed,
Zapping,4,0,0,4,Fuel for the Zapping,,,unreviewed,
Zukk'ash,4,0,0,4,Zukk'ash Infestation,,,unreviewed,
Zureetha,4,1,0,3,Zureetha Fargaze,,,unreviewed,
Abercrombie,3,1,0,2,Abercrombie,,,unreviewed,
Accept,3,0,0,3,"Accept this talisman as a token of our appreciation,   priest:priestess;. The Eye of Zuldazar will the trolls of Zandalar strengthens. Return to me periodically and I shall imbue the jewel.",,,unreviewed,
According,3,0,0,3,"According to Cog's blueprint, what I need now is a way to reflect light. I reflective surface for this project? I believe she once resided in southern Duskwood. . .",,,unreviewed,
Advisor,3,1,0,2,Advisor Belgrum,,,unreviewed,
Aerie,3,0,3,0,"The Wildhammer dwarves might have fast steeds, but can those Aerie Peak gryphons stand the heat of The Great Forge?  I think not!",,,unreviewed,
Aethalas,3,1,2,0,Aethalas,,,unreviewed,
Ag'tor,3,1,0,2,Ag'tor Bloodfist,,,unreviewed,
Age,3,0,2,1,I am afraid that I am no longer gentle or humble. Age and countless battles have hardened my skin and soul. Perhaps that is why Cairne assigned me to Sun Rock Retreat... the gentle winds and warm sun does ease the pain.,,,unreviewed,
Agent,3,1,0,2,Agent Kearnen,,,unreviewed,
Aggro'gosh,3,1,0,2,Commander Aggro'gosh,,,unreviewed,
Agmond,3,0,0,3,Agmond's Fate,,,unreviewed,
Ahh,3,0,1,2,"Ahh, you will need to make your way over to the Hunter's Hall then. Several great hunters like Holt Thunderhorn can be found there on the Hunter Rise.",,,unreviewed,
Ahoy,3,0,1,2,"Ahoy,  ! Not a pretty picture, is it?  The Horizon Scout at the bottom of the sea, my crew in shambles, and our cargo and passengers strewn about like so much debris that you'd think this was one of Stormwind's canals after a festival.  And that's not where the trouble ends...",,,unreviewed,
Ajeck,3,1,0,2,Ajeck Rouack,,,unreviewed,
Ak'Zeloth,3,1,0,2,Ak'Zeloth,,,unreviewed,
Alanna,3,1,2,0,Alanna Raveneye,,,unreviewed,
Alegorn,3,1,2,0,Alegorn,,,unreviewed,
Alessandro,3,1,0,2,Alessandro Luca,,,unreviewed,
Alexstrasza,3,0,1,2,"In decades past - of now ancient wars and conflicts - our kind was driven to the brink of extinction. Much we have endured,  .  The onslaught of the Burning Legion. The Demon Soul. The Aspects divided. The ascension of Deathwing. The enslavement of our Queen, Alexstrasza, by the Dragonmaw.  Through it all, we have been the unshakable will of the dragons - the undaunted force that has fought to represent our waning existence in this world.",,,unreviewed,
Allow,3,0,1,2,It's simple really. Allow me to summarize...,,,unreviewed,
Amber,3,0,0,3,Sweet Amber,,,unreviewed,
Andromath,3,1,0,2,High Sorcerer Andromath,,,unreviewed,
Angela,3,2,0,1,Archmage Angela Dosantos,,,unreviewed,
Annison,3,1,0,2,Jorah Annison,,,unreviewed,
Ansirem,3,1,0,2,Archmage Ansirem Runeweaver,,,unreviewed,
Anvil,3,1,2,0,Aturk the Anvil,,,unreviewed,
Anyone,3,0,3,0,"I don't suppose you're here to talk about my lovely Kali. Fine, then. Potions it is. Anyone ever tell ye you've got a one-track mind?",,,unreviewed,
Arcanite,3,0,0,3,Arcanite,,,unreviewed,
Archbishop,3,1,0,2,Archbishop Benedictus,,,unreviewed,
Archesonus,3,1,0,2,Royal Historian Archesonus,,,unreviewed,
Arnok,3,1,2,0,Arnok,,,unreviewed,
Arnold,3,1,2,0,Arnold Leland,,,unreviewed,
Arren,3,1,0,2,Executor Arren,,,unreviewed,
Artist,3,1,0,2,Artist Renfray,,,unreviewed,
Arygos,3,1,2,0,Arygos,,,unreviewed,
Ashlan,3,1,0,2,Ashlan Stonesmirk,,,unreviewed,
Aska,3,1,2,0,Aska Mistrunner,,,unreviewed,
Assassin,3,2,0,1,Rohan the Assassin,,,unreviewed,
Assassins,3,0,0,3,Syndicate Assassins,,,unreviewed,
Astaia,3,1,2,0,Astaia,,,unreviewed,
Asterion,3,1,0,2,Asterion,,,unreviewed,
Atal'ai,3,1,0,2,Atal'ai Exile,,,unreviewed,
Athrikus,3,0,0,3,"Before confronting Athrikus, it would probably be wise for you to consult with Balthule. I vigilant in his watch of the Tower, and he may have information about recent developments.",,,unreviewed,
Aurel,3,1,0,2,Aurel Goldleaf,,,unreviewed,
Aurius,3,1,1,1,Aurius,,,unreviewed,
Azj'Tordin,3,1,0,2,Azj'Tordin,,,unreviewed,
Bailor,3,1,0,2,Bailor Stonehand,,,unreviewed,
Baine,3,1,0,2,Baine Bloodhoof,,,unreviewed,
Baked,3,0,0,3,The Horde Needs Baked Salmon!,,,unreviewed,
Balos,3,1,0,2,Balos Jacken,,,unreviewed,
Baltus,3,1,0,2,Baltus Fowler,,,unreviewed,
Banshee,3,0,1,2,"Welcome to the Wickerman Festival,  !  On the observance of Hallow's End, the Forsaken burn a wickerman in honor of this, the most revered of occasions.  It was on this day that the Banshee Queen herself delivered us from the clutches of the Lich King and the Scourge.  We have remained free ever since.  Those who would have seen us fall are repayed in full... with vengeance!  The burning of the Wickerman begins at 8:00 PM!",,,unreviewed,
Barovs,3,0,3,0,"Certainly,   sir:miss;. We were once servants of the house Barov: What is now known as the Scholomance.  I was the head maid and Lucien was Master Barov's butler.  We had worked for the Barovs for decades, until...  <Eva weeps.>",,,unreviewed,
Barthalomew,3,1,0,2,Leonid Barthalomew the Revered,,,unreviewed,
Bartolo,3,1,0,2,Bartolo Ginsetti,,,unreviewed,
Bashal'Aran,3,0,0,3,Bashal'Aran,,,unreviewed,
Battlewail,3,1,0,2,Orphan Matron Battlewail,,,unreviewed,
Befouled,3,0,0,3,Befouled by Satyr,,,unreviewed,
Begin,3,0,0,3,"Begin collecting the disarming materials immediately,  . Lurker Venom can be found on the indigenous Return to me once you've collected the needed items and I will prepare the mixture.",,,unreviewed,
Belgrum,3,1,0,2,Advisor Belgrum,,,unreviewed,
Belle,3,1,2,0,Michelle Belle,,,unreviewed,
Bellowrage,3,1,1,1,Elder Bellowrage,,,unreviewed,
Berrybuck,3,1,0,2,Ambassador Berrybuck,,,unreviewed,
Betina,3,1,0,2,Betina Bigglezink,,,unreviewed,
Betrayal,3,0,0,3,The Grand Betrayal,,,unreviewed,
Beware,3,0,0,3,Beware of Pterrordax,,,unreviewed,
Bigglezink,3,1,0,2,Betina Bigglezink,,,unreviewed,
Blackanvil,3,1,0,2,Captain Blackanvil,,,unreviewed,
Blackwood,3,0,0,3,"You've already proven adept at scouting our enemy,  . Do you have what it takes the Blackwood tribe there. Kill 8 pathfinders and 5 windtalkers, and return to me here.",,,unreviewed,
Blightcaller,3,1,0,2,Nathanos Blightcaller,,,unreviewed,
Bloads,3,1,0,2,Privateer Bloads,,,unreviewed,
Bloodbringer,3,1,0,2,Mor'zul Bloodbringer,,,unreviewed,
Bloodscar,3,1,0,2,Neeka Bloodscar,,,unreviewed,
Boltbucket,3,1,0,2,Wenikee Boltbucket,,,unreviewed,
Bones,3,0,0,3,"I will be frank. We are at war with the Scourge. It is an evil in the Valley of Bones to the south. Do this, and the Crusade will embrace you.",,,unreviewed,
Border,3,0,0,3,Wolves Across the Border,,,unreviewed,
Borgosh,3,1,0,2,Borgosh Corebender,,,unreviewed,
Both,3,0,3,0,"The time for war is almost upon us,  ! Both the Horde and the Alliance have finished with their preparations. All of our war materiel is being shipped to Silithus as we speak. I'd expect it all to arrive within $2113w days. When all is assembled there, the one who has completed the arduous task of reassembling the Scepter of the Shifting Sands will bang it against the Scarab Gong and open the gates to Ahn'Qiraj. Then battle shall be joined as has not been seen in ages!  Lok'tar Ogar!",,,unreviewed,
Bracketswing,3,1,2,0,Buzzek Bracketswing,,,unreviewed,
Brakgul,3,1,2,0,Brakgul Deathbringer,,,unreviewed,
Brewmaster,3,1,0,2,Brewmaster Drohn,,,unreviewed,
Brigade,3,0,1,2,"Hail,  .  The Ironforge Brigade is stationed here to keep an eye on Hive'Zora.  The Cenarion Circle druids have been monitoring silithid movement and they're anticipating something major in this area.",,,unreviewed,
Brightwing,3,1,0,2,Mayara Brightwing,,,unreviewed,
Brilliant,3,0,1,2,"If you're looking for information that the Cenarion Circle might have archived somewhere, then I'm the one to talk to.  Then again, you need to know what information you're looking for first before I can really help you.  See how that works?  Brilliant!",,,unreviewed,
Brock,3,1,0,2,Brock Stoneseeker,,,unreviewed,
Brogun,3,1,2,0,Brogun Stoneshield,,,unreviewed,
Bronk,3,1,2,0,Bronk Guzzlegear,,,unreviewed,
Brumn,3,1,0,2,Brumn Winterhoof,,,unreviewed,
Burningbeard,3,1,0,2,Olmin Burningbeard,,,unreviewed,
Burnside,3,3,0,0,Olivia Burnside,,,unreviewed,
Buzzek,3,1,2,0,Buzzek Bracketswing,,,unreviewed,
Byancie,3,1,2,0,Byancie,,,unreviewed,
Cabal,3,0,0,3,Tome of the Cabal,,,unreviewed,
Caelestrasz,3,1,2,0,Caelestrasz,,,unreviewed,
Calor,3,1,0,2,Calor,,,unreviewed,
Calvin,3,1,0,2,Calvin Montague,,,unreviewed,
Candle,3,0,0,3,Doomsday Candle,,,unreviewed,
Carnes,3,2,1,0,Corporal Carnes,,,unreviewed,
Caryssia,3,1,0,2,Caryssia Moonhunter,,,unreviewed,
Castpipe,3,1,0,2,Master Mechanic Castpipe,,,unreviewed,
Cauldron,3,0,2,1,"Grab your things,  ! I've just gotten word from Nilith Lokrav in the Searing Gorge that the Undermarket has set up operations in the heart of the Cauldron. Find Nilith Lokrav in the Searing Gorge and get the low down!",,,unreviewed,
Caz,3,1,0,2,Caz Twosprocket,,,unreviewed,
Cheers,3,0,0,3,"Your persistence is commendable. With the knowledge you helped me gather, Arugal will fall and gather, Arugal will fall and his reckless magic shall be undone. Cheers to you,  .",,,unreviewed,
Chicken,3,0,0,3,Chicken Clucking for a Mint,,,unreviewed,
Chronos,3,1,2,0,Chronos,,,unreviewed,
Clam,3,0,1,2,"I must say, Booty Bay has the best Clam Chowder to be had anywhere in the South Seas. Oh, not interested in cuisine eh? Well then let me be the first to welcome you to the berth of the Maiden's Fancy, the finest passenger ship to travel between the Eastern Kingdoms and Kalimdor. She's due back for another trip to Ratchet soon, so make yourself comfortable till she arrives.",,,unreviewed,
Clear,3,0,0,3,"Winterspring lies just beyond Timbermaw, northeast of Felwood. Have you been there? I have heard that found in the center of Winterspring. Clear them out, and gain access to the land.",,,unreviewed,
Cobb,3,1,2,0,Father Cobb,,,unreviewed,
Cobbleflint,3,1,0,2,Mountaineer Cobbleflint,,,unreviewed,
Coldsteel,3,1,0,2,Ironus Coldsteel,,,unreviewed,
Coleman,3,1,0,2,Coleman Farthing,,,unreviewed,
Collect,3,0,2,1,"The Scourge's plague still dominates the zone, and we have a long way to go before the plague will be altered enough to affect them.  Collect the necessary resources and help out the war effort!",,,unreviewed,
Collector,3,0,0,3,Bone Collector,,,unreviewed,
Color,3,0,1,2,"You're hunting Deathclasp,  ?  Color me impressed.  I lost two of my men to her this week alone.  Let's hope your luck is better than theirs.",,,unreviewed,
Comes,3,0,0,3,What Comes Around...,,,unreviewed,
Compendium,3,0,0,3,Compendium of the Fallen,,,unreviewed,
Corebender,3,1,0,2,Borgosh Corebender,,,unreviewed,
Corithras,3,1,0,2,Corithras Moonrage,,,unreviewed,
Crashing,3,0,0,3,Crashing the Wickerman Festival,,,unreviewed,
Craven,3,1,0,2,Craven Drok,,,unreviewed,
Creature,3,0,0,3,Creature of the Void,,,unreviewed,
Creatures,3,0,1,2,"<Kharan clears his throat.>  We made our way through the Searing Gorge tunnel and into the ravaged wasteland comprising the gorge. In retrospect, things were eerily quiet. The only dangers we ran across were the wildlife of the region: Creatures that my men easily dispatched.  We reached Blackrock Mountain with relative ease and made our way through the stonewrought construction without so much as a hiccup.",,,unreviewed,
Crypt,3,0,0,3,The Family Crypt,,,unreviewed,
Cuely,3,1,0,2,Chemist Cuely,,,unreviewed,
Culling,3,0,0,3,Culling the Threat,,,unreviewed,
Curgle,3,1,2,0,Curgle Cranklehop,,,unreviewed,
Cut,3,0,1,2,"Very well. Cut another lump of flesh from one of these specimens. Let us test what you've learned so far, and we can progress from there.",,,unreviewed,
Cyndra,3,1,2,0,Cyndra Kindwhisper,,,unreviewed,
Dais,3,0,3,0,"That's right, um,   lad : lass;, all of the war materiel is being transported to Silithus and the last of it should get there within $2113w days. After that, we'll all just have to wait and see who puts forth a   hero : heroine; to reconstitute the Scepter of the Shifting Sands and ring the gong on the Scarab Dais. Only when that occurs will the war begin to open the gates of Ahn'Qiraj.",,,unreviewed,
Dalinda,3,1,0,2,Dalinda Malem,,,unreviewed,
Daltry,3,1,0,2,Clerk Daltry,,,unreviewed,
Damn,3,0,2,1,"I once heard ol' Grimnur say he fished up a sword.  Or was it a swordfish?  Damn that Grimnur, he's told so many fish tales I can't remember which is which.  Well, why don't you go see him over in The Forlorn Cavern and have him tell you what it was.",,,unreviewed,
Damned,3,0,1,2,"The Cult of the Damned has grown large in scope. Nearly every city, from the capitals to the small hamlets and hovels of both the Horde and Alliance, have Cult members hidden amongst their citizenry.  Do not look so surprised. The Cult only wears a uniform for ritual and ceremony. It is quite possible that you have interacted with one during your adventures and not even known.",,,unreviewed,
Dancing,3,0,1,2,"Ah, as the title states I am an assassin for the Scarlet Crusade. I spend my days exterminating high priority targets and nights at the Gadgetzan discotheque. Dancing is my true calling. Assassination just pays the bills.",,,unreviewed,
Daphne,3,1,0,2,Daphne Stilwell,,,unreviewed,
Darkbargainer,3,1,2,0,Lokhtos Darkbargainer,,,unreviewed,
Darkthorn,3,1,0,2,Sergra Darkthorn,,,unreviewed,
Darnath,3,1,0,2,Darnath Bladesinger,,,unreviewed,
Dawnwatcher,3,2,0,1,Dawnwatcher Shaedlass,,,unreviewed,
Dawnweaver,3,1,0,2,Dalar Dawnweaver,,,unreviewed,
Deal,3,0,0,3,A Rogue's Deal,,,unreviewed,
Deathbringer,3,1,2,0,Brakgul Deathbringer,,,unreviewed,
Deathgate,3,1,0,2,Regthar Deathgate,,,unreviewed,
Deathmaster,3,1,0,2,Deathmaster Dwire,,,unreviewed,
Deed,3,0,0,3,Proof of Deed,,,unreviewed,
Deepriver,3,1,0,2,Mulgris Deepriver,,,unreviewed,
Deepshadow,3,1,0,2,Kirsta Deepshadow,,,unreviewed,
Defenders,3,0,0,3,Defenders of Darrowshire,,,unreviewed,
Dellis,3,1,0,2,Acolyte Dellis,,,unreviewed,
Demitrian,3,1,2,0,Highlord Demitrian,,,unreviewed,
Demonslayer,3,1,0,2,Vahlarriel Demonslayer,,,unreviewed,
Den,3,0,0,3,The Grizzled Den,,,unreviewed,
Deze,3,1,2,0,Deze Snowbane,,,unreviewed,
Dhugru,3,1,2,0,Dhugru Gorelust,,,unreviewed,
Dillinger,3,1,0,2,Deathguard Dillinger,,,unreviewed,
Dimspirit,3,1,0,2,Braug Dimspirit,,,unreviewed,
Dink,3,1,0,2,Dink,,,unreviewed,
Dirania,3,1,0,2,Dirania Silvershine,,,unreviewed,
Doc,3,1,0,2,Doc Mixilpixil,,,unreviewed,
Dogs,3,0,1,2,Darkmoon Dogs fresh off the grill.  Come and get em while they're hot!,,,unreviewed,
Donova,3,1,0,2,Donova Snowden,,,unreviewed,
Doom'rel,3,1,2,0,Doom'rel,,,unreviewed,
Doren,3,1,0,2,Lieutenant Doren,,,unreviewed,
Dorn,3,1,0,2,Dorn Plainstalker,,,unreviewed,
Dragoneye,3,1,0,2,Thorkaf Dragoneye,,,unreviewed,
Drakkisath,3,0,0,3,General Drakkisath's Demise,,,unreviewed,
Dreaming,3,0,3,0,"Welcome, my   brother : sister;.  If you are here to train, then I would be delighted to train you.  We are the preservers of the balance, now and forever, as Malfurion lies in the Dreaming.  Never forget this.",,,unreviewed,
Drohn,3,1,0,2,Brewmaster Drohn,,,unreviewed,
Drum,3,1,0,2,Drum Fel,,,unreviewed,
Due,3,0,1,2,"Due to incompatibility on your class specification, I am unable to help you rectify any situation you have with lack of ability.",,,unreviewed,
Duffy,3,1,0,2,Commander Duffy,,,unreviewed,
Duty,3,0,0,3,Field Duty,,,unreviewed,
Dwarf,3,0,1,2,"Welcome back to the Great Forge,  . Ye come to visit an old Dwarf or do ye think yer ready for the next step in yer training?",,,unreviewed,
Dwire,3,1,0,2,Deathmaster Dwire,,,unreviewed,
Dwukk,3,1,2,0,Dwukk,,,unreviewed,
Dying,3,1,0,2,Dying Archaeologist,,,unreviewed,
Eagan,3,1,0,2,Eagan Peltskinner,,,unreviewed,
Efforts,3,0,0,3,Concerted Efforts,,,unreviewed,
Eight,3,0,1,2,"No one really knows who made the Darkmoon Cards or what their true purpose is, but I can tell you that they have been found all over Azeroth, usually in the hands of a villain attempting to unlock their mysteries.There are four types of Darkmoon Cards; Beasts, Elementals, Portals and Warlords, with eight cards, Ace to Eight in each suit. If you collect all eight of one suit then you can turn them into a deck that you can give to our Professor Thaddeus Paleo in exchange for a powerful trinket.",,,unreviewed,
Einhorn,3,1,0,2,Finkle Einhorn,,,unreviewed,
Eitrigg,3,1,0,2,Eitrigg,,,unreviewed,
Elanaria,3,1,0,2,Elanaria,,,unreviewed,
Element,3,0,0,3,The Last Element,,,unreviewed,
Enchanter,3,0,3,0,Alanna spends most of her day at the Oracle Glade where she practices her profession.  Should you wish to learn the Enchanter's profession you will need to go there to find her.,,,unreviewed,
Ends,3,0,1,2,"Welcome to Blue Moon Odds and Ends,  .  If you have any questions, please let me know.",,,unreviewed,
Erland,3,1,0,2,Deathstalker Erland,,,unreviewed,
Erlgadin,3,1,0,2,Sir S. J. Erlgadin,,,unreviewed,
Evert,3,1,0,2,Evert Sorisam,,,unreviewed,
Exile,3,1,0,2,Atal'ai Exile,,,unreviewed,
Explorers,3,0,2,1,"Welcome to Thelsamar, your home away from home in Loch Modan!  Thelsamar is a nice place, but it's not all beer and salted meat for those who answer the call to duty!  If you're willing to face danger in the name of the Alliance, then read the poster outside the Thelsamar branch of the Explorers' League.",,,unreviewed,
Exzhal,3,1,1,1,Exzhal,,,unreviewed,
Faldron,3,1,2,0,Faldron,,,unreviewed,
Falrin,3,1,0,2,Falrin Treeshaper,,,unreviewed,
Falthir,3,1,0,2,Falthir the Sightless,,,unreviewed,
Familiars,3,0,0,3,Vile Familiars,,,unreviewed,
Fantastic,3,0,2,1,"Fantastic! Aren't you the industrious one? Well, let's get started, shall we?",,,unreviewed,
Far,3,1,0,2,Far Seer Mok'thardin,,,unreviewed,
Fargaze,3,1,0,2,Zureetha Fargaze,,,unreviewed,
Farmstead,3,0,0,3,The documents Executor Arren provided are just the break we needed in our battle with by travelling west to the tower past the Solliden Farmstead and slay 10 Scarlet Warriors.,,,unreviewed,
Farthing,3,3,0,0,Bishop Farthing,,,unreviewed,
Featherwhistle,3,3,0,0,Milli Featherwhistle,,,unreviewed,
Felgur,3,1,0,2,Felgur Twocuts,,,unreviewed,
Felnok,3,1,0,2,Felnok Steelspring,,,unreviewed,
Fenthwick,3,1,2,0,Fenthwick,,,unreviewed,
Ferry,3,0,2,1,A Rut'theran Ferry leaves for Auberdine from Rut'theran Village at the base of Teldrassil.  The portal in Darnassus will allow you to reach Rut'theran safely.,,,unreviewed,
Festive,3,0,0,3,Festive Lunar Dresses,,,unreviewed,
Fever,3,0,0,3,Stranglethorn Fever,,,unreviewed,
Finkle,3,1,0,2,Finkle Einhorn,,,unreviewed,
Fintallas,3,1,0,2,Parqual Fintallas,,,unreviewed,
Firegaze,3,1,0,2,Thun'grim Firegaze,,,unreviewed,
Fireworks,3,0,0,3,Lunar Fireworks,,,unreviewed,
Fisherman,3,1,2,0,Fisherman Lin'do,,,unreviewed,
Fiss,3,1,0,2,Kranal Fiss,,,unreviewed,
Fist,3,0,0,3,Wand over Fist,,,unreviewed,
Five,3,0,0,3,Control Five Bases,,,unreviewed,
Fizracket,3,1,0,2,Fin Fizracket,,,unreviewed,
Fizzle,3,1,0,2,Fizzle Brassbolts,,,unreviewed,
Fizzlebub,3,1,0,2,Crank Fizzlebub,,,unreviewed,
Flagongut,3,1,0,2,Archaeologist Flagongut,,,unreviewed,
Flint,3,1,0,2,Flint Shadowmore,,,unreviewed,
Flowers,3,0,3,0,Flowers and seeds and such?  That would be Reyna Stonebranch's area of expertise.  Ye can find her tending to her plants over at the Ironforge Physician on the southern side of The Great Forge.,,,unreviewed,
Flying,3,0,1,2,"Welcome! Step right up, don't be shy. This here is my pride and joy... the Blastenheimer 5000 Ultra Cannon! Ain't she pretty? You look a little big around the mid section, but I think you'll fit. Flying is so much fun, want to learn how?",,,unreviewed,
Folsom,3,1,0,2,Caretaker Folsom,,,unreviewed,
Food,3,0,1,2,"Food, now there's a subject that I can sink my fangs into! I am told that we have $2095w of $2096w lean wolf steaks, $2102w out of $2103w spotted yellowtail, and $2105w of $2106w baked salmon on ice and stored away.",,,unreviewed,
Force,3,0,1,2,"The Eastern Pylon accepts blue, yellow, and green crystals.  It focuses on the energy that can be created using blue crystals as the main source of power. There are two possible effects: one provides bonus to spirit, and one that creates a damaging shield.  Crystal Force requires blue and green crystals. This will provide you with an increase in spirit.  Crystal Spire requires blue and yellow crystals. This will create a shield that does damage to attackers.",,,unreviewed,
Foreman,3,3,0,0,Foreman Oslow,,,unreviewed,
Fowler,3,1,0,2,Baltus Fowler,,,unreviewed,
Frezza,3,1,2,0,Frezza,,,unreviewed,
Fruit,3,0,0,3,Fruit of the Sea,,,unreviewed,
Fuselighter,3,2,0,1,Pilot Xiggs Fuselighter,,,unreviewed,
Galgar,3,1,0,2,Galgar,,,unreviewed,
Gallina,3,3,0,0,Renato Gallina,,,unreviewed,
Gambit,3,0,0,3,Nek'rosh's Gambit,,,unreviewed,
Gardens,3,0,2,1,A budding herbalist are we?  Then you should visit with Firodren Mooncaller over in the Temple Gardens.  He may have some tricks of the trade to impart with you.,,,unreviewed,
Garrick,3,1,0,2,Warmaster Garrick,,,unreviewed,
Gates,3,0,3,0,"Kelstrum is a loudmouth and a braggart... and if that weren't enough he's also one of the most skilled warriors ye'll ever meet!  I tell ye, if ye're looking to be trained in the ways of a warrior, that's who ye should be talking to.  I'm sure he can be found over in the Hall of Arms east of the Gates of Ironforge.",,,unreviewed,
Gazin,3,1,0,2,Gazin Tenorm,,,unreviewed,
Gazrog,3,1,0,2,Gazrog,,,unreviewed,
Geardawdle,3,1,0,2,Laris Geardawdle,,,unreviewed,
Gearstrip,3,1,0,2,Lomac Gearstrip,,,unreviewed,
Gem,3,0,0,3,Seeking the Kor Gem,,,unreviewed,
Giant,3,0,0,3,Mountain Giant Muisek,,,unreviewed,
Gizmo,3,0,0,3,Hypercapacitor Gizmo,,,unreviewed,
Gnomish,3,0,1,2,"With some of the technology that was recovered by bold gnomes venturing into Gnomeregan, I have managed to construct my greatest invention:  The Matter Transporter!    All I need now is a skilled Gnomish Engineer to build a powerful beacon attuned to the transporter.",,,unreviewed,
Goddess,3,0,3,0,"It is no light endeavor upon which you embark  .  To get to Warsong Gulch you will want to speak to Aethalas, the Battlemaster of the Silverwing Sentinels.  She will guide your way.  Blessings of the Goddess be with you!",,,unreviewed,
Gol'dir,3,1,0,2,Gol'dir,,,unreviewed,
Gong,3,0,3,0,"The time for war is almost upon us,  ! Both the Horde and the Alliance have finished with their preparations. All of our war materiel is being shipped to Silithus as we speak. I'd expect it all to arrive within $2113w days. When all is assembled there, the one who has completed the arduous task of reassembling the Scepter of the Shifting Sands will bang it against the Scarab Gong and open the gates to Ahn'Qiraj. Then battle shall be joined as has not been seen in ages!  Lok'tar Ogar!",,,unreviewed,
Goodsteel,3,1,0,2,Krinkle Goodsteel,,,unreviewed,
Gorelust,3,1,2,0,Dhugru Gorelust,,,unreviewed,
Gorn,3,1,0,2,Gorn,,,unreviewed,
Gornek,3,1,0,2,Gornek,,,unreviewed,
Gramma,3,1,0,2,Gramma Stonefield,,,unreviewed,
Granger,3,1,2,0,Maris Granger,,,unreviewed,
Granis,3,1,2,0,Granis Swiftaxe,,,unreviewed,
Grark,3,1,0,2,Grark Lorkrub,,,unreviewed,
Grasp,3,0,1,2,"Thrall's Grasp they called us: Twenty of Thrall's most accomplished and honored soldiers.  I had ordered the regiment to build an encampment here, on the border of the Blasted Lands, while we waited for our orders to arrive from Orgrimmar. Weeks passed without word from the warchief; the men grew restless.  It was a judgment call,  . I was young and ambitious, afraid of nothing. The battalion would set forth into the Blasted Lands under my command.  A decision I would later regret.",,,unreviewed,
Gravelgaw,3,1,0,2,Mountaineer Gravelgaw,,,unreviewed,
Greasygob,3,1,0,2,Rilli Greasygob,,,unreviewed,
Greater,3,0,1,2,We have seeded Darkmoon Cards around the world to see if any worthy individuals could complete a set of any of the four suits.    If you manage to collect all eight cards of one of the suits we will reward you with one of the Greater Darkmoon cards that functions as a powerful trinket as well as a link to the Darkmoon Faire.,,,unreviewed,
Greatmother,3,1,0,2,Greatmother Hawkwind,,,unreviewed,
Greenspyre,3,1,0,2,Rellian Greenspyre,,,unreviewed,
Gregor,3,2,0,1,Gregor Greystone,,,unreviewed,
Grelin,3,1,0,2,Grelin Whitebeard,,,unreviewed,
Gremlock,3,1,2,0,Gremlock Pilsnor,,,unreviewed,
Greycloud,3,1,0,2,Kanati Greycloud,,,unreviewed,
Grez,3,1,0,2,Hammertoe Grez,,,unreviewed,
Grezz,3,1,2,0,Grezz Ragefist,,,unreviewed,
Grimshade,3,1,0,2,Thadius Grimshade,,,unreviewed,
Grosk,3,1,2,0,Innkeeper Grosk,,,unreviewed,
Groy,3,1,0,2,Privateer Groy,,,unreviewed,
Gryphons,3,0,3,0,"Gryphons, eh? Never really cared for the beasts but to each their own.You can find Dungar Longdrink on the rampart in the Trade District.",,,unreviewed,
Guards,3,0,1,2,There is bound to be a gnome in Stormwind that can teach you the profession.  I'm sure one of the Stormwind Guards could point you in the right direction.,,,unreviewed,
Gurubashi,3,0,1,2,"The Paragons of Power are remnants from the ancient Gurubashi Empire.  We Zandalar seek them - not only are they of tremendous collectible value to us, but we believe that they also hold latent signatures of magic used by the old Empire.  You'll more than likely discover three kinds of Paragons in Zul'Gurub: coins, bijous, and primal items.  Bring them to us in the quantities that we seek, and you'll be rewarded with some of the finest items we Zandalar have ever crafted.",,,unreviewed,
Guzzler,3,0,3,0,"If it weren't for the Grim Guzzler, I'd probably spend my free time pulling the wings off dragon whelps.",,,unreviewed,
Hair,3,0,0,3,Ghost Hair Thread,,,unreviewed,
Hammerstrike,3,1,0,2,Wagner Hammerstrike,,,unreviewed,
Hammertoe,3,1,0,2,Hammertoe Grez,,,unreviewed,
Hana'zua,3,1,0,2,Hana'zua,,,unreviewed,
Handle,3,0,1,2,"Many animals lost their lives so that we could gain these materials. Do not take their sacrifice lightly,  . Handle the leather with the respect it deserves.",,,unreviewed,
Harlan,3,1,0,2,Harlan Bagley,,,unreviewed,
Harmon,3,2,0,1,Anthion Harmon,,,unreviewed,
Harnesses,3,0,0,3,Ram Hide Harnesses,,,unreviewed,
Hegnar,3,2,1,0,Hegnar Rumbleshot,,,unreviewed,
Heirloom,3,0,0,3,The Forgotten Heirloom,,,unreviewed,
Helgrum,3,1,0,2,Helgrum the Swift,,,unreviewed,
Hermit,3,1,0,2,Hermit Ortell,,,unreviewed,
Hierophant,3,1,0,2,Hierophant Theodora Mulvadania,,,unreviewed,
Hinderweir,3,1,0,2,Chief Engineer Hinderweir VII,,,unreviewed,
Hippogryph,3,0,1,2,"The Hippogryph is a noble beast, proud and swift.  They are an honor to train, and can quickly take their rider a great distance.",,,unreviewed,
Hogral,3,1,2,0,Hogral Bakkan,,,unreviewed,
Hollee,3,1,0,2,Archaeologist Hollee,,,unreviewed,
Honestly,3,0,0,3,"Honestly? I wouldn't have thought it. You're amazing,  . Taking on demons for a mage's boot. Great job! I'm personally gonna tell Roetten about you when I get back to Ironforge.",,,unreviewed,
Hopefully,3,0,1,2,"I welcome you,  . And the Emerald Circle welcomes you.  Hopefully together we can help rejuventate and protect this once-mighty forest. Many forces seek to destroy it from without... and within.  Do not be persuaded by the power here--it will only corrupt you, like it has this entire land.",,,unreviewed,
Horn,3,0,0,3,Chimaeric Horn,,,unreviewed,
Howl,3,0,3,0,You killed Ghost Howl.  You're a stud!,,,unreviewed,
Huh,3,0,3,0,"Are you kidding me? You must be kidding me! Either that or you think I'm a clown here to amuse you. Is that what you think? That I'm a clown? Huh, is it! You think I'm a clown don't you!",,,unreviewed,
Humbert,3,1,0,2,Deathguard Humbert,,,unreviewed,
Huntress,3,1,0,2,Huntress Swiftriver,,,unreviewed,
III,3,0,0,3,Chapter III,,,unreviewed,
Ichor,3,0,0,3,Rot Hide Ichor,,,unreviewed,
Imp,3,0,0,3,Imp Delivery,,,unreviewed,
Importer,3,1,0,2,Willix the Importer,,,unreviewed,
Incredible,3,0,2,1,"Incredible. Your potions display a knowledge that rivals my own. I cannot train you further, but talk to the orc Rogvar of Stonard in the Swamp of Sorrows. He's known for his cutting-edge experiments.",,,unreviewed,
Indurium,3,0,0,3,Indurium,,,unreviewed,
Information,3,0,3,0,A fellowship of kindred spirits can be a powerful force.  Krumn will help you to achieve this.  You will find him at the Thunder Bluff Civic Information center on the lower rise next to the lifts.,,,unreviewed,
Ingots,3,0,0,3,Lightforge Ingots,,,unreviewed,
Intelligence,3,0,0,3,Vital Intelligence,,,unreviewed,
Interesting,3,0,2,1,"Interesting, interesting... I know of a druid that lives atop the hill above the Wailing Caverns,  . She might be able to tell you more about this shard you have found.  Now, I must get back to work!",,,unreviewed,
Investigation,3,0,0,3,Noxious Lair Investigation,,,unreviewed,
Invisible,3,0,3,0,We are but darkness and shadows. Eternal. Invisible.,,,unreviewed,
Ironbraid,3,1,0,2,Ormer Ironbraid,,,unreviewed,
Ironrager,3,1,0,2,Okothos Ironrager,,,unreviewed,
Ironus,3,1,0,2,Ironus Coldsteel,,,unreviewed,
Jacken,3,1,0,2,Balos Jacken,,,unreviewed,
Jahan,3,1,0,2,Jahan Hawkwing,,,unreviewed,
Jandi,3,0,3,0,"Ya man, you be wantin Jandi's Arboretum.  Did I just say that?  Glok'tar I must be tired!  Follow the wooden steps behind Asoran's Market in the Valley of Wisdom up into The Drag and you'll find Jandi's there on the upper level.",,,unreviewed,
Jandria,3,1,2,0,Jandria,,,unreviewed,
Jannok,3,1,2,0,Jannok Breezesong,,,unreviewed,
Jaron,3,1,0,2,Jaron Stoneshaper,,,unreviewed,
Javnir,3,1,0,2,Javnir Nashak,,,unreviewed,
Jeffcoat,3,1,0,2,Christoph Jeffcoat,,,unreviewed,
Jer'kai,3,1,0,2,Jer'kai Moonweaver,,,unreviewed,
Jessen,3,1,0,2,Chef Jessen,,,unreviewed,
Johnson,3,0,3,0,"Oh, you mean Johnson?  I heard he's in hiding.",,,unreviewed,
Jonespyre,3,1,0,2,Quintis Jonespyre,,,unreviewed,
Joolam,3,1,0,2,Telf Joolam,,,unreviewed,
Jorah,3,1,0,2,Jorah Annison,,,unreviewed,
Jordan,3,1,0,2,Jordan Stilwell,,,unreviewed,
Joshua,3,1,0,2,Brother Joshua,,,unreviewed,
Judgment,3,0,0,3,To Show Due Judgment,,,unreviewed,
Juli,3,1,2,0,Juli Stormkettle,,,unreviewed,
Jumpsprocket,3,1,2,0,Sprite Jumpsprocket,,,unreviewed,
Kadrak,3,1,0,2,Kadrak,,,unreviewed,
Kah,3,1,2,0,Kah Mistrunner,,,unreviewed,
Kaldon,3,1,0,2,Windcaller Kaldon,,,unreviewed,
Kaleb,3,1,0,2,Corporal Kaleb,,,unreviewed,
Kanati,3,1,0,2,Kanati Greycloud,,,unreviewed,
Kaplak,3,1,2,0,Kaplak,,,unreviewed,
Kartra,3,1,2,0,Kartra Bloodsnarl,,,unreviewed,
Katar,3,1,0,2,Katar,,,unreviewed,
Kayneth,3,1,0,2,Kayneth Stillwind,,,unreviewed,
Keeneye,3,1,0,2,Talin Keeneye,,,unreviewed,
Keldamyr,3,1,2,0,Innkeeper Keldamyr,,,unreviewed,
Kelv,3,1,0,2,Kelv Sternhammer,,,unreviewed,
Keras,3,1,2,0,Keras Wolfheart,,,unreviewed,
Kergul,3,1,2,0,Kergul Bloodaxe,,,unreviewed,
Kibler,3,1,0,2,Kibler,,,unreviewed,
Killing,3,0,0,3,The Killing Fields,,,unreviewed,
Kilram,3,1,2,0,Kilram,,,unreviewed,
Kirin,3,0,2,1,"At last! I am finally free from this cell!  The Kirin Tor sent me from Dalaran to investigate Arugal's progress with the undead here in Silverpine Forest. Little did we know that the wizard had lost his grasp on sanity.  I must report this mess at once! But before I leave, allow me to undo the magical lock on the courtyard door.  You defeated Rethilgore, perhaps you will survive what lies beyond....",,,unreviewed,
Kirsta,3,1,0,2,Kirsta Deepshadow,,,unreviewed,
Kor,3,0,0,3,Seeking the Kor Gem,,,unreviewed,
Korolusk,3,1,0,2,Sage Korolusk,,,unreviewed,
Korran,3,1,0,2,Korran,,,unreviewed,
Kranal,3,1,0,2,Kranal Fiss,,,unreviewed,
Krin,3,1,0,2,Moktar Krin,,,unreviewed,
Krinkle,3,1,0,2,Krinkle Goodsteel,,,unreviewed,
Kristoff,3,1,0,2,Brother Kristoff,,,unreviewed,
Kroshius,3,0,2,1,"There is a powerful infernal named Kroshius northeast of this camp. It is why Niby is here. Kroshius is a greater infernal - an infernal that has lasted longer than expected. You see, nub, an infernal crashes down into the earth with great intensity to serve its master but this intensity fades fast. Once the blazing flames have died down, the infernal crumbles.",,,unreviewed,
Krueg,3,1,0,2,Krueg Skullsplitter,,,unreviewed,
Krug,3,1,0,2,Krug Skullsplit,,,unreviewed,
Kylanna,3,2,1,0,Kylanna,,,unreviewed,
Ladimore,3,1,0,2,Watcher Ladimore,,,unreviewed,
Lariss,3,0,3,0,You'll find Elder Grimtotem at the Lariss Pavilion in Feralas.,,,unreviewed,
Lau'Tiki,3,1,2,0,Lau'Tiki,,,unreviewed,
Lavinia,3,1,2,0,Lavinia Crowe,,,unreviewed,
Learn,3,0,1,2,"You learn quickly, that is not a bad thing. Just be sure to do the job right, as long as it takes to do so. Now, I fear I must send you to Snarl to learn more. Learn what he can teach, but do not listen to his angry words. He gets that way when Saru's daughters laugh at him.",,,unreviewed,
Leatherworkers,3,0,3,0,Kodohide Leatherworkers is what you want.  Find it in the middle of The Drag.,,,unreviewed,
Ledger,3,0,0,3,Ledger from Tanaris,,,unreviewed,
Lee,3,1,2,0,Lee Brown,,,unreviewed,
Leftwitch,3,0,0,3,"One of my tasks out here involves picking up some reagents for Leftwitch, a gnome Bring 'em back to me and we'll get started on the rest of the list.",,,unreviewed,
Leonid,3,1,0,2,Leonid Barthalomew the Revered,,,unreviewed,
Levine,3,1,0,2,Mickey Levine,,,unreviewed,
Lewis,3,1,0,2,Quartermaster Lewis,,,unreviewed,
Lightbringer,3,0,3,0,"It is good to see others who fight the Scourge in Stratholme, for it is here they are strongest.  Greetings.  I am Aurius.  I was once a paladin of the Silver Hand, but like others whose faith wavered... I fell from grace.  The Scourge seduced me and nearly transformed me into a death knight!  Finally sensing my peril, I fled to this chapel.  It is a sacred place, where the first paladin, Uther the Lightbringer, was ordained into the order of the Silver Hand.",,,unreviewed,
Lilyssia,3,1,2,0,Lilyssia Nightbreeze,,,unreviewed,
Lindsey,3,1,2,0,Martin Lindsey,,,unreviewed,
Lokhtos,3,1,2,0,Lokhtos Darkbargainer,,,unreviewed,
Lomac,3,1,0,2,Lomac Gearstrip,,,unreviewed,
Loramus,3,1,0,2,Loramus Thalipedes,,,unreviewed,
Lorkrub,3,1,0,2,Grark Lorkrub,,,unreviewed,
Louis,3,1,0,2,Commander Louis Philips,,,unreviewed,
Lozgil,3,1,0,2,Wharfmaster Lozgil,,,unreviewed,
Luca,3,1,0,2,Alessandro Luca,,,unreviewed,
Lucky,3,0,3,0,"Ah, The Gilded Rose... with its soft down beds and warm baths... just thinking about that Inn makes me want to... ::yawn:: Lucky you if you're heading over there...  you will find it in the west side of the Trade District.   ...nice soft pillows, warm blankets.  ::yawn::",,,unreviewed,
Lumak,3,1,2,0,Lumak,,,unreviewed,
Lunalight,3,1,0,2,Officer Lunalight,,,unreviewed,
Lunthistle,3,1,0,2,Zamael Lunthistle,,,unreviewed,
MacGrann,3,1,0,2,Tundra MacGrann,,,unreviewed,
MacKreel,3,1,0,2,Foggy MacKreel,,,unreviewed,
Mace,3,0,0,3,Mace of Unending Life,,,unreviewed,
Machine,3,0,1,2,Look for Nogg's Machine Shop in the Valley of Honor northeast of Red Canyon Mining.,,,unreviewed,
Magical,3,0,0,3,Magical Analysis,,,unreviewed,
Magis,3,1,2,0,Magis Sparkmantle,,,unreviewed,
Mahren,3,1,0,2,Mahren Skyseer,,,unreviewed,
Mak,3,1,2,0,Mak,,,unreviewed,
Maloof,3,1,0,2,Officer Maloof,,,unreviewed,
Maltrake,3,1,0,2,Squire Maltrake,,,unreviewed,
Mara,3,1,0,2,Mara Rennick,,,unreviewed,
Marauders,3,0,0,3,Marauders of Darrowshire,,,unreviewed,
Marblesten,3,1,0,2,Grand Mason Marblesten,,,unreviewed,
Marcus,3,1,0,2,General Marcus Jonathan,,,unreviewed,
Margoz,3,1,0,2,Margoz,,,unreviewed,
Marin,3,1,0,2,Marin Noggenfogger,,,unreviewed,
Maris,3,1,2,0,Maris Granger,,,unreviewed,
Martek,3,1,0,2,Martek the Exiled,,,unreviewed,
Mason,3,1,0,2,Grand Mason Marblesten,,,unreviewed,
Mataus,3,1,2,0,Mataus the Wrathcaster,,,unreviewed,
Matter,3,0,1,2,"With some of the technology that was recovered by bold gnomes venturing into Gnomeregan, I have managed to construct my greatest invention:  The Matter Transporter!    All I need now is a skilled Gnomish Engineer to build a powerful beacon attuned to the transporter.",,,unreviewed,
Mayara,3,1,0,2,Mayara Brightwing,,,unreviewed,
Me'lynn,3,1,2,0,Me'lynn,,,unreviewed,
Meat,3,0,1,2,"Meat, skin, bones... a good hunter lets nothing go to waste. Every scrap of leather can be salvaged, perhaps to reinforce an ally's armor. Thus, each of us is strong alone, but together we become invincible.",,,unreviewed,
Mebok,3,1,0,2,Mebok Mizzyrix,,,unreviewed,
Mechano,3,0,3,0,"Um... I think you're a little too big to ride a Mechano-strider there,   mister : ma'am;.  You'd likely crush the finely tuned servo-balancers!",,,unreviewed,
Meet,3,0,1,2,"If Reethe is somehow involved with the burning of the Shady Rest Inn, you'll have to find him and get some answers out of him.  I sent Ogron to track him down. He was headed off to the southeast. Meet up with Ogron and then go find Reethe.",,,unreviewed,
Meideros,3,1,0,2,Nara Meideros,,,unreviewed,
Melkins,3,1,0,2,Corporal Melkins,,,unreviewed,
Menaces,3,0,0,3,Eight-Legged Menaces,,,unreviewed,
Merit,3,0,0,3,Talismans of Merit,,,unreviewed,
Merithra,3,1,2,0,Merithra of the Dream,,,unreviewed,
Miao'zan,3,1,2,0,Miao'zan,,,unreviewed,
Michael,3,1,0,2,Michael Garrett,,,unreviewed,
Michelle,3,1,2,0,Michelle Belle,,,unreviewed,
Mickey,3,1,0,2,Mickey Levine,,,unreviewed,
Mighthammer,3,1,0,2,Kharan Mighthammer,,,unreviewed,
Mikhail,3,1,0,2,Mikhail,,,unreviewed,
Military,3,0,3,0,"Well met,  . I hope you are here to inquire on the Ahn'Qiraj war effort. We are going to need a great deal of assistance.  The war effort is a united effort between the Alliance and Horde to prepare for the upcoming war against the Silithid and their masters in Ahn'Qiraj. In the Military Ward of Ironforge, we are collecting all manner of goods to create our war materiel from, and these gathering tasks are what we need your help with.  Can I convince you to speak with our commander about pitching in?",,,unreviewed,
Milton,3,1,0,2,Milton Sheaf,,,unreviewed,
Miner,3,1,0,2,Miner Cromwell,,,unreviewed,
Mixilpixil,3,1,0,2,Doc Mixilpixil,,,unreviewed,
Mmmmm,3,0,3,0,"There is no finer cook in Thunder Bluff than Aska Mistrunner.  Mmmmm, I can smell what she is cooking from here.  Head over to her kitchen located on the high rise.Drat... now I am hungry.",,,unreviewed,
Moktar,3,1,0,2,Moktar Krin,,,unreviewed,
Montague,3,1,0,2,Calvin Montague,,,unreviewed,
Montgomery,3,0,0,3,"It's unanimous,  . You've got the 'itis.' Luckily, I have a cure for the 'itis.' Here's what cured. Oh, and Dr. Montgomery says you need a shower -- his words, not mine.",,,unreviewed,
Moonhunter,3,1,0,2,Caryssia Moonhunter,,,unreviewed,
Moonrage,3,1,0,2,Corithras Moonrage,,,unreviewed,
Mor'zul,3,1,0,2,Mor'zul Bloodbringer,,,unreviewed,
Mordune,3,1,0,2,Tiev Mordune,,,unreviewed,
Morndeep,3,1,1,1,Elder Morndeep,,,unreviewed,
Morphaz,3,0,0,3,Destroy Morphaz,,,unreviewed,
Moss,3,0,1,2," , I've come to find out how rampant the effects of Fel Moss are throughout Darkshore. The corruption of Teldrassil and our surrounding lands really concerns the druids of the Cenarian Circle, and all Night elves.  It is my goal to find out why this has happened and to put an end to it.",,,unreviewed,
Mot,3,1,2,0,Mot Dawnstrider,,,unreviewed,
Mukdrak,3,1,2,0,Mukdrak,,,unreviewed,
Mulfort,3,1,0,2,Commander Mulfort,,,unreviewed,
Mulgris,3,1,0,2,Mulgris Deepriver,,,unreviewed,
Mulvadania,3,1,0,2,Hierophant Theodora Mulvadania,,,unreviewed,
Mura,3,1,0,2,Mura Runetotem,,,unreviewed,
Muren,3,1,0,2,Muren Stormpike,,,unreviewed,
Murloc,3,0,0,3,Murloc Poachers,,,unreviewed,
Myranda,3,1,0,2,Myranda the Hag,,,unreviewed,
Nadyia,3,1,2,0,Nadyia Maneweaver,,,unreviewed,
Naralex,3,1,2,0,Disciple of Naralex,,,unreviewed,
Nashak,3,1,0,2,Javnir Nashak,,,unreviewed,
Nathaniel,3,1,0,2,Nathaniel Dumah,,,unreviewed,
Neeka,3,1,0,2,Neeka Bloodscar,,,unreviewed,
Nightbreeze,3,1,2,0,Lilyssia Nightbreeze,,,unreviewed,
Nightingale,3,1,0,2,Orphan Matron Nightingale,,,unreviewed,
Nipsy,3,1,0,2,Nipsy,,,unreviewed,
Nitely,3,1,0,2,Velora Nitely,,,unreviewed,
Noggenfogger,3,1,0,2,Marin Noggenfogger,,,unreviewed,
Nonetheless,3,0,0,3,"Interesting. So the chap did spend some time in Moonbrook after all. It is rather It is rather odd the letter never got delivered. Nonetheless, I shall update the registry.",,,unreviewed,
Northern,3,0,1,2,"The Northern Pylon accepts yellow, red, and green crystals.  The focus is the energy that can be created using yellow crystals as the main source of power. There are two possible effects: one that will produce damage, and one that will negate damage.   Crystal Charge requires red and yellow crystals. This will produce a large explosion, stunning your enemies.  Crystal Restore requires yellow and green crystals. This will provide you with a healing aura.",,,unreviewed,
Northshire,3,0,3,0,There is an alchemist that lives up in the hills between Northshire and Stormwind that might be of some help.  Why don't you go pay him a visit?,,,unreviewed,
Novice,3,2,0,1,Novice Elreth,,,unreviewed,
Odelic,3,1,0,2,Phin Odelic,,,unreviewed,
Ogar,3,0,2,1,Are you here to fight for us at Warsong Gulch?  Lok'tar Ogar  !,,,unreviewed,
Okay,3,0,3,0,"Hmm... you show a little promise, I'll give you that. Okay then, where were we?",,,unreviewed,
Okothos,3,1,0,2,Okothos Ironrager,,,unreviewed,
Olmin,3,1,0,2,Olmin Burningbeard,,,unreviewed,
Omosh,3,1,0,2,Orokk Omosh,,,unreviewed,
Onin,3,1,0,2,Onin MacHammar,,,unreviewed,
Orendil,3,1,0,2,Orendil Broadleaf,,,unreviewed,
Orgnil,3,1,0,2,Orgnil Soulscar,,,unreviewed,
Orhan,3,1,0,2,Rok Orhan,,,unreviewed,
Orinelle,3,1,0,2,Lieutenant Farren Orinelle,,,unreviewed,
Orm,3,1,0,2,Orm Stonehoof,,,unreviewed,
Oslight,3,1,0,2,Field Marshal Oslight,,,unreviewed,
Osworth,3,1,0,2,Milly Osworth,,,unreviewed,
Over,3,0,3,0,"Over by Crystal Lake there lives a lady named Adele Fielder.  She makes patches for the local guards with the extra leather she gets from the local skinner, Helene.  She would probably be the one to see if you're interested in learning the profession.",,,unreviewed,
Own,3,0,0,3,In Eranikus' Own Words,,,unreviewed,
Pand,3,1,2,0,Pand Stonebinder,,,unreviewed,
Part,3,0,0,3,Insect Part Analysis,,,unreviewed,
Party,3,0,1,2,All right!  Party time!,,,unreviewed,
Pathfinder,3,1,0,2,Torwa Pathfinder,,,unreviewed,
Patrick,3,1,0,2,Patrick Garrett,,,unreviewed,
Patron,3,3,0,0,Grim Patron,,,unreviewed,
Pavilion,3,0,3,0,You'll find Elder Grimtotem at the Lariss Pavilion in Feralas.,,,unreviewed,
Paws,3,0,0,3,Filthy Paws,,,unreviewed,
Perrine,3,0,0,3,The strategic documents from Executor Arren contain all the details we need to wipe the of Brill. Kill Perrine along with 3 Zealots and 3 Missionaries and report back to me.,,,unreviewed,
Peter,3,1,0,2,Peter Galen,,,unreviewed,
Pets,3,0,1,2,Pets to take care of?  Just make sure you clean up after it!  Look for Shoja'my in front of the inn.,,,unreviewed,
Pie,3,0,0,3,Goretusk Liver Pie,,,unreviewed,
Piznik,3,1,0,2,Piznik,,,unreviewed,
Place,3,0,0,3,Next door the Deathguards are holding a few captured farmers hostage. High Executor Darthalia suspected ol' time! Place this tainted keg on the rug in their room. Plagued brew for all!,,,unreviewed,
Plainswind,3,2,1,0,Innkeeper Boorand Plainswind,,,unreviewed,
Plans,3,0,1,2,<Kharan sighs.>  I suppose... I suppose you are right.  Gor'shak told me that your Warchief has big plans. Plans that may change the way the Alliance and Horde interact. What do you know about this?,,,unreviewed,
Platemail,3,0,0,3,Enchanted Thorium Platemail: Volume I,,,unreviewed,
Podrig,3,1,0,2,Deathguard Podrig,,,unreviewed,
Poobah,3,1,1,1,Princess Poobah,,,unreviewed,
Porterhouse,3,1,0,2,Officer Porterhouse,,,unreviewed,
Potions,3,0,3,0,"I don't suppose you're here to talk about my lovely Kali. Fine, then. Potions it is. Anyone ever tell ye you've got a one-track mind?",,,unreviewed,
Prestor,3,1,1,1,Lady Katrana Prestor,,,unreviewed,
Previously,3,0,0,3,"In the thick of Plaguewood lies the entrance to the dread citadel of Naxxramas. Previously, may decline and choose to return when you are revered or exalted for a discount.",,,unreviewed,
Prism'Antras,3,1,0,2,Viktori Prism'Antras,,,unreviewed,
Proudmoore,3,1,0,2,Lady Jaina Proudmoore,,,unreviewed,
Race,3,1,1,1,Race Master Kronkrider,,,unreviewed,
Ragnar,3,1,0,2,Ragnar Thunderbrew,,,unreviewed,
Ranshalla,3,1,0,2,Ranshalla,,,unreviewed,
Rather,3,0,3,0,"Do not try to force your will upon the leather. Rather, let its natural tendencies dictate what form and function it will take. This is not a battle to be won. Work with the leather, not against it.",,,unreviewed,
Rawrk,3,1,2,0,Rawrk,,,unreviewed,
Redblade,3,1,0,2,Officer Redblade,,,unreviewed,
Regthar,3,1,0,2,Regthar Deathgate,,,unreviewed,
Rejold,3,1,0,2,Rejold Barleybrew,,,unreviewed,
Rellian,3,1,0,2,Rellian Greenspyre,,,unreviewed,
Remulos,3,0,1,2,"The Shrine of Remulos is a sacred place for us in the Cenarion Circle here in Moonglade... so please conduct yourself in a manner befitting a visitor.  A visitor who doesn't want my scimitar buried in them, that is.",,,unreviewed,
Renfray,3,1,0,2,Artist Renfray,,,unreviewed,
Rennick,3,1,0,2,Mara Rennick,,,unreviewed,
Researcher,3,3,0,0,Colossus Researcher Nestor,,,unreviewed,
Rhag,3,1,0,2,Rhag Garmason,,,unreviewed,
Rhiannon,3,1,2,0,Rhiannon Davis,,,unreviewed,
Ridgewell,3,1,0,2,Count Remington Ridgewell,,,unreviewed,
Rilli,3,1,0,2,Rilli Greasygob,,,unreviewed,
Rin'ji,3,1,0,2,Rin'ji,,,unreviewed,
Ripple,3,0,0,3,Ripple Recovery,,,unreviewed,
Rituals,3,0,0,3,Rituals of Power,,,unreviewed,
Rockgar,3,1,0,2,Mountaineer Rockgar,,,unreviewed,
Rok,3,1,0,2,Rok Orhan,,,unreviewed,
Rouack,3,1,0,2,Ajeck Rouack,,,unreviewed,
Roxxik,3,1,2,0,Roxxik,,,unreviewed,
Ruga,3,1,0,2,Ruga Ragetotem,,,unreviewed,
Rugelfuss,3,1,0,2,Captain Rugelfuss,,,unreviewed,
Rumors,3,0,1,2,The fish off the coast of Teldrassil are quite large and robust.  Rumors say it is the speedy growth of our new world tree that is the cause.,,,unreviewed,
Runes,3,0,0,3,Arcane Runes,,,unreviewed,
Runethorn,3,1,0,2,Scholar Runethorn,,,unreviewed,
Rustfizzle,3,1,0,2,Gaxim Rustfizzle,,,unreviewed,
Ruzan,3,1,0,2,Ruzan,,,unreviewed,
Ryback,3,1,2,0,Stephen Ryback,,,unreviewed,
Salma,3,1,0,2,Salma Saldean,,,unreviewed,
Salmon,3,0,0,3,The Horde Needs Baked Salmon!,,,unreviewed,
Salvage,3,0,1,2,"Looking for Shenthul of the Shadowswift Brotherhood, huh?  In The Drag across from Droffers and Son Salvage look for a tunnel leading down into the Cleft of Shadow.",,,unreviewed,
Samaul,3,1,0,2,Commander Samaul,,,unreviewed,
Sapta,3,0,0,3,Fire Sapta,,,unreviewed,
Sark,3,1,2,0,Sark Ragetotem,,,unreviewed,
Save,3,0,1,2,"When I first saw the undead, I wept, for I could not imagine their horror and loneliness. The Earth Mother spoke to me then; she sang in my blood. And she told me, 'Save them.'",,,unreviewed,
Say,3,0,3,0,I could use a drink and some rest myself.  You'll find it right in the northwest corner of Razor Hill.  Say hi to Innkeeper Grosk for me.,,,unreviewed,
Schedules,3,0,0,3,Patrol Schedules,,,unreviewed,
Schneider,3,3,0,0,Rema Schneider,,,unreviewed,
Scholar,3,1,0,2,Scholar Runethorn,,,unreviewed,
Scytheclaws,3,0,0,3,Now it's time to really make those dreaded Raptors regret their blood-thirst. Just down below Mottled Scytheclaws and Mottled Razormaws. Make those rotten creatures pay by slaying 10 of each!,,,unreviewed,
Se'Jib,3,1,0,2,Se'Jib,,,unreviewed,
Second,3,0,0,3,The Second Rebellion,,,unreviewed,
Security,3,1,0,2,Security Chief Bilgewhizzle,,,unreviewed,
Seems,3,0,2,1,"Well, now that you mention it, yeah, I did see something I thought was a little strange yesterday afternoon!  I was running past some old troll ruins southeast of here; well, I wasn't really running, more like hopping... The sand's so hot!  Anyway, so I was hopping past the ruins, when I noticed a camp set up there. Seems like a funny place to set up camp, if you ask me... I would have poked around a little more but one of those crazy big vultures chased me off.",,,unreviewed,
Selgorm,3,1,0,2,Dawnwatcher Selgorm,,,unreviewed,
Serge,3,1,0,2,Serge Hinott,,,unreviewed,
Sergra,3,1,0,2,Sergra Darkthorn,,,unreviewed,
Servant,3,1,0,2,Servant of the Hand,,,unreviewed,
Served,3,0,0,3,A Meal Served Cold,,,unreviewed,
Service,3,0,0,3,"Finkle Einhorn, At Your Service!",,,unreviewed,
Sevren,3,1,0,2,Magistrate Sevren,,,unreviewed,
Shadowglen,3,0,1,2,"Ah, the beauty of Shadowglen never ceases to delight my senses!",,,unreviewed,
Shadowhoof,3,1,0,2,Storm Shadowhoof,,,unreviewed,
Shadowmore,3,1,0,2,Flint Shadowmore,,,unreviewed,
Shadowsong,3,1,0,2,Nessa Shadowsong,,,unreviewed,
Shadowspear,3,1,0,2,Kaela Shadowspear,,,unreviewed,
Shadowstrike,3,1,0,2,Balthule Shadowstrike,,,unreviewed,
Shaky,3,1,0,2,"""Shaky"" Phillipe",,,unreviewed,
Shardtooth,3,0,0,3,Ursius of the Shardtooth,,,unreviewed,
Sharing,3,0,0,3,Sharing the Land,,,unreviewed,
Sharptalon,3,0,2,1,"The mightiest of all the beasts that make up the Ashenvale Hunt, Sharptalon is let to wander freely by the self-proclaimed guardians of this land, the night elves.  Sharptalon patrols for prey to the south of here, taking delight in rending the unsuspecting and unaware traveler limb from limb.  To bring down such a beast would be the mightiest of hauls,  .  I wish you luck in the hunt for this creature!",,,unreviewed,
Shay,3,2,0,1,Shay Leafrunner,,,unreviewed,
Shhh,3,0,2,1,Shhh... do you smell something?,,,unreviewed,
Shimmering,3,0,2,1,"Hello,  !  Welcome to the races at the Shimmering Flats!",,,unreviewed,
Shindigger,3,1,0,2,Rhapsody Shindigger,,,unreviewed,
Shizzle,3,1,0,2,Shizzle,,,unreviewed,
Shoni,3,1,0,2,Shoni the Shilent,,,unreviewed,
Short,3,1,0,2,Short John Mithril,,,unreviewed,
Shreev,3,1,0,2,Shreev,,,unreviewed,
Shrine,3,0,1,2,"The Shrine of Remulos is a sacred place for us in the Cenarion Circle here in Moonglade... so please conduct yourself in a manner befitting a visitor.  A visitor who doesn't want my scimitar buried in them, that is.",,,unreviewed,
Shymm,3,1,1,1,Archmage Shymm,,,unreviewed,
Silvershine,3,1,0,2,Dirania Silvershine,,,unreviewed,
Simply,3,0,1,2,"Marvelous. Simply marvelous. You are an inspiration to us all,  .",,,unreviewed,
Sirra,3,1,0,2,Sirra Von'Indi,,,unreviewed,
Sisters,3,0,0,3,Laughing Sisters,,,unreviewed,
Smithing,3,0,0,3,The Origins of Smithing,,,unreviewed,
Smitts,3,1,0,2,Tavernkeep Smitts,,,unreviewed,
Smokey,3,1,0,2,Smokey LaRue,,,unreviewed,
Snowbane,3,1,2,0,Deze Snowbane,,,unreviewed,
Snowden,3,1,0,2,Donova Snowden,,,unreviewed,
Snurk,3,1,2,0,Snurk Bucksquick,,,unreviewed,
Song,3,0,0,3,The Only Song I Know...,,,unreviewed,
Sorisam,3,1,0,2,Evert Sorisam,,,unreviewed,
Southwind,3,0,1,2,"You're a leatherworker by trade, aren't you?  It's that faint smell of cured hides, I'd recognize it anywhere.  My father used to talk about a famous artisan who lived in Southwind Village centuries ago.  It's a shame the place is in ruins now.",,,unreviewed,
Span,3,0,1,2,"Alrighty then! So I was down at the lava pits of the Molten Span, testing out my lava suit. Everything was going great. I was even able to swim around in that stuff without suffering a single injury!  So there I am, minding my own business, doing a few backstrokes, when out of nowhere this thing swallows me up whole! Had it not been for my lava suit and built in food pellet dispenser, I would have been done for!",,,unreviewed,
Sparkmantle,3,1,2,0,Magis Sparkmantle,,,unreviewed,
Speaking,3,0,1,2,"Of course there's no danger in everything catching flames and exploding like a huge helium bomb. This baby will get you to Undercity faster and safer than any boat, and the view is truly breathtaking. Speaking of breath, smoking is not allowed while on board the zeppelin, and fire spells are banned from being cast during the trip.",,,unreviewed,
Split,3,0,1,2,Split in two to form the one. The twin blades are bound to Zul'Farrak.  Sul'thraze reborn when the twins are found.,,,unreviewed,
Sprinkle,3,1,0,2,Sprinkle,,,unreviewed,
Sprite,3,1,2,0,Sprite Jumpsprocket,,,unreviewed,
Sprouts,3,0,0,3,Timberling Sprouts,,,unreviewed,
Stalkers,3,0,0,3,Let's see how you handle this next challenge. There is a cagey breed of raptor at. Kill 10 Jungle Stalkers and I'll tip you off to the best hunting yet.,,,unreviewed,
Starbreeze,3,1,0,2,Sentinel Elissa Starbreeze,,,unreviewed,
Stardust,3,0,0,3,The Ruins of Stardust,,,unreviewed,
Stars,3,0,0,3,Look To The Stars,,,unreviewed,
Statuette,3,0,0,3,The Ancient Statuette,,,unreviewed,
Stay,3,0,1,2,Stay away from Sumi and Tumi. They are....spoken for.,,,unreviewed,
Steamboil,3,1,0,2,Tinkee Steamboil,,,unreviewed,
Steelspring,3,1,0,2,Felnok Steelspring,,,unreviewed,
Stephen,3,1,2,0,Stephen Ryback,,,unreviewed,
Sternhammer,3,1,0,2,Kelv Sternhammer,,,unreviewed,
Stick,3,0,1,2,Stick around after the firework show is over.  Find a goblet and raise it to toast your hardy friends!,,,unreviewed,
Stillwind,3,1,0,2,Kayneth Stillwind,,,unreviewed,
Stonebeard,3,2,1,0,Rotgath Stonebeard,,,unreviewed,
Stonebinder,3,1,2,0,Pand Stonebinder,,,unreviewed,
Stonebrand,3,1,2,0,Grimnur Stonebrand,,,unreviewed,
Stonebreaker,3,1,2,0,Kelstrum Stonebreaker,,,unreviewed,
Stonefist,3,1,0,2,Dashel Stonefist,,,unreviewed,
Stonefort,3,1,1,1,Elder Stonefort,,,unreviewed,
Stonegear,3,1,0,2,Pilot Stonegear,,,unreviewed,
Stoneshaper,3,1,0,2,Jaron Stoneshaper,,,unreviewed,
Stormgrip,3,1,0,2,Tenaron Stormgrip,,,unreviewed,
Stormkettle,3,1,2,0,Juli Stormkettle,,,unreviewed,
Storms,3,0,1,2,"The Waterlord Hydraxis hides off in Azshara, on an island in the Bay of Storms.  What kind of threat can the fool muster from there?",,,unreviewed,
Stoutfist,3,1,0,2,Captain Stoutfist,,,unreviewed,
Strom,3,1,0,2,Ian Strom,,,unreviewed,
Suffering,3,0,1,2,"Sul'thraze... the first time I heard the word uttered I was around your age. It meant nothing to me then, as it means nothing to you now. It was not until a warband of trolls coming from Zul'Farrak laid waste to the land that I understood... and feared.  Many will tell you that the Splitblade of Suffering does not exist. That it's a myth; a rumor started to scare children 'straight.' But believe me,  , it exists.  <Trenton loses focus as he runs his hand across the jagged scar on his face.>",,,unreviewed,
Summon,3,0,0,3,"Take this to the summoning circle in Neeru's tent,  . Summon forth a foul succubus, it, return the pendant to me so that I might deliver the news to Zankaja.",,,unreviewed,
Sunday,3,0,3,0,"We already have a winner for our contest, but Jang is willing to purchase any Tastyfish that you have fished up!There is always next Sunday for you to show your Angling skill!",,,unreviewed,
Supervisor,3,1,0,2,Supervisor Raelen,,,unreviewed,
Surena,3,0,0,3,"By retrieving my choker and besting Surena, you've proven that you're at least as capable have at your disposal. Use the magic of this choker at the summoning circle below.",,,unreviewed,
Swift,3,1,0,2,Helgrum the Swift,,,unreviewed,
Sylvius,3,1,2,0,Keryn Sylvius,,,unreviewed,
Symbol,3,0,0,3,"Take this,  . It is called the Symbol of Life. You've proven charitable and patient, and help him, then we will speak again soon. May you bask in the Light's glory.",,,unreviewed,
Tabetha,3,1,0,2,Tabetha,,,unreviewed,
Taiga,3,2,0,1,Taiga Wisemane,,,unreviewed,
Taim,3,1,2,0,Taim Ragetotem,,,unreviewed,
Talendria,3,1,0,2,Talendria,,,unreviewed,
Talin,3,1,0,2,Talin Keeneye,,,unreviewed,
Talismans,3,0,0,3,Talismans of Merit,,,unreviewed,
Talo,3,1,0,2,Talo Thornhoof,,,unreviewed,
Talonaxe,3,1,0,2,Gryphon Master Talonaxe,,,unreviewed,
Tannok,3,1,0,2,Tannok Frosthammer,,,unreviewed,
Tarrel,3,1,0,2,Tarrel Rockweaver,,,unreviewed,
Taskmaster,3,2,1,0,Taskmaster Fizzule,,,unreviewed,
Tastyfish,3,0,3,0,"We already have a winner for our contest, but Jang is willing to purchase any Tastyfish that you have fished up!There is always next Sunday for you to show your Angling skill!",,,unreviewed,
Tavernkeep,3,1,0,2,Tavernkeep Smitts,,,unreviewed,
Teg,3,1,2,0,Teg Dawnstrider,,,unreviewed,
Telf,3,1,0,2,Telf Joolam,,,unreviewed,
Temma,3,1,0,2,Temma of the Wells,,,unreviewed,
Ten,3,0,1,2,"I am Highborne,  . It has no meaning now. There was a time, though, when this world was ruled by Highborne. Ten thousand years past...",,,unreviewed,
Tenorm,3,1,0,2,Gazin Tenorm,,,unreviewed,
Terrible,3,0,1,2,"Terrible thing, what happened to them mules... Metz is gonna have my hide for this failure.",,,unreviewed,
Terrordale,3,0,1,2,"Those filthy beasts are all over the place.  If you prefer hunting outdoors, you'll find most of them around Plaguewood and Terrordale, with a good concentration of them in the Terrorweb tunnel. They are also likely to appear at almost any Scourge encampment in the Eastern Plaguelands.  If you're a hearty dungeon crawler, you'll find a good lot of them in Stratholme and a few of the necrofiend variety in Scholomance.",,,unreviewed,
Textiles,3,0,3,0,"Duncan's Textiles employs one of the finest tailors in Stormwind, Georgio Bolero. Look for the shop over in the Mage Quarter.",,,unreviewed,
Thadius,3,1,0,2,Thadius Grimshade,,,unreviewed,
Thalos,3,1,0,2,Mountaineer Thalos,,,unreviewed,
Thazz'ril,3,1,0,2,Foreman Thazz'ril,,,unreviewed,
Theldurin,3,1,0,2,Theldurin the Lost,,,unreviewed,
Them,3,0,0,3,Release Them,,,unreviewed,
Theodora,3,1,0,2,Hierophant Theodora Mulvadania,,,unreviewed,
Theridran,3,1,0,2,Theridran,,,unreviewed,
Thersa,3,1,0,2,Thersa Windsong,,,unreviewed,
They'll,3,0,2,1,"You've not had a steed until you've taken the reigns of a finely bred Barak Tor'ol mountain ram, my friend.  Please, feel free to inspect these fine companions to any adventurer.  They'll serve you well, believe me.",,,unreviewed,
They're,3,0,2,1,"They're going to show fireworks all night long.  From 6PM until dawn, the sky will blaze over Booty Bay!",,,unreviewed,
Thimblejack,3,1,0,2,Knot Thimblejack,,,unreviewed,
Thorkaf,3,1,0,2,Thorkaf Dragoneye,,,unreviewed,
Thornhoof,3,1,0,2,Talo Thornhoof,,,unreviewed,
Thorsen,3,1,0,2,Private Thorsen,,,unreviewed,
Throm'ka,3,0,2,1,Throm'ka  !  Are you ready to fight for the Horde at Warsong Gulch?,,,unreviewed,
Thunderheart,3,2,0,1,Senani Thunderheart,,,unreviewed,
Thunderstrider,3,1,0,2,Officer Thunderstrider,,,unreviewed,
Thurston,3,1,0,2,Thurston Xane,,,unreviewed,
Thus,3,0,3,0,"Meat, skin, bones... a good hunter lets nothing go to waste. Every scrap of leather can be salvaged, perhaps to reinforce an ally's armor. Thus, each of us is strong alone, but together we become invincible.",,,unreviewed,
Tiev,3,1,0,2,Tiev Mordune,,,unreviewed,
Tinkerwiz,3,1,0,2,Tinkerwiz,,,unreviewed,
Tognus,3,1,2,0,Tognus Flintfire,,,unreviewed,
Torch,3,0,0,3,The Torch of Retribution,,,unreviewed,
Torek,3,1,0,2,Torek,,,unreviewed,
Torm,3,1,0,2,Torm Ragetotem,,,unreviewed,
Tormek,3,1,0,2,Tormek Stoneriver,,,unreviewed,
Tormus,3,1,0,2,Tormus Deepforge,,,unreviewed,
Torwa,3,1,0,2,Torwa Pathfinder,,,unreviewed,
Tosselwrench,3,1,0,2,Lucien Tosselwrench,,,unreviewed,
Touch,3,0,0,3,The Touch of Zanzil,,,unreviewed,
Tran'rek,3,1,0,2,Tran'rek,,,unreviewed,
Translating,3,0,0,3,Translating the Journal,,,unreviewed,
Trixie,3,1,2,0,Trixie Quikswitch,,,unreviewed,
Troubled,3,0,0,3,Troubled Spirits of Kel'Theril,,,unreviewed,
Troyas,3,1,0,2,Troyas Moonbreeze,,,unreviewed,
Truth,3,0,0,3,Nothing But The Truth,,,unreviewed,
Tundra,3,1,0,2,Tundra MacGrann,,,unreviewed,
Turtle,3,0,0,3,Soothing Turtle Bisque,,,unreviewed,
Twocuts,3,1,0,2,Felgur Twocuts,,,unreviewed,
Twosprocket,3,1,0,2,Caz Twosprocket,,,unreviewed,
Tymor,3,1,0,2,Tymor,,,unreviewed,
Ula'elek,3,1,0,2,Ula'elek,,,unreviewed,
Umber,3,1,0,2,Umber,,,unreviewed,
Umi,3,1,0,2,Umi Rumplesnicker,,,unreviewed,
Un'Thuwa,3,1,2,0,Un'Thuwa,,,unreviewed,
Unbagwa,3,1,0,2,Witch Doctor Unbagwa,,,unreviewed,
Uther,3,0,3,0,"It is good to see others who fight the Scourge in Stratholme, for it is here they are strongest.  Greetings.  I am Aurius.  I was once a paladin of the Silver Hand, but like others whose faith wavered... I fell from grace.  The Scourge seduced me and nearly transformed me into a death knight!  Finally sensing my peril, I fled to this chapel.  It is a sacred place, where the first paladin, Uther the Lightbringer, was ordained into the order of the Silver Hand.",,,unreviewed,
Uzzek,3,1,0,2,Uzzek,,,unreviewed,
VII,3,1,0,2,Chief Engineer Hinderweir VII,,,unreviewed,
Valadar,3,1,0,2,Valadar Starsong,,,unreviewed,
Valik,3,1,0,2,Henchman Valik,,,unreviewed,
Var'jun,3,1,0,2,Var'jun,,,unreviewed,
Vark,3,1,0,2,Vark Battlescar,,,unreviewed,
Velora,3,1,0,2,Velora Nitely,,,unreviewed,
Verna,3,1,0,2,Verna Furlbrow,,,unreviewed,
Vesprystus,3,1,2,0,Vesprystus,,,unreviewed,
Vessel,3,0,0,3,Testing the Vessel,,,unreviewed,
Victory,3,0,0,3,"We're not fighting isolated battles against the Horde anymore,   lad:lass;. Victory in one front means back to me after you've served against the Horde at all of our active battlegrounds.",,,unreviewed,
Videre,3,0,1,2,"Sure thing,  . You look like you can be trusted... Trustworthy! I can spot that a mile away...  Anyway, back to what I was sayin'. Takes one Evoroot plant to make the Videre Elixir. The rest 'a the ingredients are trivial really, but the Evoroot, well, that can be a bit tricky to get.",,,unreviewed,
Viktori,3,1,0,2,Viktori Prism'Antras,,,unreviewed,
Volcanic,3,0,0,3,Volcanic Activity,,,unreviewed,
Volume,3,0,0,3,Enchanted Thorium Platemail: Volume I,,,unreviewed,
Vorrel,3,1,0,2,Vorrel Sengutz,,,unreviewed,
Vosur,3,1,2,0,Vosur Brakthel,,,unreviewed,
Vu'Shalay,3,1,0,2,Officer Vu'Shalay,,,unreviewed,
Wagner,3,1,0,2,Wagner Hammerstrike,,,unreviewed,
Wallbang,3,1,0,2,Mountaineer Wallbang,,,unreviewed,
Waterseer,3,1,0,2,Islen Waterseer,,,unreviewed,
Weakness,3,0,0,3,Hex of Weakness,,,unreviewed,
Weaver,3,0,0,3,"Darkness seems drawn inexorably to Duskwood. Master Carevin's quest is the expulsion of evil and your skills against the Nightbane Shadow Weaver worgen in Brightwood Grove--bright, hah!--and the Rotting Orchard.",,,unreviewed,
Wenikee,3,1,0,2,Wenikee Boltbucket,,,unreviewed,
Whiskey,3,1,0,2,Whiskey Slim,,,unreviewed,
Whuut,3,1,2,0,Whuut,,,unreviewed,
Wigglesworth,3,1,0,2,Harlo Wigglesworth,,,unreviewed,
Wildeyes,3,1,0,2,Gorzeeki Wildeyes,,,unreviewed,
Williden,3,1,1,1,Williden Marshal,,,unreviewed,
Willix,3,1,0,2,Willix the Importer,,,unreviewed,
Windsong,3,2,0,1,Thersa Windsong,,,unreviewed,
Windwatcher,3,1,0,2,Bath'rah the Windwatcher,,,unreviewed,
Wish,3,0,1,2,"Here at the Farstrider lodge, we prize hunting skills above all else. Wish to gain my approval? You'll have to earn it.  You look up to the challenge,  lad:lass;!",,,unreviewed,
Wolfheart,3,1,2,0,Keras Wolfheart,,,unreviewed,
Won't,3,0,2,1,Won't be long now until the Darkmoon Faire opens.  Come back later and check to see if we're done.,,,unreviewed,
Wonderform,3,1,0,2,Wonderform Operator,,,unreviewed,
Wreckage,3,0,0,3,From The Wreckage....,,,unreviewed,
Wrenix,3,1,0,2,Wrenix the Wretched,,,unreviewed,
Xane,3,1,0,2,Thurston Xane,,,unreviewed,
Xiggs,3,2,0,1,Pilot Xiggs Fuselighter,,,unreviewed,
Xizk,3,1,0,2,Xizk Goodstitch,,,unreviewed,
Year,3,0,0,3,New Year Celebrations!,,,unreviewed,
Yebb,3,1,2,0,Yebb Neblegear,,,unreviewed,
Yeh'kinya,3,1,0,2,Yeh'kinya,,,unreviewed,
Yorus,3,1,0,2,Yorus Barleybrew,,,unreviewed,
Yuka,3,1,0,2,Yuka Screwspigot,,,unreviewed,
Zalazane,3,0,1,2,Heya mon.  Go talk to mah Master Gadrin right over there.  Take care of that Zalazane crazy for him and I fix ya right up!,,,unreviewed,
Zamael,3,1,0,2,Zamael Lunthistle,,,unreviewed,
Zangen,3,1,0,2,Zangen Stonehoof,,,unreviewed,
Zankaja,3,1,0,2,Zankaja,,,unreviewed,
Zapper,3,0,0,3,Zapper Fuel,,,unreviewed,
Zardeth,3,1,0,2,Zardeth of the Black Claw,,,unreviewed,
Zarlman,3,1,0,2,Zarlman Two-Moons,,,unreviewed,
Zarrin,3,1,2,0,Zarrin,,,unreviewed,
Zaruk,3,1,0,2,Zaruk,,,unreviewed,
Zealot,3,2,0,1,Captured Scarlet Zealot,,,unreviewed,
Zor,3,1,0,2,Zor Lonetree,,,unreviewed,
Zygand,3,1,0,2,Executor Zygand,,,unreviewed,
Abandoned,2,0,0,2,Abandoned Hope,,,unreviewed,
Ablaze,2,0,0,2,Set Them Ablaze!,,,unreviewed,
Above,2,0,0,2,Above and Beyond,,,unreviewed,
Abroad,2,0,0,2,The Corruption Abroad,,,unreviewed,
Absent,2,0,0,2,The Absent Minded Prospector,,,unreviewed,
Across,2,0,0,2,Wolves Across the Border,,,unreviewed,
Action,2,0,0,2,Missing In Action,,,unreviewed,
Active,2,0,0,2,The Active Agent,,,unreviewed,
Activity,2,0,0,2,Volcanic Activity,,,unreviewed,
Additional,2,0,1,1,"We do not know.  The Dark Irons that did survive made their way into the mountain and began rebuilding their city.  From the ashes of Thaurissan then rose Blackrock Spire and the new Dark Iron nation. Additional fortifications were made within the Searing Gorge, in the area known as the Cauldron.  Stories of an ancient evil that controlled the kingdom of Dark Irons began to circulate. ",,,unreviewed,
Additionally,2,0,2,0,"Good question,  . Last I was informed; we have managed to collect $1997w copper bars out of $1998w needed. Additionally, I am told that we have $2002w iron bars out of $2003w, and $2011w out of $2012w thorium bars requested.",,,unreviewed,
Adjutant,2,1,0,1,Adjutant Tesoran,,,unreviewed,
Admiral,2,0,0,2,The Admiral's Orders,,,unreviewed,
Adventure,2,0,0,2,Linken's Adventure,,,unreviewed,
Advert,2,0,0,2,Wine Shop Advert,,,unreviewed,
Affray,2,0,0,2,The Affray,,,unreviewed,
Afrasiabi,2,1,0,1,Field Marshal Afrasiabi,,,unreviewed,
Agamand,2,0,0,2,Agamand Heirlooms,,,unreviewed,
Aggression,2,0,0,2,Thwarting Kolkar Aggression,,,unreviewed,
Aggressive,2,0,0,2,An Aggressive Defense,,,unreviewed,
Agony,2,0,0,2,Elixir of Agony,,,unreviewed,
Airport,2,0,0,2,The Flying Machine Airport,,,unreviewed,
Akiris,2,0,0,2,Akiris by the Bundle,,,unreviewed,
Aku'mai,2,0,2,0,"I once followed the ways of the Twilight's Hammer. Obsessed with reviving the Old Gods, I journeyed deep into this lair to try to draw power from the cursed beast, Aku'mai!  After witnessing the sacrifice of countless innocents, I came to my senses.  I was trapped but now I am free! But so far from my homeland of Khaz Modan!  Brave adventurer, I offer you passage to a very special land in return for slaying Aku'mai. If you wish, I can port you to the city of Darnassus.",,,unreviewed,
Alassin,2,0,2,0,"For many hundreds of years Alassin has cared for the animals that our hunters befriend.  His care of animals is highly sought for by the hunters around here.  If you seek him as well, then look for him in the Cenarion Enclave.",,,unreviewed,
Aldris,2,1,0,1,Aldris Fourclouds,,,unreviewed,
Ale,2,0,1,1,"I can't find my pet frog, Jubjub.  She loves Dark Iron Ale, it's all she ever drinks, but can be so hard to get!  Now I'm out... and Jubjub must have run away to find more!  I wish she would come back...",,,unreviewed,
Alexandra,2,2,0,0,Alexandra Bolero,,,unreviewed,
Algaz,2,0,0,2,The Algaz Gauntlet,,,unreviewed,
Aliden,2,0,0,2,Lord Aliden Perenolde,,,unreviewed,
Alive,2,0,0,2,Kaya's Alive,,,unreviewed,
Alliances,2,0,0,2,Broken Alliances,,,unreviewed,
Ally,2,0,0,2,Ally of the Tauren,,,unreviewed,
Almanacotron,2,0,2,0,My Gizmotic Almanacotron says that we should beat the goblins by twenty seconds more than we did last time!,,,unreviewed,
Alone,2,0,0,2,It's Dangerous to Go Alone,,,unreviewed,
Altered,2,0,0,2,Altered Beings,,,unreviewed,
Althalaxx,2,0,0,2,The Tower of Althalaxx,,,unreviewed,
Alther,2,0,0,2,Alther's Mill,,,unreviewed,
Always,2,0,2,0,Always double-check your measurements before you begin to cut the leather. We cannot afford to waste materials.,,,unreviewed,
Alzzin,2,0,0,2,"It became known to us in later days, as we were doing what we could she was ambushed at the Shrine of Eldretharr by Alzzin the Wildshaper and his forces.",,,unreviewed,
Amara,2,1,0,1,Moon Priestess Amara,,,unreviewed,
Ambermill,2,0,0,2,Ambermill Investigations,,,unreviewed,
Ambersky,2,1,1,0,Erelas Ambersky,,,unreviewed,
Amberstill,2,2,0,0,Rudra Amberstill,,,unreviewed,
Ambushed,2,0,0,2,Ambushed In The Forest,,,unreviewed,
Ameth'Aran,2,0,0,2,The Fall of Ameth'Aran,,,unreviewed,
Ammo,2,0,0,2,Ammo for Rumbleshot,,,unreviewed,
Anachronos,2,0,1,1,"A thousand years ago, when the War of the Shifting Sands ended, three of our kin sacrificed themselves and held the Qiraji inside these halls while Anachronos and Staghelm sealed Ahn'Qiraj shut.  Each of us vowed to look for Merithra, Arygos and Caelestrasz should the Scarab Wall ever fall.  And fall it did... and so we came.",,,unreviewed,
Ancestry,2,0,2,0,"To honor your elders is to honor your culture and your people,  .  For this, the Coins of Ancestry serve as a tangible means to recognize those who choose to follow a venerable path of respect.  During this Lunar Festival, you may have the opportunity to honor many elders.  As you do so, you will acquire the Coins of Ancestry.  Bring me these coins, and I will reward your diligence with a selection of unique items.",,,unreviewed,
Andorov,2,1,1,0,Lieutenant General Andorov,,,unreviewed,
Anetta,2,1,0,1,Priestess Anetta,,,unreviewed,
Anew,2,0,0,2,Lessons Anew,,,unreviewed,
Angelas,2,1,0,1,Angelas Moonbreeze,,,unreviewed,
Angerforge,2,0,0,2,Operation: Death to Angerforge,,,unreviewed,
Angry,2,0,0,2,The Angry Scytheclaws,,,unreviewed,
Angus,2,1,1,0,Angus Stern,,,unreviewed,
Animist,2,0,0,2,Animist's Caress,,,unreviewed,
Annals,2,0,0,2,The Annals of Darrowshire,,,unreviewed,
Annora,2,0,2,0,"You have nearly reached the pinnacle of your training. To become the greatest enchanter you can possibly be, you have one more instructor to seek out. Her name is Annora, and you may find her in Uldaman.",,,unreviewed,
Annoyances,2,0,0,2,Un-Life's Little Annoyances,,,unreviewed,
Answered,2,0,0,2,Answered Questions,,,unreviewed,
Anxiety,2,0,0,2,Separation Anxiety,,,unreviewed,
Anyway,2,0,2,0,"Well, now that you mention it, yeah, I did see something I thought was a little strange yesterday afternoon!  I was running past some old troll ruins southeast of here; well, I wasn't really running, more like hopping... The sand's so hot!  Anyway, so I was hopping past the ruins, when I noticed a camp set up there. Seems like a funny place to set up camp, if you ask me... I would have poked around a little more but one of those crazy big vultures chased me off.",,,unreviewed,
Apes,2,0,0,2,The Apes of Un'Goro,,,unreviewed,
Aquatic,2,0,0,2,Aquatic Form,,,unreviewed,
Aquementas,2,0,0,2,Aquementas,,,unreviewed,
Araj,2,0,0,2,Araj's Scarab,,,unreviewed,
Arcanery,2,0,2,0,"Ah, I believe Gimble Thistlefuzz is who ye'll be needing if yer looking to learn the Enchanter's profession.  Ye'll find Gimble in his shop, Thistlefuzz Arcanery, right by the Gryphon Master at The Great Forge.",,,unreviewed,
Arcanist,2,1,0,1,Arcanist Nozzlespring,,,unreviewed,
Aren't,2,0,2,0,"Fantastic! Aren't you the industrious one? Well, let's get started, shall we?",,,unreviewed,
Arena,2,0,0,2,Arena Master,,,unreviewed,
Arikara,2,0,0,2,Arikara,,,unreviewed,
Arise,2,0,0,2,Earthen Arise,,,unreviewed,
Arm,2,0,0,2,Blessed Arm,,,unreviewed,
Armed,2,0,0,2,Armed and Ready,,,unreviewed,
Armorsmith,2,0,0,2,The Art of the Armorsmith,,,unreviewed,
Around,2,0,0,2,What Comes Around...,,,unreviewed,
Artificials,2,0,0,2,Essential Artificials,,,unreviewed,
Ashes,2,0,0,2," , listen closely. Now that we have the brazier, and the means to light it, Hillsbrad Foothills. Go there and retrieve some Soul Ashes of the Banished from their remains.",,,unreviewed,
Ashi,2,0,0,2,Secrets of the Colossus - Ashi,,,unreviewed,
Ashore,2,0,0,2,Washed Ashore,,,unreviewed,
Asking,2,0,0,2,That's Asking A Lot,,,unreviewed,
Asoran,2,0,2,0,"Ya man, you be wantin Jandi's Arboretum.  Did I just say that?  Glok'tar I must be tired!  Follow the wooden steps behind Asoran's Market in the Valley of Wisdom up into The Drag and you'll find Jandi's there on the upper level.",,,unreviewed,
Aspects,2,0,2,0,"My question to you is this,  : Which of the Aspects created by the titans became the nefarious creature known as Deathwing?",,,unreviewed,
Assassination,2,0,1,1,"Ah, as the title states I am an assassin for the Scarlet Crusade. I spend my days exterminating high priority targets and nights at the Gadgetzan discotheque. Dancing is my true calling. Assassination just pays the bills.",,,unreviewed,
Assembly,2,0,0,2,Some Assembly Required,,,unreviewed,
Assessing,2,0,0,2,Assessing the Threat,,,unreviewed,
Assessment,2,0,0,2,Zinge's Assessment,,,unreviewed,
Astarii,2,1,0,1,Astarii Starseeker,,,unreviewed,
Athenaeum,2,0,2,0,"10,000 years of recorded knowledge tends to draw the wrong element to the Athenaeum. Books are stolen, recovered and stolen again on a daily basis.",,,unreviewed,
Atiesh,2,0,2,0,"It is said that Kel'Thuzad seeks the legendary Atiesh, greatstaff of the Guardian.  Yes, the very staff once held by Medivh.",,,unreviewed,
Attacks,2,0,0,2,Disrupt the Attacks,,,unreviewed,
Audience,2,0,0,2,An Audience with the King,,,unreviewed,
Auntie,2,1,0,1,"""Auntie"" Bernice Stonefield",,,unreviewed,
Aura,2,0,0,2,Prophetic Aura,,,unreviewed,
Avenge,2,0,0,2,Avenge My Village,,,unreviewed,
Avenging,2,0,0,2,Avenging the Fallen,,,unreviewed,
Awak,2,0,0,2,Isha Awak,,,unreviewed,
Awakened,2,0,0,2,The Sleeper Has Awakened,,,unreviewed,
Awakening,2,0,0,2,Rude Awakening,,,unreviewed,
Ayanna,2,1,0,1,Ayanna Everstride,,,unreviewed,
Azrethoc,2,0,0,2,"An oracle crystal would do nicely. They are crafted by the naga for their oracles careful and make haste. When you return, we shall see about finding this demon lord Azrethoc.",,,unreviewed,
Ba'sha,2,0,2,0,"You want the Hall of Legends. It's high above the Valley of Strength on the west side. If you're not an officer you can't get in, but you can still talk to Sergeant Ba'sha outside.",,,unreviewed,
Baby,2,0,0,2,Food for Baby,,,unreviewed,
Badges,2,0,0,2,Stromgarde Badges,,,unreviewed,
Bakkan,2,1,1,0,Hogral Bakkan,,,unreviewed,
Balnir,2,0,0,2,The Balnir Farmstead,,,unreviewed,
Banehollow,2,0,1,1,"... A message from Banehollow?  What message is that?  Does he have need of his great advisor and servant, Ulathek?  Does he require my presence?",,,unreviewed,
Banished,2,0,0,2," , listen closely. Now that we have the brazier, and the means to light it, Hillsbrad Foothills. Go there and retrieve some Soul Ashes of the Banished from their remains.",,,unreviewed,
Banners,2,0,0,2,War Banners,,,unreviewed,
Barbaric,2,0,0,2,Barbaric Battlements,,,unreviewed,
Barbecued,2,0,0,2,Barbecued Buzzard Wings,,,unreviewed,
Barrus,2,1,0,1,Barrus,,,unreviewed,
Bassbait,2,1,1,0,Riggle Bassbait,,,unreviewed,
Basted,2,0,0,2,Beer Basted Boar Ribs,,,unreviewed,
Batch,2,0,0,2,... and a Batch of Ooze,,,unreviewed,
Bathran,2,0,0,2,Bathran's Hair,,,unreviewed,
Bathrilor,2,1,0,1,Royal Factor Bathrilor,,,unreviewed,
Battleboars,2,0,0,2,The Battleboars,,,unreviewed,
Battlemaster,2,0,2,0,"It is no light endeavor upon which you embark  .  To get to Warsong Gulch you will want to speak to Aethalas, the Battlemaster of the Silverwing Sentinels.  She will guide your way.  Blessings of the Goddess be with you!",,,unreviewed,
Battlements,2,0,0,2,Barbaric Battlements,,,unreviewed,
Bauhaus,2,1,0,1,Royal Overseer Bauhaus,,,unreviewed,
Baurles,2,1,0,1,Lord Baurles K. Wishock,,,unreviewed,
Baying,2,0,0,2,A Baying of Gnolls,,,unreviewed,
Bazil,2,0,0,2,Bazil Thredd,,,unreviewed,
Beached,2,0,0,2,Beached Sea Turtle,,,unreviewed,
Bearer,2,0,0,2,The Bearer of Bad News,,,unreviewed,
Beat,2,0,0,2,Beat Bartleby,,,unreviewed,
Become,2,0,0,2,Two Halves Become One,,,unreviewed,
Becoming,2,0,0,2,Becoming a Parent,,,unreviewed,
Beer,2,0,0,2,Beer Basted Boar Ribs,,,unreviewed,
Beginning,2,0,0,2,Back to the Beginning,,,unreviewed,
Begins,2,0,0,2,The Hunt Begins,,,unreviewed,
Beings,2,0,0,2,Altered Beings,,,unreviewed,
Belia,2,1,0,1,Belia Thundergranite,,,unreviewed,
Believers,2,0,0,2,True Believers,,,unreviewed,
Bell,2,0,0,2,Bell of Dethmoora,,,unreviewed,
Belongings,2,0,0,2,Bijou's Belongings,,,unreviewed,
Below,2,0,0,2,G.L.A. Those are the 'initials' imprinted on the elemental shards. Below the initials are a rank the field of elemental sciences. He may be able to assist us in our search.,,,unreviewed,
Beram,2,1,0,1,Beram Skychaser,,,unreviewed,
Berard,2,0,0,2,According to Berard's Journal the moss from Lake Skulkers and Creepers might prove useful for as the rare hardened tumor and take them to Master Apothecary Faranell in the Undercity.,,,unreviewed,
Beren,2,0,0,2,Beren's Peril,,,unreviewed,
Beta,2,0,0,2,Covert Ops - Beta,,,unreviewed,
Bethor,2,1,0,1,Bethor Iceshard,,,unreviewed,
Betrayed,2,0,0,2,Betrayed,,,unreviewed,
Betrayers,2,0,0,2,Vanquish the Betrayers,,,unreviewed,
Betty,2,1,1,0,Betty Quin,,,unreviewed,
Bilgewhizzle,2,2,0,0,Chief Engineer Bilgewhizzle,,,unreviewed,
Billy,2,0,0,2,Back to Billy,,,unreviewed,
Bind,2,0,0,2,The Stones That Bind Us,,,unreviewed,
Bisque,2,0,0,2,Soothing Turtle Bisque,,,unreviewed,
Blackbreath,2,0,0,2,Hurley Blackbreath,,,unreviewed,
Blackhoof,2,1,0,1,Cenarion Emissary Blackhoof,,,unreviewed,
Blackmoore,2,0,0,2,Blackmoore's Legacy,,,unreviewed,
Blackstone,2,1,0,1,Tharek Blackstone,,,unreviewed,
Blackwrench,2,1,0,1,Lago Blackwrench,,,unreviewed,
Bladed,2,0,0,2,Bone-Bladed Weapons,,,unreviewed,
Bladeleafs,2,0,0,2,Elixirs for the Bladeleafs,,,unreviewed,
Blanchy,2,0,0,2,Poor Old Blanchy,,,unreviewed,
Blaze,2,0,0,2,Fiery Blaze Enchantments,,,unreviewed,
Blessing,2,0,0,2,Elune's Blessing,,,unreviewed,
Blind,2,0,0,2,Blind Cazul,,,unreviewed,
Bloodfeather,2,0,0,2,Serena Bloodfeather,,,unreviewed,
Bloodfury,2,0,0,2,Bloodfury Bloodline,,,unreviewed,
Bloodline,2,0,0,2,Bloodfury Bloodline,,,unreviewed,
Bloodmark,2,0,0,2,Hezrul Bloodmark,,,unreviewed,
Bloodrobe,2,0,0,2,Components for the Enchanted Gold Bloodrobe,,,unreviewed,
Bloody,2,0,0,2,Bloody Bone Necklaces,,,unreviewed,
Blow,2,0,0,2,A Final Blow,,,unreviewed,
Blueleaf,2,0,0,2,Blueleaf Tubers,,,unreviewed,
Blues,2,0,0,2,The Jeremiah Blues,,,unreviewed,
Blump,2,1,1,0,Gubber Blump,,,unreviewed,
Boast,2,0,0,2,A Hunter's Boast,,,unreviewed,
Bodleys,2,0,0,2,Bodleys Unfortunate Fate,,,unreviewed,
Body,2,0,0,2,Body and Heart,,,unreviewed,
Bodyguard,2,0,0,2,Bodyguard for Hire ,,,unreviewed,
Bolstering,2,0,0,2,Bolstering Our Defenses,,,unreviewed,
Books,2,0,2,0,Books have been disappearing as of late. The Lorekeeper and his assistants are in a frenzy. They suspect foul play within Eldre'Thalas.,,,unreviewed,
Borgus,2,2,0,0,Borgus Stoutarm,,,unreviewed,
Borrower,2,0,0,2,The Borrower,,,unreviewed,
Borstan,2,0,2,0,You'll want to learn from Zamja.  Head to Borstan's Firepit on the upper level of The Drag by taking the stairs on the left as you enter from the Valley of Strength.,,,unreviewed,
Boss,2,2,0,0,Gnome Pit Boss,,,unreviewed,
Bottle,2,0,0,2,Message in a Bottle,,,unreviewed,
Boucher,2,2,0,0,Keldric Boucher,,,unreviewed,
Boulderfist,2,0,0,2,"The Witherbark trolls and Boulderfist ogres of Arathi are working together to rid us from here. Slay them in droves, and only return when their camps run thick with blood.",,,unreviewed,
Boulderslide,2,0,0,2,Boulderslide Ravine,,,unreviewed,
Bound,2,0,0,2,Homeward Bound,,,unreviewed,
Boys,2,0,2,0,Boys and girls - children of all ages - the Darkmoon Faire has arrived!  Huzzah!,,,unreviewed,
Brain,2,0,0,2,Save Techbot's Brain!,,,unreviewed,
Branch,2,0,0,2,Glyphed Oaken Branch,,,unreviewed,
Brann,2,0,1,1,"Right then! So the Mistress had come back for a second go at the hives but Brann was having none of that nonsense! Before the melee began, she started talking to something or someone. Crazier still, she started chanting in a language none of us had ever heard.",,,unreviewed,
Branstock,2,1,0,1,Branstock Khalder,,,unreviewed,
Breeze,2,0,0,2,A Troubling Breeze,,,unreviewed,
Brek,2,0,2,0,The Earth Mother holds many secrets and Brek Stonehoof can help you to discover some of them.  You will find him on the lower rise at Stonehoof Geology.,,,unreviewed,
Brewspewer,2,1,0,1,Gregan Brewspewer,,,unreviewed,
Bride,2,0,0,2,Bride of the Embalmer,,,unreviewed,
Bridge,2,0,0,2,The Everstill Bridge,,,unreviewed,
Brikk,2,1,1,0,Brikk Keencraft,,,unreviewed,
Brimbuzzle,2,2,0,0,Melizza Brimbuzzle,,,unreviewed,
Brings,2,0,0,2,What Tomorrow Brings,,,unreviewed,
Broodling,2,0,0,2,Broodling Essence,,,unreviewed,
Brotherly,2,0,0,2,Brotherly Love,,,unreviewed,
Brothers,2,0,0,2,The Brassbolts Brothers,,,unreviewed,
Brown,2,1,1,0,Lee Brown,,,unreviewed,
Brownell,2,2,0,0,Andrew Brownell,,,unreviewed,
Brumeran,2,0,0,2,Brumeran of the Chillwind,,,unreviewed,
Brunt,2,1,1,0,James Van Brunt,,,unreviewed,
Brute,2,0,0,2,Gor'tesh the Brute Lord,,,unreviewed,
Bulrug,2,0,2,0,"The concern that you show for the welfare of your animal companions is commendable.  Bulrug, on the lower rise, can help you with that.  Seek him out between the bank and the inn.",,,unreviewed,
Bump,2,0,0,2,A Bump in the Road,,,unreviewed,
Bungle,2,0,0,2,Bungle in the Jungle,,,unreviewed,
Bunkers,2,0,0,2,Towers and Bunkers,,,unreviewed,
Bunthen,2,1,1,0,Bunthen Plainswind,,,unreviewed,
Burial,2,0,0,2,A Sacred Burial,,,unreviewed,
Burninate,2,1,1,0,Master Smith Burninate,,,unreviewed,
Bust,2,0,0,2,Booty Bay or Bust!,,,unreviewed,
Buzzard,2,0,0,2,Barbecued Buzzard Wings,,,unreviewed,
Cactus,2,0,0,2,Galgar's Cactus Apple Surprise,,,unreviewed,
Cages,2,0,0,2,Witherbark Cages,,,unreviewed,
Cakes,2,0,0,2,Dusky Crab Cakes,,,unreviewed,
Caledon,2,0,0,2,Surena Caledon,,,unreviewed,
Callahan,2,1,0,1,Watcher Callahan,,,unreviewed,
Callow,2,2,0,0,Genavie Callow,,,unreviewed,
Calls,2,0,0,2,Destiny Calls,,,unreviewed,
Calm,2,0,0,2,Calm Before the Storm,,,unreviewed,
Canal,2,0,2,0,"Nothing like spending a day down at Crystal Lake fishing. Arnold Leland is the man that taught me. You can usually find him out on the dock in the Canal District just fishing the day away. Oh, and don't believe any of the stories he tells you about monsters in the canals either.",,,unreviewed,
Candles,2,0,0,2,Kobold Candles,,,unreviewed,
Cannibalistic,2,0,0,2,Cannibalistic Cousins,,,unreviewed,
Cape,2,0,0,2,Cape of Eternal Justice,,,unreviewed,
Captivity,2,0,0,2,Dogran's Captivity,,,unreviewed,
Capture,2,0,0,2,Capture a Mine,,,unreviewed,
Captures,2,0,0,2,Pawn Captures Queen,,,unreviewed,
Car,2,0,0,2,Rocket Car Parts,,,unreviewed,
Card,2,0,0,2,Membership Card Renewal,,,unreviewed,
Caress,2,0,0,2,Animist's Caress,,,unreviewed,
Carnival,2,0,0,2,Carnival Boots,,,unreviewed,
Carries,2,0,0,2,What the Wind Carries,,,unreviewed,
Carrion,2,0,0,2,Carrion Grubbage,,,unreviewed,
Carry,2,0,0,2,Carry Your Weight,,,unreviewed,
Castle,2,0,0,2,Infiltrating the Castle,,,unreviewed,
Catch,2,0,0,2,Catch of the Day,,,unreviewed,
Catching,2,0,0,2,Rat Catching,,,unreviewed,
Catheral,2,0,2,0,Laurena is the High Priestess of Stormwind. You can find her in the Catheral of Light in Cathedral Square.,,,unreviewed,
Cauldrons,2,0,0,2,The Scourge Cauldrons,,,unreviewed,
Celebrating,2,0,0,2,Celebrating Good Times,,,unreviewed,
Celebrations,2,0,0,2,New Year Celebrations!,,,unreviewed,
Chamber,2,0,0,2,The Hidden Chamber,,,unreviewed,
Charge,2,0,1,1,"The Northern Pylon accepts yellow, red, and green crystals.  The focus is the energy that can be created using yellow crystals as the main source of power. There are two possible effects: one that will produce damage, and one that will negate damage.   Crystal Charge requires red and yellow crystals. This will produce a large explosion, stunning your enemies.  Crystal Restore requires yellow and green crystals. This will provide you with a healing aura.",,,unreviewed,
Chemicals,2,0,0,2,Ineptitude + Chemicals = Fun,,,unreviewed,
Chest,2,0,0,2,Imperial Plate Chest,,,unreviewed,
Chill,2,0,0,2,The Chill of Death,,,unreviewed,
Chimaeric,2,0,0,2,Chimaeric Horn,,,unreviewed,
Chimaerok,2,0,0,2,Dirge's Kickin' Chimaerok Chops,,,unreviewed,
Choice,2,0,0,2,Weapons of Choice,,,unreviewed,
Chops,2,0,0,2,Dirge's Kickin' Chimaerok Chops,,,unreviewed,
Chromatic,2,0,0,2,Chromatic Mantle of the Dawn,,,unreviewed,
Citadel,2,0,0,2,The Dread Citadel - Naxxramas,,,unreviewed,
City,2,2,0,0,Stormwind City Guard,,,unreviewed,
Civic,2,0,2,0,A fellowship of kindred spirits can be a powerful force.  Krumn will help you to achieve this.  You will find him at the Thunder Bluff Civic Information center on the lower rise next to the lifts.,,,unreviewed,
Claiming,2,0,0,2,Claiming Arathi Basin,,,unreviewed,
Claire,2,1,0,1,Claire Willower,,,unreviewed,
Clamlette,2,0,0,2,Clamlette Surprise,,,unreviewed,
Clanbringer,2,1,1,0,Urtrun Clanbringer,,,unreviewed,
Clasp,2,0,0,2,Doomrigger's Clasp,,,unreviewed,
Claws,2,0,0,2,Claws from the Deep,,,unreviewed,
Clean,2,0,0,2,Skulk Rock Clean-up,,,unreviewed,
Cleanup,2,0,0,2,Kobold Camp Cleanup,,,unreviewed,
Cleaver,2,0,0,2,Ulag the Cleaver,,,unreviewed,
Clothier,2,0,2,0,"That Jormund Stonebrow has a knack for the needle, he does.  Should you be needing some training, then you'll find him at Stonebrow's Clothier on the northern side of The Great Forge.",,,unreviewed,
Clothing,2,0,2,0,Clothing the tribe is as important a job as any other.  You should look for Tepa inside Thunder Bluff Armorers.  She has a natural way with the needle.,,,unreviewed,
Clucking,2,0,0,2,Chicken Clucking for a Mint,,,unreviewed,
Cobalt,2,0,0,2,Gordunni Cobalt,,,unreviewed,
Code,2,0,0,2,Breaking the Code,,,unreviewed,
Coldridge,2,0,0,2,Coldridge Valley Mail Delivery,,,unreviewed,
Coldtooth,2,0,0,2,Coldtooth Supplies,,,unreviewed,
Colleague,2,0,0,2,An Old Colleague,,,unreviewed,
Colonel,2,0,0,2,Colonel Kurzen,,,unreviewed,
Cometh,2,0,0,2,The Blightcaller Cometh,,,unreviewed,
Compensation,2,0,0,2,Just Compensation,,,unreviewed,
Concerns,2,0,0,2,Further Concerns,,,unreviewed,
Concerted,2,0,0,2,Concerted Efforts,,,unreviewed,
Condition,2,0,0,2,The Human Condition,,,unreviewed,
Confront,2,0,0,2,Confront Yeh'kinya,,,unreviewed,
Connor,2,1,0,1,Connor Rivers,,,unreviewed,
Conquering,2,0,0,2,Conquering Arathi Basin,,,unreviewed,
Conscript,2,0,0,2,Conscript of the Horde,,,unreviewed,
Conscription,2,0,0,2,Crossroads Conscription,,,unreviewed,
Consequence,2,0,0,2,Items of Some Consequence,,,unreviewed,
Consult,2,0,0,2,Consult Master Gadrin,,,unreviewed,
Consumed,2,0,0,2,Consumed by Hatred,,,unreviewed,
Contacts,2,0,0,2,Abyssal Contacts,,,unreviewed,
Continued,2,0,0,2,Continued Threat,,,unreviewed,
Contract,2,0,0,2,Assassin's Contract,,,unreviewed,
Conveniently,2,0,2,0,"You don't have the stomach for the gryphon ride, huh.  Well lucky for you, we have an alternative where you can keep your feet on the ground... more or less.  It's the gnomish mover of people, the Deeprun Tram.  Conveniently located in the back of the Dwarven District.",,,unreviewed,
Cook,2,2,0,0,Cook Torka,,,unreviewed,
Cookery,2,0,0,2,Krazek's Cookery,,,unreviewed,
Coolant,2,0,0,2,Coolant Heads Prevail,,,unreviewed,
Corbin,2,1,0,1,Ilsa Corbin,,,unreviewed,
Cork,2,1,1,0,Cork Gizelton,,,unreviewed,
Corpseseeker,2,1,0,1,Jubahl Corpseseeker,,,unreviewed,
Corpulent,2,0,0,2,The Corpulent One,,,unreviewed,
Corrupt,2,0,0,2,Collection of the Corrupt Water,,,unreviewed,
Corrupter,2,0,0,2,The Corrupter,,,unreviewed,
Corrupting,2,0,2,0,"These once beautiful woods suffer under a terrible curse!  Corrupting forces twist the life here into shadows of their former selves.  If you are not an agent of this corruption, then perhaps you can aid me in reclaiming Felwood!",,,unreviewed,
Costly,2,0,0,2,Costly Menace,,,unreviewed,
Counterattack,2,0,0,2,Counterattack!,,,unreviewed,
Course,2,0,2,0,"Sounds like you want to talk to Maginor Dumas! You can usually find him in the Wizard's Sanctum in the Mage Quarter. Course, you never know when or where those magi will portal off to.",,,unreviewed,
Cousins,2,0,0,2,Cannibalistic Cousins,,,unreviewed,
Coyote,2,0,0,2,Coyote Thieves,,,unreviewed,
Crab,2,0,0,2,Dusky Crab Cakes,,,unreviewed,
Crackhelm,2,1,0,1,Yori Crackhelm,,,unreviewed,
Cracking,2,0,0,2,Cracking Maury's Foot,,,unreviewed,
Cranklehop,2,1,1,0,Curgle Cranklehop,,,unreviewed,
Crates,2,0,0,2,More Resource Crates,,,unreviewed,
Creation,2,0,1,1,"In the time before time, what the usurpers would later call the First Age of Creation, my master and his siblings ruled over this world. It was they, the Old Gods, who created all.  And it was they who would ultimately be cast down by those that would call themselves Shapers.",,,unreviewed,
Crest,2,0,2,0,Did Crest send you?,,,unreviewed,
Crewman,2,2,0,0,Goblin Pit Crewman,,,unreviewed,
Crime,2,0,0,2,Crime and Punishment,,,unreviewed,
Crimson,2,0,0,2,The Crimson Courier,,,unreviewed,
Cromwell,2,2,0,0,Miner Cromwell,,,unreviewed,
Cross,2,2,0,0,Bryan Cross,,,unreviewed,
Crusader,2,2,0,0,Crusader Lord Valdelmar,,,unreviewed,
Crusaders,2,0,1,1,"He... hello,  . Sorry, I'm recovering from my wounds.  Those Scarlet Crusaders are tougher than I had given them credit for. They almost did me in.  You should be careful too. I'd hate to see them get the jump on you.",,,unreviewed,
Cry,2,0,0,2,Cry of the Thunderhawk,,,unreviewed,
Curing,2,0,0,2,Curing the Sick,,,unreviewed,
Curious,2,0,0,2,The Curious Visitor,,,unreviewed,
Cursed,2,0,0,2,The Cursed Crew,,,unreviewed,
Cutting,2,0,0,2,Cutting Teeth,,,unreviewed,
Cycle,2,0,0,2,Cycle of Rebirth,,,unreviewed,
Cyclonian,2,0,0,2,Cyclonian,,,unreviewed,
DWARVES,2,0,0,2,Wanted: DWARVES!,,,unreviewed,
Daelin,2,0,0,2,Daelin's Men,,,unreviewed,
Daffodils,2,0,0,2,Delivering Daffodils,,,unreviewed,
Dagger,2,0,0,2,Dagger of Veiled Shadows,,,unreviewed,
Daily,2,0,0,2,Daily Delivery,,,unreviewed,
Dane,2,2,0,0,Dane Lindgren,,,unreviewed,
Dangers,2,0,0,2,Dangers of the Windfury,,,unreviewed,
Dannelor,2,1,1,0,Dannelor,,,unreviewed,
Dar,2,1,0,1,Dar,,,unreviewed,
Dar'Orahil,2,0,0,2,The Completed Orb of Dar'Orahil,,,unreviewed,
Dare,2,0,2,0,I am he that watches they. I am the fist of retribution. That which does quell the recalcitrant. Dare you defy the Warchief? Dare you face my merciless judgement?,,,unreviewed,
Darkblade,2,1,0,1,Kruban Darkblade,,,unreviewed,
Darkbriar,2,0,2,0,"What, you can't port there?  Go to the Darkbriar Lodge next to the lake in the Valley of Spirits, up above and to the west of the Valley of Strength.",,,unreviewed,
Darkcloud,2,0,0,2,Kill Grundig Darkcloud,,,unreviewed,
Darkfire,2,0,2,0,"Didn't we just break free of the Burning Legion, and here you are messing with demons again?  Seek out the Darkfire Enclave in the underground cavern known as the Cleft of Shadow.  You'll find a tunnel down into it from The Drag.",,,unreviewed,
Darkreaver,2,0,0,2,The Darkreaver Menace,,,unreviewed,
Darn,2,1,0,1,Darn Talongrip,,,unreviewed,
Data,2,0,0,2,Data Rescue,,,unreviewed,
Deadly,2,0,0,2,Deadly Desert Venom,,,unreviewed,
Deadmire,2,0,0,2,Deadmire,,,unreviewed,
Dean,2,1,0,1,Colara Dean,,,unreviewed,
Deathbane,2,1,0,1,Orok Deathbane,,,unreviewed,
Deathclasp,2,0,1,1,"You're hunting Deathclasp,  ?  Color me impressed.  I lost two of my men to her this week alone.  Let's hope your luck is better than theirs.",,,unreviewed,
Deathknell,2,0,0,2,Scavenging Deathknell,,,unreviewed,
Debt,2,0,0,2,Stoley's Debt,,,unreviewed,
Deceiver,2,0,0,2,The Great Silver Deceiver,,,unreviewed,
Deciphering,2,0,0,2,Stormpike's Deciphering,,,unreviewed,
Decoy,2,0,0,2,Decoy!,,,unreviewed,
Decrepit,2,1,0,1,Daio the Decrepit,,,unreviewed,
Deepmoss,2,0,0,2,Deepmoss Spider Eggs,,,unreviewed,
Defender,2,0,2,0,"All of a sudden you're a 'Defender of the Alliance' are you?! Well, I suppose you'll be wanting to head to the Champions' Hall now. It's over in Old Town, but they won't let you in unless you're an officer, so you might just have to settle for talking to Officer Areyn outside. Move along now.",,,unreviewed,
Deliveries,2,0,0,2,Deliveries to Sven,,,unreviewed,
Demand,2,0,0,2,Supply and Demand,,,unreviewed,
Demetria,2,0,0,2,"The Scarlet Oracle, Demetria",,,unreviewed,
Denatharion,2,1,0,1,Denatharion,,,unreviewed,
Dense,2,0,0,2,More Dense Grinding Stones,,,unreviewed,
Dervish,2,0,0,2,Verog the Dervish,,,unreviewed,
Deserter,2,0,0,2,The Deserter,,,unreviewed,
Deserters,2,0,0,2,The Deserters,,,unreviewed,
Desperate,2,0,0,2,Desperate Prayer,,,unreviewed,
Destiny,2,0,0,2,Destiny Calls,,,unreviewed,
Destroy,2,0,0,2,Destroy Morphaz,,,unreviewed,
Dethmoora,2,0,0,2,Bell of Dethmoora,,,unreviewed,
Device,2,0,0,2,A Supernatural Device,,,unreviewed,
Devils,2,0,0,2,Devils in Westfall,,,unreviewed,
Devourer,2,0,0,2,Devourer of Souls,,,unreviewed,
Devout,2,1,0,1,Raleigh the Devout,,,unreviewed,
Dexter,2,1,0,1,Miles Dexter,,,unreviewed,
Dez'hepah,2,0,0,2,Khan Dez'hepah,,,unreviewed,
Dibbs,2,1,0,1,Loremaster Dibbs,,,unreviewed,
Didier,2,1,1,0,Guard Didier,,,unreviewed,
Dig,2,0,0,2,Dig Rat Stew,,,unreviewed,
Digs,2,0,0,2,Bonescythe Digs,,,unreviewed,
Dinita,2,1,0,1,Dinita Stonemantle,,,unreviewed,
Diplomat,2,0,0,2,The Missing Diplomat,,,unreviewed,
Dirk,2,2,0,0,Dirk Swindle,,,unreviewed,
Discs,2,0,0,2,The Platinum Discs,,,unreviewed,
Diseases,2,0,0,2,Forsaken Diseases,,,unreviewed,
Disgraced,2,0,0,2,The Disgraced One,,,unreviewed,
Dispatch,2,2,0,0,Dispatch Commander Ruag,,,unreviewed,
Dispelling,2,0,0,2,Dispelling Evil,,,unreviewed,
Disrupt,2,0,0,2,Disrupt the Attacks,,,unreviewed,
Disruption,2,0,0,2,The Disruption Ends,,,unreviewed,
Distiller,2,0,0,2,The Ectoplasmic Distiller,,,unreviewed,
Diversions,2,0,0,2,Scarlet Diversions,,,unreviewed,
Divine,2,0,0,2,Divine Retribution,,,unreviewed,
Diving,2,0,0,2,Pearl Diving,,,unreviewed,
Divino,2,0,0,2,Divino-matic Rod,,,unreviewed,
Doesn't,2,0,0,2,Cryptstalker Armor Doesn't Make Itself...,,,unreviewed,
Doing,2,0,2,0,"Aye, you there!  If you want to earn the respect of the dwarves of Ironforge, then you can start by donating valuable resources!  Ironforge finds itself running low on cloth piece; textiles and bandages don't grow on trees, ya know!  Rather than cash in various cloth pieces you find adventuring, donate them!  Doing so will earn you the recognition of the dwarven people of Ironforge!",,,unreviewed,
Doling,2,0,0,2,Doling Justice,,,unreviewed,
Doomed,2,0,0,2,The Doomed Fleet,,,unreviewed,
Doomrigger,2,0,0,2,Doomrigger's Clasp,,,unreviewed,
Doomsday,2,0,0,2,Doomsday Candle,,,unreviewed,
Dorion,2,1,0,1,Dorion,,,unreviewed,
Dosantos,2,1,0,1,Archmage Angela Dosantos,,,unreviewed,
Dousing,2,0,0,2,Dousing the Flames of Protection,,,unreviewed,
Dragonkin,2,0,0,2,Dragonkin Menace,,,unreviewed,
Dragons,2,0,0,2,Dragons? Impossible! Dragons? Impossible!,,,unreviewed,
Dragonscale,2,0,0,2,Dragonscale Leatherworking,,,unreviewed,
Dragonslaying,2,0,2,0,"Bah!  Mailboxes...  all I get is junk mail lately!  Increase the size of this... decrease the size of that... act now for your free Sword of Dragonslaying.  I have to change my mailbox number every other month!  Well, ye can't say I didn't warn ye.  If you're looking for the mailbox it's just outside the Stonefire Tavern.",,,unreviewed,
Drakk,2,1,1,0,Drakk Stonehand,,,unreviewed,
Dran,2,1,0,1,Dran Droffers,,,unreviewed,
Draught,2,0,0,2,Ken'zigla's Draught,,,unreviewed,
Draw,2,0,0,2,"Draw from the darkness,  . Embrace the shadows. Let Kezan's Taint supplement your dark meddling. Draw from the darkness,  . Embrace the shadows. Let Kezan's Taint supplement your dark meddling.",,,unreviewed,
Dreamcatcher,2,0,0,2,The Emerald Dreamcatcher,,,unreviewed,
Dreams,2,0,0,2,In Dreams,,,unreviewed,
Dreamseeker,2,1,1,0,Kardris Dreamseeker,,,unreviewed,
Driftwood,2,0,0,2,Driftwood,,,unreviewed,
Drinks,2,0,0,2,Smart Drinks,,,unreviewed,
Drok,2,1,0,1,Craven Drok,,,unreviewed,
Drowned,2,0,0,2,Drowned Sorrows,,,unreviewed,
Druidical,2,0,0,2," , listen closely. Now that we have the brazier, and the means to light it, some Druidical Remains from the silithid that inhabit the environs of Hive'Regal in southeastern Silithus.",,,unreviewed,
Dry,2,0,0,2,Dry Times,,,unreviewed,
Dues,2,0,0,2,Voodoo Dues,,,unreviewed,
Dughan,2,1,0,1,Marshal Dughan,,,unreviewed,
Dunemaul,2,0,0,2,The Dunemaul Compound,,,unreviewed,
During,2,0,2,0,"My captors were cruel beyond measure,  . They would alternate between Lieutenant Kirith and I, torturing one while the other watched. During a lull in the activity of an especially brutal day, Kirith told me what had happened to my men and a plan he had been formulating to free them from their masters.  They suffered a fate far worse than death, or even the pain Kirith and I  endured.",,,unreviewed,
Duskwing,2,0,0,2,"Duskwing, Oh How I Hate Thee...",,,unreviewed,
Dusky,2,0,0,2,Dusky Crab Cakes,,,unreviewed,
Eagletalon,2,2,0,0,Ruul Eagletalon,,,unreviewed,
Earnest,2,0,0,2,An Earnest Proposition,,,unreviewed,
Ears,2,0,0,2,Bloodscalp Ears,,,unreviewed,
Earthshaper,2,0,2,0,"The vessel of rebirth must be fortified with elementium. I know of only one source of the mineral: the elemental planes, at the core of our world.  There is one, an Earthshaper, who may know more than I about the acquisition of such things. You must find this Earthshaper!",,,unreviewed,
Eastvale,2,0,2,0,You want to learn to be a tailor?  Hmmm... I believe there's a tailor over in the Eastvale Logging Camp that may be able to get you started.  ,,,unreviewed,
Eater,2,0,0,2,Ferocitas the Dream Eater,,,unreviewed,
Echeyakee,2,0,0,2,Echeyakee,,,unreviewed,
Echoes,2,0,0,2,Echoes of War,,,unreviewed,
Ecology,2,0,0,2,Alien Ecology,,,unreviewed,
Ectoplasm,2,0,0,2,Hunting for Ectoplasm,,,unreviewed,
Ectoplasmic,2,0,0,2,The Ectoplasmic Distiller,,,unreviewed,
Edwin,2,0,0,2,There is but one task left for you to complete. Edwin VanCleef must be assassinated. rest once and for all. Bring me the villain's head once the deed is done.,,,unreviewed,
Eel,2,0,0,2,Craftsman's Writ - Stonescale Eel,,,unreviewed,
Effects,2,0,0,2,Velinde's Effects,,,unreviewed,
Effigy,2,0,0,2,Ghoulish Effigy,,,unreviewed,
Eighteenth,2,0,0,2,The Eighteenth Pilot,,,unreviewed,
Einris,2,1,0,1,Einris Brightspear,,,unreviewed,
Either,2,0,2,0,"Are you kidding me? You must be kidding me! Either that or you think I'm a clown here to amuse you. Is that what you think? That I'm a clown? Huh, is it! You think I'm a clown don't you!",,,unreviewed,
Eladriel,2,0,2,0,"As a culture we believe in letting nothing go to waste.  When we are forced to slay a creature we take what we can to make sure its sacrifice was not in vain.  If you wish to learn the proper way to take the skin of a slain beast, then seek out Eladriel in the Craftsmen's Terrace.",,,unreviewed,
Elaine,2,2,0,0,Elaine Carevin,,,unreviewed,
Elders,2,0,2,0,Greetings honored one.  Turak Runetotem and the other druids have been expecting you at the Hall of Elders on Elder Rise.,,,unreviewed,
Eldre'Thalas,2,0,2,0,"The Shen'dralar were Queen Azshara's most revered arcanists. It was within these very walls that the Queen's most important demands were processed - often in secret.  After the destruction of the Well and the subsequent lethargy that overcame the Highborne and lesser night elf sects, the Prince of Eldre'Thalas, Tortheldrin, began construction of the pylons that you see littering the halls of the west wing.",,,unreviewed,
Eldretharr,2,0,0,2,"It became known to us in later days, as we were doing what we could she was ambushed at the Shrine of Eldretharr by Alzzin the Wildshaper and his forces.",,,unreviewed,
Eldrin,2,1,1,0,Eldrin,,,unreviewed,
Electropellers,2,0,0,2,Electropellers,,,unreviewed,
Elf,2,0,2,0,"I'm a simple man who knows a few things about tailoring, but you need more assistance than I can provide. I have heard of a Night Elf who is quite an accomplished tailor. He resides in Stormwind, in the Magic District. ",,,unreviewed,
Elixirs,2,0,0,2,Elixirs for the Bladeleafs,,,unreviewed,
Elune'ara,2,0,2,0,"Omen sleeps in the depths of Lake Elune'ara, but may be summoned at the southeast banks near the Stormrage Barrow Dens.  There, you will find special cluster launchers...  Use your rockets in the launchers and Omen's minions will come.  Fire more rockets, nearly three dozen, or fire Elune's candles at his minions, and soon he will awaken.",,,unreviewed,
Elura,2,0,0,2,The Shade of Elura,,,unreviewed,
Elven,2,0,0,2,Elven Legends,,,unreviewed,
Elves,2,0,1,1,"Lysheana can offer you the proper documents, she resides in the Craftsmen's Terrace in northeasten Darnassus.  May your fellowship bring glory to the Night Elves!",,,unreviewed,
Embalmer,2,0,0,2,Bride of the Embalmer,,,unreviewed,
Embassy,2,0,2,0,The Horde Embassy is in the Valley of Strength on the west side.,,,unreviewed,
Emmisary,2,2,0,0,Emmisary Whitebeard,,,unreviewed,
Emperors,2,0,2,0,"With the Emperors slain, the magical protection blocking teleportation within the temple has been greatly weakened. If you desire, I am able to translocate you to the Emperors' lair.",,,unreviewed,
Emphasis,2,0,0,2,Emphasis on Sacrifice,,,unreviewed,
Empire,2,0,2,0,"The Paragons of Power are remnants from the ancient Gurubashi Empire.  We Zandalar seek them - not only are they of tremendous collectible value to us, but we believe that they also hold latent signatures of magic used by the old Empire.  You'll more than likely discover three kinds of Paragons in Zul'Gurub: coins, bijous, and primal items.  Bring them to us in the quantities that we seek, and you'll be rewarded with some of the finest items we Zandalar have ever crafted.",,,unreviewed,
Enchanting,2,0,2,0,"Enchanting has run in our family for generations. I learned at an early age, just as my son is doing now.",,,unreviewed,
Enchantments,2,0,0,2,Fiery Blaze Enchantments,,,unreviewed,
Encoded,2,0,0,2,Encoded Fragments,,,unreviewed,
Encroachment,2,0,0,2,Encroachment,,,unreviewed,
Encrusted,2,0,0,2,Encrusted Tail Fins,,,unreviewed,
Endeavors,2,0,0,2,Past Endeavors,,,unreviewed,
Endurance,2,0,0,2,Test of Endurance,,,unreviewed,
Enemies,2,0,0,2,Hidden Enemies,,,unreviewed,
Engraved,2,0,0,2,The Engraved Ring,,,unreviewed,
Enjoying,2,0,2,0,"Enjoying the festival,  ?  While the Flamekeeper tends to the fires of the present, I am more of a historian, keeping close the festivals past. I'm also, of course, documenting this year's festivities. Things are going well thus far, don't you think?  You know,  , there is power inherent in all festival fires burning throughout the holiday. We're taking care of ours, but I'm certain there are sacred flames burning deep within our enemy's cities...",,,unreviewed,
Enough,2,0,2,0,"He grows fatter and more corrupt with each passing day. Ye can smell the stink comin' off o' his body. He be dirty, an' I dun just mean he be needin' a wash.  Enough babblin' from Hulfdan. Where did ye come from and how can me help ye,  ?",,,unreviewed,
Enriched,2,0,0,2,Manna-Enriched Horse Feed,,,unreviewed,
Equation,2,0,0,2,The Elemental Equation,,,unreviewed,
Equipment,2,0,0,2,Kim'jael's 'Missing' Equipment,,,unreviewed,
Eradication,2,0,0,2,Deviate Eradication,,,unreviewed,
Eranikus,2,0,0,2,"Eranikus, Tyrant of the Dream",,,unreviewed,
Erelas,2,1,1,0,Erelas Ambersky,,,unreviewed,
Eris,2,1,1,0,Eris Havenfire,,,unreviewed,
Erma,2,0,2,0,Erma does all the caring for animals around here.  She's right outside the Lion's Pride Inn if you need to speak with her.,,,unreviewed,
Errand,2,0,0,2,Errand for Apothecary Zinge,,,unreviewed,
Escorting,2,0,0,2,Escorting Erland,,,unreviewed,
Essential,2,0,0,2,Essential Artificials,,,unreviewed,
Essentials,2,0,0,2,Klockmort's Essentials,,,unreviewed,
Establishing,2,0,0,2,Establishing New Outposts,,,unreviewed,
Ever,2,0,2,0,"Ever since the shadows claimed Duskwood I haven't been able to sleep. I am kept awake by the ghostly sounds of screaming on the breeze. It sounds almost like lambs screaming, and they won't stop.",,,unreviewed,
Evergreen,2,0,2,0,"Yes, but you'll find it more rewarding if you have skill in herbalism!  You will be required to nurture and cultivate special seeds -- not to swing an axe blindly or gesticulate wildly at passing shadows.  While the Evergreen Pouch you'll receive allows even the simplest brute to grow something, those who show some aptitude will have more bountiful results.",,,unreviewed,
Everliving,2,0,0,2,Korrak the Everliving,,,unreviewed,
Everstill,2,0,0,2,The Everstill Bridge,,,unreviewed,
Everstride,2,1,0,1,Ayanna Everstride,,,unreviewed,
Everybody,2,0,0,2,It's a Secret to Everybody,,,unreviewed,
Everyone,2,0,0,2,"You - ranked number one. Everyone else - ranked number two or lower. Oh, thank knew my life was destined for more than just being an appetizer to some ogre!",,,unreviewed,
Evils,2,0,0,2,Twisted Evils,,,unreviewed,
Exactly,2,0,0,2,"The scales are perfect,  . Exactly what I needed for this concoction. The scales are perfect,  . Exactly what I needed for this concoction.",,,unreviewed,
Excavationators,2,0,0,2,Gyrodrillmatic Excavationators,,,unreviewed,
Excelsior,2,0,0,2,Excelsior,,,unreviewed,
Exorcising,2,0,0,2,Exorcising Terrordale,,,unreviewed,
Exorcism,2,0,0,2,The Exorcism,,,unreviewed,
Exotic,2,0,0,2,Kibler's Exotic Pets,,,unreviewed,
Expedition,2,0,0,2,Expedition Salvation,,,unreviewed,
Exploding,2,0,2,0,"Oh, you're looking for Springspindle Fizzlegear then.  Why that little gnome and his gadgets...  Let me tell you, if you're going to his shop in Tinker Town, keep your hands to yourself and don't pet any of his mechanical sheep!  Exploding sheep... now why would you even make such a thing!?",,,unreviewed,
Extinguish,2,0,0,2,Extinguish the Firegut,,,unreviewed,
Extinguishing,2,0,0,2,Extinguishing the Idol,,,unreviewed,
Extreme,2,0,0,2,"Nat Pagle, Angler Extreme",,,unreviewed,
FIFTY,2,0,0,2,FIFTY! YEP!,,,unreviewed,
Factor,2,1,0,1,Royal Factor Bathrilor,,,unreviewed,
Faerie,2,0,0,2,Faerie Dragon Muisek,,,unreviewed,
Fahrad,2,1,1,0,Fahrad,,,unreviewed,
Fairbanks,2,2,0,0,High Inquisitor Fairbanks,,,unreviewed,
Faithful,2,1,0,1,Arthur the Faithful,,,unreviewed,
Falcon,2,0,0,2,Falcon's Call,,,unreviewed,
Falla,2,1,0,1,Falla Sagewind,,,unreviewed,
Fallowbrook,2,2,0,0,Heralath Fallowbrook,,,unreviewed,
Fare,2,0,0,2,The Fare of Lar'korwi,,,unreviewed,
Farewell,2,0,1,1,"You've done all that I've asked you to do,  . There's really nothing more here for you. If you are interested in continuing your career as an agent of the Thorium Brotherhood, speak with Lokhtos Darkbargainer at the Grim Guzzler in Blackrock Depths.  Farewell!",,,unreviewed,
Fargodeep,2,0,0,2,The Fargodeep Mine,,,unreviewed,
Farshot,2,1,0,1,Lanka Farshot,,,unreviewed,
Fat,2,0,0,2,Curse These Fat Fingers,,,unreviewed,
Favored,2,0,0,2,Favored of Elune?,,,unreviewed,
Fear,2,0,0,2,A Lack of Fear,,,unreviewed,
Feathers,2,0,0,2,Voodoo Feathers,,,unreviewed,
Feed,2,0,0,2,Manna-Enriched Horse Feed,,,unreviewed,
Feedback,2,0,0,2,Arcane Feedback,,,unreviewed,
Feeders,2,0,0,2,Blood Feeders,,,unreviewed,
Feet,2,0,0,2,The World At Your Feet,,,unreviewed,
Fel'Zerul,2,0,0,2,Return to Fel'Zerul,,,unreviewed,
Felbane,2,0,0,2,The Formation of Felbane,,,unreviewed,
Felbound,2,0,0,2,Felbound Ancients,,,unreviewed,
Felhound,2,0,0,2,Shard of a Felhound,,,unreviewed,
Felicia,2,2,0,0,Felicia Gump,,,unreviewed,
Felsteed,2,0,0,2,Summon Felsteed,,,unreviewed,
Felstone,2,1,0,1,Janice Felstone,,,unreviewed,
Felvine,2,0,0,2,Shards of the Felvine,,,unreviewed,
Fen,2,0,2,0,"See, the Venture Company's new shredder is better than my latest, from the interchangeable hands to the control grips! My boss has given me a pretty strict deadline, but my boys and I couldn't come up with anything.  Nothing was working, so we decided to 'borrow' one of their prototypes. I sent Wizzlecrank to the Sludge Fen to steal one, but he hasn't gotten back yet!",,,unreviewed,
Fenris,2,0,0,2,Assault on Fenris Isle,,,unreviewed,
Fenwick,2,0,0,2,Fenwick Thatros,,,unreviewed,
Ferocitas,2,0,0,2,Ferocitas the Dream Eater,,,unreviewed,
Ficklespragg,2,2,0,0,Beetix Ficklespragg,,,unreviewed,
Fight,2,0,0,2,Fight for Warsong Gulch,,,unreviewed,
Fil'naveth,2,1,1,0,Silva Fil'naveth,,,unreviewed,
Filled,2,0,0,2,A Land Filled with Hatred,,,unreviewed,
Filthy,2,0,0,2,Filthy Paws,,,unreviewed,
Fingers,2,0,0,2,Curse These Fat Fingers,,,unreviewed,
Finish,2,0,0,2,Wait for Sirra to Finish,,,unreviewed,
Fins,2,0,0,2,Encrusted Tail Fins,,,unreviewed,
Firallon,2,0,0,2,Blast the nerve of Firallon! He couldn't sail a skiff through Crystal Lake let alone to Firallon's landing spot and assassinate the Bloodsail leadership. Their fleet will sink soon after....,,,unreviewed,
Firegut,2,0,0,2,Extinguish the Firegut,,,unreviewed,
Firepit,2,0,2,0,You'll want to learn from Zamja.  Head to Borstan's Firepit on the upper level of The Drag by taking the stairs on the left as you enter from the Valley of Strength.,,,unreviewed,
Firodren,2,0,2,0,A budding herbalist are we?  Then you should visit with Firodren Mooncaller over in the Temple Gardens.  He may have some tricks of the trade to impart with you.,,,unreviewed,
Fishy,2,0,0,2,A Fishy Peril,,,unreviewed,
Fittest,2,0,2,0,I guess someone needs to bandage us warriors up after the fighting.  Seek out Arnok at the Survival of the Fittest hut next to the Spirit Lodge in the Valley of Spirits.  Look up above and to the west of the Valley of Strength for a lake.  That's where he's at.,,,unreviewed,
Fizsprocket,2,0,0,2,Supervisor Fizsprocket,,,unreviewed,
Fizzlebolt,2,1,0,1,Master Sergeant Fizzlebolt,,,unreviewed,
Flat,2,0,0,2,Salt Flat Venom,,,unreviewed,
Flathoof,2,2,0,0,Makaba Flathoof,,,unreviewed,
Flats,2,0,2,0,"Hello,  !  Welcome to the races at the Shimmering Flats!",,,unreviewed,
Flawless,2,0,0,2,The Flawless Flame,,,unreviewed,
Flesh,2,0,0,2,The Flesh Does Not Lie,,,unreviewed,
Flexing,2,0,0,2,Flexing for Nougat,,,unreviewed,
Flight,2,0,0,2,Flight to Auberdine,,,unreviewed,
Flora,2,0,0,2,Savage Flora,,,unreviewed,
Flyer,2,0,0,2,Shizzle's Flyer,,,unreviewed,
Folly,2,0,0,2,Arugal's Folly,,,unreviewed,
Forbidden,2,0,0,2,Forbidden Knowledge,,,unreviewed,
Formation,2,0,0,2,The Formation of Felbane,,,unreviewed,
Fortitude,2,0,0,2,Speaking of Fortitude,,,unreviewed,
Fortress,2,0,2,0,Your search is almost completed.  Seek your truth in the entrance room of Thrall's Fortress in the Valley of Wisdom.,,,unreviewed,
Foulweald,2,0,0,2,King of the Foulweald,,,unreviewed,
Fourclouds,2,1,0,1,Aldris Fourclouds,,,unreviewed,
Fragmented,2,0,0,2,Fragmented Magic,,,unreviewed,
Franklin,2,1,1,0,Franklin Lloyd,,,unreviewed,
Fras,2,0,0,2,The Great Fras Siabi,,,unreviewed,
Freebooters,2,0,0,2,Southsea Freebooters,,,unreviewed,
Freezing,2,0,0,2,Egg Freezing,,,unreviewed,
Frenzy,2,0,0,2,Horns of Frenzy,,,unreviewed,
Friends,2,0,0,2,A Little Help From My Friends,,,unreviewed,
Frost,2,0,0,2,Frost Shock and You,,,unreviewed,
Frosthammer,2,2,0,0,Balir Frosthammer,,,unreviewed,
Frostmane,2,0,0,2,Frostmane Hold,,,unreviewed,
Frostmaw,2,0,0,2,Frostmaw,,,unreviewed,
Fry,2,0,0,2,Other Fish to Fry,,,unreviewed,
Fullmoon,2,1,1,0,Krulmoo Fullmoon,,,unreviewed,
Fun,2,0,0,2,Ineptitude + Chemicals = Fun,,,unreviewed,
Fungal,2,0,0,2,Fungal Spores,,,unreviewed,
Fur,2,0,0,2,Bartolo's Yeti Fur Cloak,,,unreviewed,
Furen,2,1,0,1,Furen Longbeard,,,unreviewed,
Furmund,2,1,0,1,Furmund,,,unreviewed,
Fury,2,0,0,2,The Fury Runs Deep,,,unreviewed,
Fused,2,0,0,2,"A sapta is a drink created to bind our spirits to the elements. Fused with the end of the Hidden Path. Drink your sapta there, and... well, you shall see.",,,unreviewed,
Gaffer,2,0,0,2,Gaffer Jacks,,,unreviewed,
Gahz'ranka,2,0,2,0,"To catch Gahz'ranka, you'll need a special Mudskunk lure.  I make 'em myself!  But you need more than just the lure; you need some mudskunks too... you need to place them in the lure to give it a rank old smell!  When you have the mudskunks, throw the lure off Pagle's Point in Zul'Gurub... and then grab a drink and wait... but not too long, because Gahz'ranka is sure to come a'stomping!",,,unreviewed,
Gahz'ridian,2,0,0,2,Gahz'ridian,,,unreviewed,
Gahz'rilla,2,0,0,2,Gahz'rilla,,,unreviewed,
Gallon,2,0,0,2,A Gallon of Blood,,,unreviewed,
Game,2,0,0,2,Big Game Hunter,,,unreviewed,
Gammerita,2,0,0,2,"Gammerita, Mon!",,,unreviewed,
Gar'Thok,2,1,0,1,Gar'Thok,,,unreviewed,
Garment,2,0,0,2,Astral Knot Garment,,,unreviewed,
Garona,2,0,1,1,"Kildrath tends to overdramatize the situation. For example, 'Garona: A Study on Stealth and Treachery,' has been stolen over 400 times.  The mark of the Athenaeum protects the tomes, preventing any unauthorized viewings.",,,unreviewed,
Garrison,2,0,0,2,Westbrook Garrison Needs Help!,,,unreviewed,
Gather,2,0,0,2,Gather Rot Blossoms,,,unreviewed,
Gavel,2,0,0,2,Gavel of Infinite Wisdom,,,unreviewed,
Gearing,2,0,0,2,Gearing Redridge,,,unreviewed,
Gelvas,2,1,1,0,Gelvas Grimegate,,,unreviewed,
Geology,2,0,2,0,The Earth Mother holds many secrets and Brek Stonehoof can help you to discover some of them.  You will find him on the lower rise at Stonehoof Geology.,,,unreviewed,
Geolords,2,0,0,2,Twilight Geolords,,,unreviewed,
Gerard,2,1,0,1,Gerard Tiller,,,unreviewed,
Germaine,2,2,0,0,Sergeant Major Germaine,,,unreviewed,
Ghede,2,1,0,1,Ghede,,,unreviewed,
Ghoulish,2,0,0,2,Ghoulish Effigy,,,unreviewed,
Ginro,2,1,0,1,Ginro Hearthkindle,,,unreviewed,
Gizmonitor,2,0,0,2,Mage-tastic Gizmonitor,,,unreviewed,
Gizmotic,2,0,2,0,My Gizmotic Almanacotron says that we should beat the goblins by twenty seconds more than we did last time!,,,unreviewed,
Glad,2,0,1,1,"Glad you asked. Darkmoon Faire Prize Tickets are our way of letting you help with the faire, and in return you can turn in your tickets for special prizes!To get started you'll want to talk to Chronos, Kerri Hicks, Ringling and Yebb Nebblegear to see who you can best help. They always have something that needs doing to improve and expand our attractions.Then when you have enough tickets, speak with Gelvas Grimegate and he will give you a list of prizes to choose from.",,,unreviewed,
Glow,2,0,0,2,The Only Cure is More Green Glow,,,unreviewed,
Glyph,2,0,0,2,Glyph Chasing,,,unreviewed,
Glyphed,2,0,0,2,Glyphed Oaken Branch,,,unreviewed,
Gnarlpine,2,0,0,2,Gnarlpine Corruption,,,unreviewed,
Gnogaine,2,0,0,2,Gnogaine,,,unreviewed,
Gnoll,2,0,0,2,Riverpaw Gnoll Bounty,,,unreviewed,
Gnomer,2,0,0,2,Gnomer-gooooone!,,,unreviewed,
Goblins,2,0,0,2,Get the Goblins Drunk,,,unreviewed,
Godrick,2,1,0,1,Godrick Farsan,,,unreviewed,
Goes,2,0,0,2,A Little Slime Goes a Long Way,,,unreviewed,
Goggles,2,0,0,2,Scrying Goggles? No Problem!,,,unreviewed,
Goli,2,1,0,1,Goli Krumn,,,unreviewed,
Gonna,2,0,2,0,"Gonna make a guild, are ya? Good luck to ya then!Talk to Aldwin Laughlin in the Stormwind Vistor's Center. It's in the Trade District right as you come in from the Valley of Heroes.",,,unreviewed,
Gor'tesh,2,0,0,2,Gor'tesh the Brute Lord,,,unreviewed,
Gordok,2,0,0,2,The Gordok Ogre Suit,,,unreviewed,
Goretooth,2,1,1,0,Warlord Goretooth,,,unreviewed,
Goretusk,2,0,0,2,Goretusk Liver Pie,,,unreviewed,
Goulash,2,0,0,2,Redridge Goulash,,,unreviewed,
Grape,2,0,0,2,Grape Manifest,,,unreviewed,
Graverobbers,2,0,0,2,Graverobbers,,,unreviewed,
Graytongue,2,1,0,1,Seer Graytongue,,,unreviewed,
Gretta,2,1,1,0,Gretta Finespindle,,,unreviewed,
Greystone,2,1,0,1,Gregor Greystone,,,unreviewed,
Grief,2,0,0,2,Fields of Grief,,,unreviewed,
Griffith,2,2,0,0,Seoman Griffith,,,unreviewed,
Grimegate,2,1,1,0,Gelvas Grimegate,,,unreviewed,
Grimrizz,2,0,2,0,"That kind of magic is just bad news, I tell ye.  I don't know why that Grimrizz has been allowed to set up outside the Thunderbrew Distillery of all places!  You stay away from him, you here!",,,unreviewed,
Grimsford,2,1,0,1,Senior Sergeant Grimsford,,,unreviewed,
Grimson,2,1,0,1,Thorgas Grimson,,,unreviewed,
Grinding,2,0,0,2,Heavy Grinding Stone,,,unreviewed,
Grinkle,2,1,0,1,Grinkle,,,unreviewed,
Grizzled,2,0,0,2,The Grizzled Den,,,unreviewed,
Grog,2,0,0,2,Whiskey Slim's Lost Grog,,,unreviewed,
Grol'dar,2,1,1,0,Grol'dar,,,unreviewed,
Groum,2,1,1,0,Groum Stonebeard,,,unreviewed,
Grounds,2,0,0,2,Proving Grounds,,,unreviewed,
Grove,2,0,0,2,"Darkness seems drawn inexorably to Duskwood. Master Carevin's quest is the expulsion of evil and your skills against the Nightbane Shadow Weaver worgen in Brightwood Grove--bright, hah!--and the Rotting Orchard.",,,unreviewed,
Growling,2,0,0,2,Jitters' Growling Gut,,,unreviewed,
Grows,2,0,0,2,The Swarm Grows,,,unreviewed,
Grubbage,2,0,0,2,Carrion Grubbage,,,unreviewed,
Grundig,2,0,0,2,Kill Grundig Darkcloud,,,unreviewed,
Guano,2,0,0,2,"Going, Going, Guano!",,,unreviewed,
Guarding,2,0,0,2,Guarding Secrets,,,unreviewed,
Gubber,2,1,1,0,Gubber Blump,,,unreviewed,
Guest,2,0,0,2,An Unwelcome Guest,,,unreviewed,
Guile,2,0,0,2,Guile of the Raptor,,,unreviewed,
Gumdrop,2,0,0,2,Incoming Gumdrop,,,unreviewed,
Gump,2,2,0,0,Bernard Gump,,,unreviewed,
Gunther,2,2,0,0,Gunther Arcanus,,,unreviewed,
Gurda,2,2,0,0,Gurda Wildmane,,,unreviewed,
Guse,2,1,0,1,Wing Commander Guse,,,unreviewed,
Gut,2,0,0,2,Jitters' Growling Gut,,,unreviewed,
Guy,2,0,0,2,I Know A Guy...,,,unreviewed,
Gyro,2,0,0,2,Gyro... What?,,,unreviewed,
Gyrodrillmatic,2,0,0,2,Gyrodrillmatic Excavationators,,,unreviewed,
Had,2,0,2,0,"Do you expect me to cower before the mighty legion of  ?  You are nothing to me. Less than nothing. Had I desired your head, it would have been presented to me on a pike.  You have made the mistake that all mortals make.  <Lord Victor Nefarius sighs.>  Time does strange things to those that use it as a form of currency.",,,unreviewed,
Hah,2,0,1,1,"Hah!  Tirth's been looking for him for days, but he doesn't want to be found.  He's chicken!",,,unreviewed,
Hahrana,2,1,1,0,Hahrana Ironhide,,,unreviewed,
Halves,2,0,0,2,Two Halves Become One,,,unreviewed,
Hansel,2,1,1,0,Hansel Heavyhands,,,unreviewed,
Happy,2,0,2,0,Happy Hallow's End!  Do you like my mask?  Very scary!,,,unreviewed,
Harbor,2,0,2,0,"I do so enjoy sitting out here, listening to the sounds of the Great Sea.  Oh, what?  Yes, there is a ship that will take you to Menethil Harbor.  It docks here from time to time.",,,unreviewed,
Hargunth,2,1,1,0,Kelm Hargunth,,,unreviewed,
Harpies,2,0,0,2,Harpies Threaten,,,unreviewed,
Hartman,2,1,1,0,Sergeant Hartman,,,unreviewed,
Hatchlings,2,0,0,2,Plagued Hatchlings,,,unreviewed,
Hate,2,0,0,2,"Duskwing, Oh How I Hate Thee...",,,unreviewed,
Hatecrest,2,0,0,2,Against the Hatecrest,,,unreviewed,
Hats,2,0,0,2,Pirate Hats Ahoy!,,,unreviewed,
Haven't,2,0,2,0,"Lots to do! Haven't been this busy since my cousin accidentally vaporized all the cloth and leather in Gnomeregan. My, it was drafty for a while! Ah,  , those were the days....",,,unreviewed,
Having,2,0,2,0,Having a bad day? Try some cherry pie.,,,unreviewed,
Hawke,2,1,1,0,Samuel Hawke,,,unreviewed,
Haydon,2,1,0,1,Elenia Haydon,,,unreviewed,
Haze,2,0,0,2,Haze of Evil,,,unreviewed,
Headhunting,2,0,0,2,Headhunting,,,unreviewed,
Heaps,2,0,0,2,Ju-Ju Heaps,,,unreviewed,
Hear,2,0,0,2,"Will you assist me, mortal? Hear my tale. Will you assist me, mortal? Hear my tale.",,,unreviewed,
Hearthkindle,2,1,0,1,Ginro Hearthkindle,,,unreviewed,
Hearthstove,2,2,0,0,Vidra Hearthstove,,,unreviewed,
Heartswood,2,0,0,2,Heartswood,,,unreviewed,
Heed,2,0,1,1,"You can find passage to Theramore from this dock.  Heed my words, those lands are rarely safe to travel for people of the Alliance.  Watch your step and your back.",,,unreviewed,
Heeding,2,0,0,2,Heeding the Call,,,unreviewed,
Heels,2,0,0,2,Wolves at Our Heels,,,unreviewed,
Heirlooms,2,0,0,2,Agamand Heirlooms,,,unreviewed,
Heldric,2,1,0,1,Lieutenant Jocryn Heldric,,,unreviewed,
Henry,2,2,0,0,Magistrate Henry Maleb,,,unreviewed,
Herbs,2,0,2,0,Herbs... you need to speak to Jandi at her arboretum in The Drag.  There are some wooden steps behind Asoran's Market in the Valley of Wisdom.  Follow them to the upper level of The Drag and you'll find her.,,,unreviewed,
Herd,2,0,0,2,Protecting the Herd,,,unreviewed,
Hezrul,2,0,0,2,Hezrul Bloodmark,,,unreviewed,
Hicks,2,1,1,0,Kerri Hicks,,,unreviewed,
Him,2,0,0,2,They Call Him Smiling Jim,,,unreviewed,
Hints,2,0,0,2,Hints of a New Plague?,,,unreviewed,
Hire,2,0,0,2,Bodyguard for Hire ,,,unreviewed,
History,2,0,0,2,An Old History Book,,,unreviewed,
Hol'anyee,2,1,1,0,Hol'anyee Marshal,,,unreviewed,
Holistic,2,0,2,0,Nature provides all that we need.  Speak to Komin Winterhoof at Holistic Herbalism on the middle rise.,,,unreviewed,
Hollow,2,0,0,2,Night Web's Hollow,,,unreviewed,
Homeward,2,0,0,2,Homeward Bound,,,unreviewed,
Honoring,2,0,0,2,Honoring a Hero,,,unreviewed,
Hoodoo,2,0,0,2,Hoodoo Hex,,,unreviewed,
Hoof,2,0,0,2,"I sense a strange energy emanating from the Hoof... I have no doubt that we thanks,  . Now I must begin to decipher the mysteries you have brought to me.",,,unreviewed,
Hooligans,2,0,0,2,Vilebranch Hooligans,,,unreviewed,
Hooray,2,0,0,2,Ah! Longbeard sent you with a load of helmets! Hooray! Now maybe we can talk a a load of helmets! Hooray! Now maybe we can talk a pilot into driving our car...,,,unreviewed,
Hooves,2,0,0,2,Satyr Hooves,,,unreviewed,
Host,2,0,0,2,A Host of Evil,,,unreviewed,
Hostile,2,0,0,2,Hostile Takeover,,,unreviewed,
Houses,2,0,0,2,Houses of the Holy,,,unreviewed,
Hunters,2,0,1,1,Jocaste was the greatest of Hunters of her time.  These days you can find her over in the Cenarion Enclave where she teaches those who are just starting down the Hunter's path.,,,unreviewed,
Huntsman,2,2,0,0,Huntsman Markhor,,,unreviewed,
Hurley,2,0,0,2,Hurley Blackbreath,,,unreviewed,
Hypercapacitor,2,0,0,2,Hypercapacitor Gizmo,,,unreviewed,
ISN'T,2,0,2,0,"What ISN'T there to do, you mean!  Each of the innkeepers throughout the world are handing out trick-or-treat goodies, and many of the towns are decorated for the season!  Also, Sergeant Hartman in Southshore needs help against the Forsaken and their Wickerman Festival.  One more thing - I've heard that a sick little boy at the orphanage in Stormwind is looking for someone to help him gather treats for the holiday.",,,unreviewed,
Iceflow,2,0,2,0,Only a few spots to get any fishing done around here.  Paxton knows them all and probably a few he won't tell ya about.  Why don't ye go over to Iceflow Lake and see what he will tell ya.,,,unreviewed,
Ichman,2,1,0,1,Wing Commander Ichman,,,unreviewed,
Identity,2,0,0,2,The Lich's Identity,,,unreviewed,
Idol,2,0,0,2,Extinguishing the Idol,,,unreviewed,
Idols,2,0,0,2,Gathering Idols,,,unreviewed,
Idriana,2,1,0,1,Idriana,,,unreviewed,
Ignatz,2,1,0,1,"""Stinky"" Ignatz",,,unreviewed,
Ilkrud,2,0,0,2,"Ilkrud Magthrull. Yes, I have knowledge of him. He is a powerful orc warlock that and I had not dealt with him, but it seems that his time has come.",,,unreviewed,
Illiyana,2,1,1,0,Illiyana Moonblaze,,,unreviewed,
Illusions,2,0,0,2,Oculus Illusions,,,unreviewed,
Ilsa,2,1,0,1,Ilsa Corbin,,,unreviewed,
Imbue,2,0,0,2,The Art of the Imbue,,,unreviewed,
Imperative,2,0,0,2,The Sovereign Imperative,,,unreviewed,
Impressive,2,0,0,2,"Impressive,  . It would seem that you are capable enough to handle yourself. Perhaps a creatures that have moved across our borders, I suppose it's only one of many concerns.",,,unreviewed,
Improved,2,0,0,2,Improved Quality,,,unreviewed,
Improvement,2,0,0,2,Gnome Improvement,,,unreviewed,
Inc,2,0,0,2,Reagents for Reclaimers Inc.,,,unreviewed,
Incendicite,2,0,0,2,Search for Incendicite,,,unreviewed,
Incendius,2,0,0,2,Incendius!,,,unreviewed,
Incendosaurs,2,0,0,2,Incendosaurs? Whateverosaur is More Like It,,,unreviewed,
Incoming,2,0,0,2,Incoming Gumdrop,,,unreviewed,
Increase,2,0,2,0,"Bah!  Mailboxes...  all I get is junk mail lately!  Increase the size of this... decrease the size of that... act now for your free Sword of Dragonslaying.  I have to change my mailbox number every other month!  Well, ye can't say I didn't warn ye.  If you're looking for the mailbox it's just outside the Stonefire Tavern.",,,unreviewed,
Incubation,2,0,0,2,A Short Incubation,,,unreviewed,
Ineptitude,2,0,0,2,Ineptitude + Chemicals = Fun,,,unreviewed,
Inert,2,0,0,2,Inert Scourgestones,,,unreviewed,
Infected,2,0,0,2,Cleansing of the Infected,,,unreviewed,
Infestation,2,0,0,2,Zukk'ash Infestation,,,unreviewed,
Infiltrating,2,0,0,2,Infiltrating the Castle,,,unreviewed,
Infiltration,2,0,0,2,Infiltration,,,unreviewed,
Infliction,2,0,0,2,The Totem of Infliction,,,unreviewed,
Influences,2,0,0,2,Melding of Influences,,,unreviewed,
Ink,2,0,0,2,Ink Supplies,,,unreviewed,
Innocents,2,0,0,2,Blood of Innocents,,,unreviewed,
Inquire,2,0,0,2,Inquire at the Inn,,,unreviewed,
Insane,2,0,0,2,Insane Druids,,,unreviewed,
Insect,2,0,0,2,Insect Part Analysis,,,unreviewed,
Instigator,2,0,0,2,The Instigator's Enchantment,,,unreviewed,
Instructions,2,0,0,2,Further Instructions,,,unreviewed,
Intentions,2,0,0,2,Dalaran's Intentions,,,unreviewed,
Intrusion,2,0,0,2,Winterfall Intrusion,,,unreviewed,
Investigations,2,0,0,2,Ambermill Investigations,,,unreviewed,
Irondeep,2,0,0,2,Irondeep Supplies,,,unreviewed,
Ironhide,2,1,1,0,Hahrana Ironhide,,,unreviewed,
Ironhorn,2,2,0,0,Brave Ironhorn,,,unreviewed,
Iruxos,2,0,0,2,Hand of Iruxos,,,unreviewed,
Isalien,2,0,0,2,"Thank you,  , for putting Isalien's spirit to rest. Now, perhaps, she will find peace task for you, which is going to enable us to ferret out the final piece.",,,unreviewed,
Isha,2,0,0,2,Isha Awak,,,unreviewed,
Ishamuhale,2,0,0,2,Ishamuhale,,,unreviewed,
Ishnu,2,0,2,0,"Ishnu-dal-dieb,  . Have you come here in search of knowledge?",,,unreviewed,
Islander,2,0,0,2,The Islander,,,unreviewed,
It'sh,2,0,2,0,"Yesh, it'sh true, I'm blind as a bat! An' drunk as a ... err, drunk as shomething that getsh drunk.  I'll tell you what,  . It'sh the drink that keeps me shenses sharp. It'sh common knowledge that when you lose a shense, yer other shenses become more alert. My drunk shense is incredible these days.",,,unreviewed,
Itself,2,0,0,2,Cryptstalker Armor Doesn't Make Itself...,,,unreviewed,
Ivar,2,0,0,2,Ivar the Foul,,,unreviewed,
Jack,2,0,0,2,Dead-tooth Jack,,,unreviewed,
Jacks,2,0,0,2,Gaffer Jacks,,,unreviewed,
Jadefire,2,0,0,2,The Corruption of the Jadefire,,,unreviewed,
Jademoon,2,1,0,1,Cenarion Emissary Jademoon,,,unreviewed,
Jahn,2,1,0,1,"Tapoke ""Slim"" Jahn",,,unreviewed,
Jail,2,0,0,2,Jail Break!,,,unreviewed,
Jaina,2,1,0,1,Lady Jaina Proudmoore,,,unreviewed,
Jammal'an,2,0,0,2,Jammal'an the Prophet,,,unreviewed,
Janela,2,1,0,1,Janela Stouthammer,,,unreviewed,
Jang,2,1,1,0,Jang,,,unreviewed,
Jarien,2,0,0,2,"The siblings, Jarien and Sothos, decided to join the Scarlet Crusade upon the disbanding of we... meaning you, are still going to need to retrieve that piece of the amulet.",,,unreviewed,
Jarven,2,1,0,1,Jarven Thunderbrew,,,unreviewed,
Jasperlode,2,0,0,2,The Jasperlode Mine,,,unreviewed,
Jemma,2,1,1,0,Jemma Quikswitch,,,unreviewed,
Jenal,2,1,0,1,Jenal,,,unreviewed,
Jenna,2,1,1,0,Jenna Lemkenilli,,,unreviewed,
Jessica,2,2,0,0,Jessica Redpath,,,unreviewed,
Jessir,2,1,1,0,Jessir Moonbow,,,unreviewed,
Jetsteam,2,0,0,2,Stocking Jetsteam,,,unreviewed,
Jeztor,2,1,0,1,Wing Commander Jeztor,,,unreviewed,
Jhag,2,1,1,0,Jhag,,,unreviewed,
Jocryn,2,1,0,1,Lieutenant Jocryn Heldric,,,unreviewed,
Jorell,2,0,0,2,<Quae begins to go through the folder.> This IS interesting. Seems Apothecary Jorell has been working down to the farm to steal whatever research Jorell still hasn't sent to Tarren Mill.,,,unreviewed,
Jorik,2,1,0,1,Jorik Kerridan,,,unreviewed,
Joys,2,0,0,2,Joys of Omosh,,,unreviewed,
Jubahl,2,1,0,1,Jubahl Corpseseeker,,,unreviewed,
KILL,2,0,0,2,KILL ON SIGHT: Dark Iron Dwarves,,,unreviewed,
KNOW,2,0,1,1,"Let me break down a little math for you: 'goblin' plus 'engineering' equals KNOW HOW, baby.  Anyone who tells you otherwise simply doesn't know how to add.",,,unreviewed,
Kabobs,2,0,0,2,Seasoned Wolf Kabobs,,,unreviewed,
Kai'jin,2,1,0,1,Senior Sergeant Kai'jin,,,unreviewed,
Kalaran,2,1,0,1,Kalaran Windblade,,,unreviewed,
Kaldorei,2,0,0,2,Recipe of the Kaldorei,,,unreviewed,
Kar,2,1,1,0,Kar Stormsinger,,,unreviewed,
Kardris,2,1,1,0,Kardris Dreamseeker,,,unreviewed,
Kargal,2,2,0,0,Kargal Battlescar,,,unreviewed,
Kargath,2,0,2,0,"I shouldn't even be telling you this but if you can make it past all the critters and beasties in Badlands, you might be able to make it to Searing Gorge.  Yes, the Badlands. There's some type of back road the orcs paved near Kargath. Just goes to show you what kind of fools we're dealing with here! A backdoor to hell? What were they thinking?",,,unreviewed,
Karolek,2,1,1,0,Karolek,,,unreviewed,
Karus,2,1,0,1,Karus,,,unreviewed,
Kary,2,1,0,1,Kary Thunderhorn,,,unreviewed,
Kazzak,2,0,2,0,"In the age of war, Razelikh the Defiler served as the most fearsome of Lord Kazzak's lieutenants. When the Legion was defeated and Kazzak forced back into the Tainted Scar, Razelikh was tasked by his master to secure the Blasted Lands.  While the Alliance fought petty battles with the Horde over territory outside of the Blasted Lands, Razelikh was uniting the differing Shadow Council sects and the brutish Dreadmaul ogres of the land.",,,unreviewed,
Keencraft,2,1,1,0,Brikk Keencraft,,,unreviewed,
Keeping,2,0,1,1,"Da Cache of Mau'ari holds great secrets... The shards used ta make it are reflective, and you can use its shiny surface ta siphon power from other tings and den reflect it onto yourself.  Keeping da charm in your inventory lets you collect e'ko, da spiritual power from the beasts you fight. Once you find e'ko, you bring it ta Mau'ari.",,,unreviewed,
Keepsake,2,0,0,2,Soulbound Keepsake,,,unreviewed,
Keg,2,0,0,2,Chen's Empty Keg,,,unreviewed,
Kelm,2,1,1,0,Kelm Hargunth,,,unreviewed,
Kelris,2,0,0,2,"Strength has left me. Your help is needed! Long ago this site was a great temple to Aku'Mai for power. Slay Kelris and bring his head to Selgorm in Darnassus,  , please.",,,unreviewed,
Kerri,2,1,1,0,Kerri Hicks,,,unreviewed,
Kerridan,2,1,0,1,Jorik Kerridan,,,unreviewed,
Khalder,2,1,0,1,Branstock Khalder,,,unreviewed,
Khan,2,0,0,2,Khan Dez'hepah,,,unreviewed,
Khole,2,1,0,1,Khole Jinglepocket,,,unreviewed,
Kickin,2,0,0,2,Dirge's Kickin' Chimaerok Chops,,,unreviewed,
Kid,2,0,0,2,The Mithril Kid,,,unreviewed,
Kidnapped,2,0,0,2,Kidnapped Elder Torntusk!,,,unreviewed,
Kildrath,2,1,1,0,Lorekeeper Kildrath,,,unreviewed,
Kingly,2,0,0,2,Kingly Shakedown,,,unreviewed,
Kings,2,0,0,2,Three Kings of Flame,,,unreviewed,
Kinship,2,0,0,2,Warrior Kinship,,,unreviewed,
Kirtonos,2,0,0,2,Kirtonos the Herald,,,unreviewed,
Kitchen,2,0,0,2,Kitchen Assistance,,,unreviewed,
Klaven,2,0,0,2,Klaven's Tower,,,unreviewed,
Knife,2,0,0,2,The Knife Revealed,,,unreviewed,
Koalbeard,2,1,0,1,Kravel Koalbeard,,,unreviewed,
Kocktail,2,0,0,2,Rhapsody's Kalimdor Kocktail,,,unreviewed,
Komin,2,0,2,0,Nature provides all that we need.  Speak to Komin Winterhoof at Holistic Herbalism on the middle rise.,,,unreviewed,
Korfax,2,1,1,0,"Korfax, Champion of the Light",,,unreviewed,
Kormok,2,0,0,2,"Good work,  ! Kormok wasn't all that bad for an ogre, at least not while task for you, which is going to enable us to ferret out the final piece.",,,unreviewed,
Kovic,2,0,0,2,I want you to personally deliver the news of Kovic's defeat to Vizzklick in Gadgetzan. to hear that Kovic is dead that I'm certain he'll give you some grand reward.,,,unreviewed,
Krathok,2,1,1,0,Krathok Moltenfist,,,unreviewed,
Kray,2,1,1,0,Kray,,,unreviewed,
Krellian,2,0,0,2,Warlord Krellian,,,unreviewed,
Kris,2,0,0,2,Kris of Unspoken Names,,,unreviewed,
Krom'Grul,2,0,0,2,Krom'Grul,,,unreviewed,
Kruban,2,1,0,1,Kruban Darkblade,,,unreviewed,
Krulmoo,2,1,1,0,Krulmoo Fullmoon,,,unreviewed,
Krunn,2,0,2,0,"Plenty of good mining to be had in Durotar, or so I hear.  So good in fact that we have a Mining Trainer right here in Razor Hill.  You'll find Krunn next to the heated forge in the northwest corner of town.",,,unreviewed,
Krusk,2,1,0,1,Krusk,,,unreviewed,
Kurgul,2,1,0,1,Kurgul,,,unreviewed,
Lago,2,1,0,1,Lago Blackwrench,,,unreviewed,
Lair,2,0,0,2,Noxious Lair Investigation,,,unreviewed,
Lalina,2,1,1,0,Lalina Summermoon,,,unreviewed,
Lanka,2,1,0,1,Lanka Farshot,,,unreviewed,
Large,2,0,0,2,Large Rockets,,,unreviewed,
Lariia,2,1,1,0,Lariia,,,unreviewed,
Lasher,2,0,0,2,Vorsha the Lasher,,,unreviewed,
Late,2,0,0,2,Better Late Than Never,,,unreviewed,
Laughing,2,0,0,2,Laughing Sisters,,,unreviewed,
Launcher,2,0,0,2,Firework Launcher,,,unreviewed,
Lawrence,2,2,0,0,Lawrence Schneider,,,unreviewed,
Lazy,2,0,0,2,Lazy Peons,,,unreviewed,
Leafrunner,2,2,0,0,Shay Leafrunner,,,unreviewed,
Leatherworks,2,0,2,0,It is good that you wish to honor your kills by putting their bodies to use.  Find Thuwd inside the Kodohide Leatherworks in the middle of The Drag.,,,unreviewed,
Legged,2,0,0,2,Eight-Legged Menaces,,,unreviewed,
Lendry,2,1,0,1,Clerk Lendry,,,unreviewed,
Leoren,2,1,1,0,Squire Leoren Mal'derath,,,unreviewed,
Lesson,2,0,0,2,A Lesson to Learn,,,unreviewed,
Lessons,2,0,0,2,Lessons Anew,,,unreviewed,
Lethtendris,2,0,0,2,Lethtendris's Web,,,unreviewed,
Lexicon,2,0,0,2,The Twilight Lexicon,,,unreviewed,
Lexlort,2,1,0,1,Lexlort,,,unreviewed,
Lhara,2,1,1,0,Lhara,,,unreviewed,
Lie,2,0,0,2,The Flesh Does Not Lie,,,unreviewed,
Lieutenants,2,0,0,2,Harpy Lieutenants,,,unreviewed,
Lightening,2,0,0,2,Load Lightening,,,unreviewed,
Linkgrease,2,1,0,1,Vazario Linkgrease,,,unreviewed,
Liquid,2,0,0,2,Liquid Stone,,,unreviewed,
Liv,2,1,1,0,Liv Rizzlefix,,,unreviewed,
Lived,2,0,0,2,The Daughter Who Lived,,,unreviewed,
Liver,2,0,0,2,Goretusk Liver Pie,,,unreviewed,
Lizards,2,0,0,2,Enraged Thunder Lizards,,,unreviewed,
Lloyd,2,1,1,0,Franklin Lloyd,,,unreviewed,
Load,2,0,0,2,Load Lightening,,,unreviewed,
Loganaar,2,1,0,1,Loganaar,,,unreviewed,
Lolo,2,1,1,0,Lookout Captain Lolo Longstriker,,,unreviewed,
Longhorn,2,2,0,0,Cliffwatcher Longhorn,,,unreviewed,
Longrunner,2,2,0,0,Grish Longrunner,,,unreviewed,
Longstride,2,1,0,1,Merok Longstride,,,unreviewed,
Lookin,2,0,2,0,"Lookin' to take a gryphon ride, eh? Dungar keeps his birds up on the rampart in the Trade District. Just remember to hold on tight! ",,,unreviewed,
Lookout,2,1,0,1,Lookout Captain Lolo Longstriker,,,unreviewed,
Looms,2,0,0,2,A Dark Threat Looms,,,unreviewed,
Lose,2,0,0,2,Did You Lose This?,,,unreviewed,
Lot,2,0,0,2,That's Asking A Lot,,,unreviewed,
Lots,2,0,2,0,"Lots to do, lots to do! The Union's given us deadlines and they're not the sort you want to miss!",,,unreviewed,
Lovers,2,0,0,2,Young Lovers,,,unreviewed,
Lunch,2,0,0,2,A Free Lunch,,,unreviewed,
Lysheana,2,0,2,0,"Lysheana can offer you the proper documents, she resides in the Craftsmen's Terrace in northeasten Darnassus.  May your fellowship bring glory to the Night Elves!",,,unreviewed,
MORE,2,0,0,2,Wanted: MORE DWARVES!,,,unreviewed,
Mac'Nadir,2,1,0,1,Mazen Mac'Nadir,,,unreviewed,
Maelstrom,2,0,0,2,The Maelstrom's Tendril,,,unreviewed,
Magaz,2,1,1,0,Acolyte Magaz,,,unreviewed,
Mages,2,0,0,2,As Commander of The Night Watch it is my sworn duty to protect the citizens and slaying 8 Skeletal Warriors and 6 Skeletal Mages. The undead threat must be thwarted!,,,unreviewed,
Magga,2,1,0,1,Magga,,,unreviewed,
Magics,2,0,0,2,Foul Magics,,,unreviewed,
Magus,2,2,0,0,Magus Wordeen Voidglare,,,unreviewed,
Mahar,2,1,0,1,Watcher Mahar Ba,,,unreviewed,
Mai'Zoth,2,0,0,2,Mai'Zoth,,,unreviewed,
Maiden,2,0,2,0,"You look like you might be needing passage across the Great Sea. Well you have come to the right place, this here is the berth of the Maiden's Fancy, finest passenger ship to travel these waters. When she arrives, just climb aboard and the next thing you know you will find yourself basking on the sandy beaches of Stranglethorn.",,,unreviewed,
Mailboxes,2,0,2,0,"Bah!  Mailboxes...  all I get is junk mail lately!  Increase the size of this... decrease the size of that... act now for your free Sword of Dragonslaying.  I have to change my mailbox number every other month!  Well, ye can't say I didn't warn ye.  If you're looking for the mailbox it's just outside the Stonefire Tavern.",,,unreviewed,
Makaru,2,0,2,0,"Makaru can be found day and night at Red Canyon Mining in the Valley of Honor, just off the lake.",,,unreviewed,
Makes,2,0,2,0,The magi congregate in the Wizard's Sanctum in the Mage Quarter. Quite a tower they have there. Makes our barracks look like peasant hovels.,,,unreviewed,
Malcomb,2,1,1,0,Malcomb Wynn,,,unreviewed,
Malem,2,1,0,1,Dalinda Malem,,,unreviewed,
Mallory,2,1,1,0,Alchemist Mallory,,,unreviewed,
Malor,2,0,0,2,The Crystal of Zin-Malor,,,unreviewed,
Malorne,2,0,2,0,Herbalism requires a gentle touch that few such as Malorne can teach.  Seek him out east of the Inn in Dolanaar.,,,unreviewed,
Malton,2,1,0,1,Malton Droffers,,,unreviewed,
Manascrambler,2,1,0,1,Mux Manascrambler,,,unreviewed,
Manhunt,2,0,0,2,Manhunt,,,unreviewed,
Manifest,2,0,0,2,Grape Manifest,,,unreviewed,
Mankrik,2,1,1,0,Mankrik,,,unreviewed,
Manna,2,0,0,2,Manna-Enriched Horse Feed,,,unreviewed,
Mantles,2,0,0,2,Mantles of the Dawn,,,unreviewed,
Manual,2,0,0,2,Samophlange Manual,,,unreviewed,
Mar'alith,2,1,1,0,Commander Mar'alith,,,unreviewed,
Marcot,2,1,0,1,Remen Marcot,,,unreviewed,
Marjhan,2,1,1,0,Scarlet Commander Marjhan,,,unreviewed,
Market,2,0,2,0,"Ya man, you be wantin Jandi's Arboretum.  Did I just say that?  Glok'tar I must be tired!  Follow the wooden steps behind Asoran's Market in the Valley of Wisdom up into The Drag and you'll find Jandi's there on the upper level.",,,unreviewed,
Marksen,2,1,0,1,Infiltrator Marksen,,,unreviewed,
Marla,2,0,0,2,Marla's Last Wish,,,unreviewed,
Marlene,2,1,0,1,Marlene Redpath,,,unreviewed,
Marleth,2,1,0,1,Marleth Barleybrew,,,unreviewed,
Martha,2,1,0,1,Martha Strain,,,unreviewed,
Marzipan,2,0,0,2,Dancing for Marzipan,,,unreviewed,
Masquerade,2,0,0,2,The Great Masquerade,,,unreviewed,
Mastering,2,0,0,2,Mastering the Elements,,,unreviewed,
Masters,2,0,0,2,The True Masters,,,unreviewed,
Material,2,0,0,2,Material Assistance,,,unreviewed,
Matic,2,0,2,0,"Hi there! I have a proposition for an adventure-seeker such as you, if you are up to the challenge!  Along with my invention, the Super Egg-O-Matic, I am hard at work aiding the druids with their campaign to save the hippogryphs. The birds are being affected by the evil effects of the Gordunni ogres inhabiting the ruins of Feralas, and their numbers are dwindling.  I collect many different types of eggs.  Will you help and find some for me?",,,unreviewed,
Mattingly,2,1,0,1,Major Mattingly,,,unreviewed,
Mauler,2,0,0,2,Ursal the Mauler,,,unreviewed,
Maur,2,2,0,0,Maur Raincaller,,,unreviewed,
Mauradon,2,0,2,0,I think Elder Splitrock has traveled to Mauradon in the Desolace.,,,unreviewed,
Maury,2,0,0,2,Cracking Maury's Foot,,,unreviewed,
Maw,2,0,0,2,Into The Maw of Madness,,,unreviewed,
Maxima,2,1,1,0,Maxima Blastenheimer,,,unreviewed,
Maximillian,2,1,1,0,Maximillian Crowe,,,unreviewed,
Maybell,2,1,0,1,Maybell Maclure,,,unreviewed,
Mayor,2,0,0,2,Note to the Mayor,,,unreviewed,
Mazzranache,2,0,0,2,Mazzranache,,,unreviewed,
Me'Lynn,2,0,2,0,"With the garments that Me'Lynn tailors, one might think that her needle was blessed by Elune herself.  Unless your needle is so blessed, you best pay her a visit and listen to her teachings.  You can find her in The Craftsmen's Terrace in northeastern Darnassus.",,,unreviewed,
Meal,2,0,0,2,A Meal Served Cold,,,unreviewed,
Meats,2,0,0,2,Meats to Orgrimmar,,,unreviewed,
Medicine,2,0,0,2,Bad Medicine,,,unreviewed,
Medivh,2,0,2,0,"It is said that Kel'Thuzad seeks the legendary Atiesh, greatstaff of the Guardian.  Yes, the very staff once held by Medivh.",,,unreviewed,
Melding,2,0,0,2,Melding of Influences,,,unreviewed,
Melnan,2,1,0,1,Melnan Darkstone,,,unreviewed,
Member,2,0,0,2,The Newest Member of the Family,,,unreviewed,
Membership,2,0,0,2,Membership Card Renewal,,,unreviewed,
Memory,2,0,0,2,Linken's Memory,,,unreviewed,
Mercenaries,2,0,0,2,Mercenaries,,,unreviewed,
Merchant,2,0,0,2,A Shifty Merchant,,,unreviewed,
Mercy,2,0,0,2,The Archbishop's Mercy,,,unreviewed,
Merissa,2,1,0,1,Merissa Stilwell,,,unreviewed,
Merok,2,1,0,1,Merok Longstride,,,unreviewed,
Mess,2,0,0,2,A Fine Mess,,,unreviewed,
Metz,2,1,1,0,Dispatch Commander Metz,,,unreviewed,
Metzen,2,0,0,2,Metzen the Reindeer,,,unreviewed,
Mightstone,2,0,0,2,Forging the Mightstone,,,unreviewed,
Milk,2,0,0,2,Mother's Milk,,,unreviewed,
Mind,2,0,0,2,The Mind's Eye,,,unreviewed,
Minded,2,0,0,2,The Absent Minded Prospector,,,unreviewed,
Mindless,2,0,0,2,The Mindless Ones,,,unreviewed,
Minshina,2,0,0,2,Minshina's Skull,,,unreviewed,
Mint,2,0,0,2,Chicken Clucking for a Mint,,,unreviewed,
Mirages,2,0,0,2,Mirages,,,unreviewed,
Mirror,2,0,0,2,Mirror Lake,,,unreviewed,
Mishiki,2,0,2,0,Flowers?  In this wasteland?  If anyone can teach you how to find them it will be Mishiki down in Sen'jin Village to the south.,,,unreviewed,
Mist,2,0,1,1,"In the northern part of Darkshore runs the Cliffspring River, flowing down from the lands now known as Felwood.  As the river flows out and empties out into the Mist's Edge, travel north to where the deepest parts of the ocean begin.  A stone formation that some call the Stone Claw due to its shape is where you may find what you seek.  Be warned - threshers gather by the Stone Claw, and will attack those who trespass on their territory.",,,unreviewed,
Mixture,2,0,0,2,Zanzil's Mixture and a Fool's Stout,,,unreviewed,
Mizzyrix,2,1,0,1,Mebok Mizzyrix,,,unreviewed,
Moira,2,1,1,0,Princess Moira Bronzebeard,,,unreviewed,
Mojo,2,0,0,2,Staghelm's Mojo Jamboree,,,unreviewed,
Mold,2,0,0,2,Mold Rhymes With...,,,unreviewed,
Molten,2,0,2,0,"Alrighty then! So I was down at the lava pits of the Molten Span, testing out my lava suit. Everything was going great. I was even able to swim around in that stuff without suffering a single injury!  So there I am, minding my own business, doing a few backstrokes, when out of nowhere this thing swallows me up whole! Had it not been for my lava suit and built in food pellet dispenser, I would have been done for!",,,unreviewed,
Molthor,2,1,1,0,Molthor,,,unreviewed,
Monty,2,1,1,0,Monty,,,unreviewed,
Moonblaze,2,1,1,0,Illiyana Moonblaze,,,unreviewed,
Moonbow,2,1,1,0,Jessir Moonbow,,,unreviewed,
Mooncaller,2,0,2,0,A budding herbalist are we?  Then you should visit with Firodren Mooncaller over in the Temple Gardens.  He may have some tricks of the trade to impart with you.,,,unreviewed,
Moonfeather,2,2,0,0,Caylais Moonfeather,,,unreviewed,
Moonglow,2,0,0,2,Moonglow Vest,,,unreviewed,
Moonshade,2,2,0,0,Barithras Moonshade,,,unreviewed,
Moonshadow,2,1,0,1,Master Sergeant Moonshadow,,,unreviewed,
Moonshine,2,0,0,2,MacKreel's Moonshine,,,unreviewed,
Moontouched,2,0,0,2,Moontouched Wildkin,,,unreviewed,
Mooranta,2,0,2,0,Every scrap used makes us less wasteful and brings us closer to the Earth Mother.  Mooranta can show you the way.  Seek her just outside the Thunder Bluff Armorers on the middle rise.,,,unreviewed,
Mor'Ladim,2,0,0,2,Mor'Ladim,,,unreviewed,
Morbent,2,0,0,2,Morbent Fel,,,unreviewed,
Mornbrew,2,0,0,2,Scalding Mornbrew Delivery,,,unreviewed,
Mortality,2,0,0,2,Mortality Wanes,,,unreviewed,
Mottled,2,0,0,2,Now it's time to really make those dreaded Raptors regret their blood-thirst. Just down below Mottled Scytheclaws and Mottled Razormaws. Make those rotten creatures pay by slaying 10 of each!,,,unreviewed,
Moulaine,2,2,0,0,Agustus Moulaine,,,unreviewed,
Mount,2,0,0,2,"After the Battle of Mount Hyjal, we were without direction. Nordrassil smoked from the fire Betrayer was freed from his prison, and Shan'do Stormrage disappeared. A dark time for all.",,,unreviewed,
Mountaintop,2,0,2,0,Kah Mistrunner at Mountaintop Bait & Tackle on the high rise will show you the way to find inner peace and serenity while fishing for your next meal.,,,unreviewed,
Mudrock,2,0,0,2,Mudrock Soup and Bugs,,,unreviewed,
Mullby,2,2,0,0,Thurman Mullby,,,unreviewed,
Mulverick,2,1,0,1,Wing Commander Mulverick,,,unreviewed,
Murlocs,2,0,0,2,Bounty on Murlocs,,,unreviewed,
Mushrooms,2,0,0,2,Cave Mushrooms,,,unreviewed,
Mutton,2,0,0,2,10 Tickets - Last Month's Mutton,,,unreviewed,
Myolor,2,1,1,0,Myolor Sunderfury,,,unreviewed,
Mystral,2,0,1,1,"This bear wanders a path close to where the Talondeep Path lies, due west of Mystral Lake and the Alliance outpost of Silverwind Refuge.  While he is the easiest of the three creatures you will face on the Ashenvale Hunt, he should not be trifled with.  His presence is a constant threat to travelers who sojourn between Ashenvale and the Stonetalon Mountains.",,,unreviewed,
Mythology,2,0,0,2,Mythology of the Titans,,,unreviewed,
Naga,2,0,0,2,Naga at the Zoram Strand,,,unreviewed,
Nardstrum,2,1,0,1,Nardstrum Copperpinch,,,unreviewed,
Natalia,2,0,0,2,Dearest Natalia,,,unreviewed,
Natural,2,0,0,2,Natural Materials,,,unreviewed,
Natured,2,0,0,2,Good Natured Emma,,,unreviewed,
Nazgrel,2,1,0,1,Nazgrel,,,unreviewed,
Nearly,2,0,2,0,"The Cult of the Damned has grown large in scope. Nearly every city, from the capitals to the small hamlets and hovels of both the Horde and Alliance, have Cult members hidden amongst their citizenry.  Do not look so surprised. The Cult only wears a uniform for ritual and ceremony. It is quite possible that you have interacted with one during your adventures and not even known.",,,unreviewed,
Neblegear,2,1,1,0,Yebb Neblegear,,,unreviewed,
Necklaces,2,0,0,2,Bloody Bone Necklaces,,,unreviewed,
Necrotic,2,0,0,2,Cracked Necrotic Crystal,,,unreviewed,
Nefarian,2,0,2,0,"Perhaps I should tell you why I am here.  Do you know of the Aspect, Deathwing? Or of his progeny, Nefarian and Onyxia?",,,unreviewed,
Nefarius,2,1,1,0,Lord Victor Nefarius,,,unreviewed,
Nek'rosh,2,0,0,2,Nek'rosh's Gambit,,,unreviewed,
Nekrum,2,0,0,2,Nekrum's Medallion,,,unreviewed,
Nethergarde,2,0,0,2,Supplies for Nethergarde,,,unreviewed,
Nevermind,2,0,2,0,Why would you want to talk to Kaplak?  Nevermind.  Look for him on top of the burrow in the southwest corner of Razor Hill.  Just make sure that you keep your hands in your own pockets!,,,unreviewed,
Newest,2,0,0,2,The Newest Member of the Family,,,unreviewed,
Nez'ra,2,0,0,2,Horns of Nez'ra,,,unreviewed,
Nightmares,2,0,0,2,In Nightmares,,,unreviewed,
Nightwhisper,2,2,0,0,Gershala Nightwhisper,,,unreviewed,
Noarm,2,0,0,2,"Give me a moment to confer with my colleagues,  . Dr. Montgomery, Mr. Noarm, let a moment to confer with my colleagues,  . Dr. Montgomery, Mr. Noarm, let us conference!",,,unreviewed,
Nobility,2,0,0,2,The Tome of Nobility,,,unreviewed,
Noh'Orahil,2,0,0,2,The Completed Orb of Noh'Orahil,,,unreviewed,
None,2,0,2,0,None are as skilled in the use of weapons as Ansekhwa.  It is said that he is guided by the spirits of the finest warriors of our honored ancestors.  Seek him out on the lower rise and he will teach you what you want to know.,,,unreviewed,
North,2,0,2,0,"Heh, heh... Quite the inquisitive one, aren't ya,  ? Well, here's what you need to do.  North of here, in the old ruins, lives a very disagreeable gnoll by the name of Miblon Snarltooth. He guards the only Evoroot I know of, but he watches it night and day! Seems like he never even sleeps!  What you can do, is bribe him. I can sell you some bait that he'll find tasty -- just put it down near him and that will distract him long enough for you to grab the Evoroot. Good luck!",,,unreviewed,
Northfold,2,0,0,2,Northfold Manor,,,unreviewed,
Northspring,2,0,0,2,Vengeance on the Northspring,,,unreviewed,
Nothin,2,0,0,2,I Got Nothin' Left!,,,unreviewed,
Nougat,2,0,0,2,Flexing for Nougat,,,unreviewed,
Noxious,2,0,0,2,Noxious Lair Investigation,,,unreviewed,
Nugget,2,0,0,2,Nugget Slugs,,,unreviewed,
Nyrill,2,1,1,0,Nyrill,,,unreviewed,
O'Breen,2,0,0,2,"Let's not leave Captain O'Breen waiting. He'll want to see these gems first hand. After health is to be caught hanging on to their treasure. Here,  , take these to O'Breen.",,,unreviewed,
ORCS,2,0,0,2,Wanted: ORCS!,,,unreviewed,
Oaken,2,0,0,2,Glyphed Oaken Branch,,,unreviewed,
Oakenscowl,2,0,0,2,Oakenscowl,,,unreviewed,
Oases,2,0,0,2,The Barrens Oases,,,unreviewed,
Observations,2,0,0,2,Senir's Observations,,,unreviewed,
Obsidion,2,0,0,2,"Rise, Obsidion!",,,unreviewed,
Ocean,2,0,0,2,"Deep Ocean, Vast Sea",,,unreviewed,
Oculus,2,0,0,2,Oculus Illusions,,,unreviewed,
Offering,2,0,0,2,A Humble Offering,,,unreviewed,
Ogres,2,0,0,2,The Ogres of Feralas,,,unreviewed,
Ogron,2,0,2,0,"If Reethe is somehow involved with the burning of the Shady Rest Inn, you'll have to find him and get some answers out of him.  I sent Ogron to track him down. He was headed off to the southeast. Meet up with Ogron and then go find Reethe.",,,unreviewed,
Omarion,2,0,1,1,"Master craftsman Omarion just vanished one night. Like a toot in the wind... Poof! Gone! Bah, now I'm the only one left to craft the goods for the boys on the front lines. ",,,unreviewed,
Omen,2,0,2,0,"Omen sleeps in the depths of Lake Elune'ara, but may be summoned at the southeast banks near the Stormrage Barrow Dens.  There, you will find special cluster launchers...  Use your rockets in the launchers and Omen's minions will come.  Fire more rockets, nearly three dozen, or fire Elune's candles at his minions, and soon he will awaken.",,,unreviewed,
Ones,2,0,0,2,The Mindless Ones,,,unreviewed,
Onyxia,2,0,1,1,"Perhaps I should tell you why I am here.  Do you know of the Aspect, Deathwing? Or of his progeny, Nefarian and Onyxia?",,,unreviewed,
Operative,2,0,0,2,Operative Bijou,,,unreviewed,
Oran,2,1,0,1,Oran Snakewrithe,,,unreviewed,
Orenthil,2,1,0,1,Orenthil Whisperwind,,,unreviewed,
Ormok,2,1,0,1,Ormok,,,unreviewed,
Orok,2,1,0,1,Orok Deathbane,,,unreviewed,
Orwin,2,1,1,0,Orwin Gizzmick,,,unreviewed,
Outcast,2,0,0,2,Zaeldarr the Outcast,,,unreviewed,
Outfitters,2,0,0,2,Dwarven Outfitters,,,unreviewed,
Outposts,2,0,0,2,Establishing New Outposts,,,unreviewed,
Outrunners,2,0,0,2,Ashenvale Outrunners,,,unreviewed,
Overmaster,2,0,0,2,Overmaster Pyron,,,unreviewed,
Overrun,2,0,0,2,The Mills Overrun,,,unreviewed,
Pacify,2,0,0,2,Pacify the Centaur,,,unreviewed,
Pack,2,0,0,2,The Pack Mistress,,,unreviewed,
Padfoot,2,0,0,2,Bounty on Garrick Padfoot,,,unreviewed,
Pages,2,0,0,2,The Lost Pages,,,unreviewed,
Pain,2,0,0,2,Elixir of Pain,,,unreviewed,
Paleo,2,1,1,0,Professor Thaddeus Paleo,,,unreviewed,
Pamela,2,0,0,2,Little Pamela,,,unreviewed,
Panther,2,0,0,2,Panther Mastery,,,unreviewed,
Pants,2,0,0,2,Craftsman's Writ - Runic Leather Pants,,,unreviewed,
Parent,2,0,0,2,Becoming a Parent,,,unreviewed,
Parting,2,0,0,2,Anthion's Parting Words,,,unreviewed,
Patrolling,2,0,0,2,Patrolling Westfall,,,unreviewed,
Patrols,2,0,0,2,Dalaran Patrols,,,unreviewed,
Paval,2,0,0,2,Lieutenant Paval Reethe,,,unreviewed,
Pawn,2,0,0,2,Pawn Captures Queen,,,unreviewed,
Payson,2,1,0,1,Jeremiah Payson,,,unreviewed,
Pearl,2,0,0,2,Pearl Diving,,,unreviewed,
Peon,2,0,0,2,A Peon's Burden,,,unreviewed,
Peons,2,0,0,2,Lazy Peons,,,unreviewed,
Pephredo,2,1,1,0,Pephredo,,,unreviewed,
Perfectly,2,0,0,2,"Perfectly executed,  ! Perfectly executed,  !",,,unreviewed,
Pestle,2,2,0,0,William Pestle,,,unreviewed,
Petra,2,1,1,0,Petra Grossen,,,unreviewed,
Phial,2,0,0,2,Replacement Phial,,,unreviewed,
Phizzlethorpe,2,1,0,1,Professor Phizzlethorpe,,,unreviewed,
Pierce,2,1,0,1,Pierce Shackleton,,,unreviewed,
Piercing,2,0,0,2,Piercing the Veil,,,unreviewed,
Pillagers,2,0,0,2,"A band of vicious Defias Pillagers has been seen plundering the Gold Coast Quarry, Moonbrook I want you to kill 15 of those foul Defias Pillagers and 15 Defias Looters.",,,unreviewed,
Pillarstone,2,1,1,0,Thonys Pillarstone,,,unreviewed,
Pine,2,0,0,2,The Power of Pine,,,unreviewed,
Pirate,2,0,0,2,Pirate Hats Ahoy!,,,unreviewed,
Places,2,0,0,2,A Light in Dark Places,,,unreviewed,
Plagues,2,0,0,2,The Eastern Plagues,,,unreviewed,
Plainstalker,2,1,0,1,Dorn Plainstalker,,,unreviewed,
Plainstrider,2,0,0,2,Plainstrider Menace,,,unreviewed,
Platinum,2,0,0,2,The Platinum Discs,,,unreviewed,
Pledge,2,0,0,2,The Pledge of Secrecy,,,unreviewed,
Plugger,2,0,2,0,I think Plugger filled one of his kegs too much.  It looks like it's about to blow!,,,unreviewed,
Plume,2,0,0,2,Fire Plume Forged,,,unreviewed,
Plunderers,2,0,0,2,Plundering the Plunderers,,,unreviewed,
Plundering,2,0,0,2,Plundering the Plunderers,,,unreviewed,
Poachers,2,0,0,2,Murloc Poachers,,,unreviewed,
Pointe,2,0,2,0,"Hello,  . Welcome to Refuge Pointe.",,,unreviewed,
Pole,2,0,0,2,The Family and the Fishing Pole,,,unreviewed,
Pool,2,0,0,2,Pool of Tears,,,unreviewed,
Port,2,0,0,2,The Barrens Port,,,unreviewed,
Portable,2,0,0,2,A Portable Power Source,,,unreviewed,
Portal,2,0,2,0,"Neither you nor I could possibly imagine the pain an individual suffers when their soul is ripped from their body. They are not dead and by no means are they alive. Instead, they walk the land, servants of those that bind them to this world.  Lord Razelikh, demonic overlord of these lands, enslaved them all. Nine he took for his own, placing stones of binding near the Dark Portal. The remaining nine were divided up between his subordinates.",,,unreviewed,
Portents,2,0,0,2,Portents of Uldum,,,unreviewed,
Possible,2,0,0,2,Mission: Possible But Not Probable,,,unreviewed,
Powder,2,0,0,2,Powder to Ironband,,,unreviewed,
Practical,2,0,0,2,Practical Prey,,,unreviewed,
Praise,2,0,2,0,Praise Elune! It has been many years since I have had visitors.,,,unreviewed,
Precarious,2,0,0,2,Precarious Predicament,,,unreviewed,
Predicament,2,0,0,2,Precarious Predicament,,,unreviewed,
Preparation,2,0,0,2,Preparation for Ceremony,,,unreviewed,
Preparations,2,0,0,2,Final Preparations,,,unreviewed,
Prescription,2,0,0,2,The Only Prescription,,,unreviewed,
Presents,2,0,0,2,Winter's Presents,,,unreviewed,
Preserving,2,0,0,2,Preserving Knowledge,,,unreviewed,
Prevail,2,0,0,2,Coolant Heads Prevail,,,unreviewed,
Prey,2,0,0,2,Practical Prey,,,unreviewed,
Pridewings,2,0,0,2,Pridewings of Stonetalon,,,unreviewed,
Priestly,2,0,2,0,"Ah, Braenna Flintcrag.  She has magic hands, that one.  Braenna is the one to see about Priestly matters.  Ye'll want to travel north from the gates of Ironforge to the Hall of Mysteries.  That's where ye'll find her.",,,unreviewed,
Principal,2,0,0,2,The Principal Source,,,unreviewed,
Probable,2,0,0,2,Mission: Possible But Not Probable,,,unreviewed,
Problem,2,0,0,2,Scrying Goggles? No Problem!,,,unreviewed,
Progress,2,0,0,2,Excavation Progress Report,,,unreviewed,
Prophecy,2,0,0,2,The Prophecy of Mosh'aru,,,unreviewed,
Prophet,2,0,0,2,Jammal'an the Prophet,,,unreviewed,
Prophetic,2,0,0,2,Prophetic Aura,,,unreviewed,
Proposition,2,0,0,2,An Earnest Proposition,,,unreviewed,
Prospect,2,0,0,2,Prospect of Faith,,,unreviewed,
Proudtusk,2,2,0,0,Thal'trak Proudtusk,,,unreviewed,
Provisions,2,0,0,2,Frostsaber Provisions,,,unreviewed,
Prowlers,2,0,0,2,Prowlers of the Barrens,,,unreviewed,
Psychometric,2,0,0,2,Psychometric Reading,,,unreviewed,
Public,2,0,0,2,The Public Servant,,,unreviewed,
Punishment,2,0,0,2,Crime and Punishment,,,unreviewed,
Pupil,2,0,0,2,Galvan's Finest Pupil,,,unreviewed,
Purified,2,0,0,2,Purified!,,,unreviewed,
Purity,2,0,0,2,A Reliquary of Purity,,,unreviewed,
Pusillin,2,0,0,2,Pusillin and the Elder Azj'Tordin,,,unreviewed,
Putrid,2,0,0,2,A Putrid Task,,,unreviewed,
Puts,2,0,2,0,"Check around Old Town at the Barracks or the Pig and Whistle Tavern. If you go to the tavern, be sure to sample some of the fine brews. Puts the dwarven ales to shame, I tell ya.",,,unreviewed,
Pyron,2,0,0,2,Overmaster Pyron,,,unreviewed,
Quandary,2,0,0,2,A Refugee's Quandary,,,unreviewed,
Quarry,2,0,1,1,"The waters of Westfall are where you must search, due west-northwest of where the Gold Coast Quarry meets with the shore.  An anchor shows where a boat has sunk beyond it, deep within the water.  The underwater pressure is fierce here; swimming too far will crush even the mightiest swimmer from fatigue.    Look for a natural formation to aid you,   - a bubbly fissure is near here, offering deep-water swimmers a chance for renewed breath.",,,unreviewed,
Questions,2,0,0,2,Answered Questions,,,unreviewed,
Quickswitch,2,0,2,0,Your current aptitude exceeds my instructional capabilities. You should enquire further with my fellow Gnome Trixie Quickswitch in Ironforge!,,,unreviewed,
Quikswitch,2,2,0,0,Jemma Quikswitch,,,unreviewed,
Rage,2,0,0,2,Rage of Blood,,,unreviewed,
Rainer,2,1,0,1,Deputy Rainer,,,unreviewed,
Raising,2,0,0,2,Raising Spirits,,,unreviewed,
Rakh'likh,2,0,0,2,"You Are Rakh'likh, Demon",,,unreviewed,
Rampaging,2,0,0,2,Rampaging Giants,,,unreviewed,
Ramstein,2,0,0,2,Ramstein,,,unreviewed,
Ranger,2,0,0,2,The Ranger Lord's Behest,,,unreviewed,
Rattlecages,2,0,0,2,Rattling the Rattlecages,,,unreviewed,
Rattling,2,0,0,2,Rattling the Rattlecages,,,unreviewed,
Ravaged,2,0,0,2,The Ravaged Caravan,,,unreviewed,
Ravenclaw,2,0,0,2,Thule Ravenclaw,,,unreviewed,
Raveneye,2,1,1,0,Alanna Raveneye,,,unreviewed,
Ravine,2,0,0,2,Boulderslide Ravine,,,unreviewed,
Ray,2,0,0,2,"Ah, nothing like the smell of fresh blood in the foothills! Now we'll mix in a Fields to the southwest. Let's see how Farmer Ray's little dog Stanley likes this 'treat.'",,,unreviewed,
Rayne,2,1,1,0,Rayne,,,unreviewed,
Razzashi,2,0,0,2,"Zulian, Razzashi, and Hakkari Coins",,,unreviewed,
Reagents,2,0,0,2,Reagents for Reclaimers Inc.,,,unreviewed,
Real,2,0,0,2,The Real Threat,,,unreviewed,
Reaper,2,0,0,2,Super Reaper 6000,,,unreviewed,
Rear,2,0,0,2,Rear Guard Patrol,,,unreviewed,
Reason,2,0,0,2,The Reason for the Season,,,unreviewed,
Reassignment,2,0,0,2,Reassignment,,,unreviewed,
Rebellion,2,0,0,2,The Second Rebellion,,,unreviewed,
Rebirth,2,0,0,2,Cycle of Rebirth,,,unreviewed,
Receipt,2,0,0,2,Augustus' Receipt Book,,,unreviewed,
Reception,2,0,0,2,Reception from Tyrande,,,unreviewed,
Reclaimed,2,0,0,2,Reclaimed Treasures,,,unreviewed,
Reclaiming,2,0,0,2,Reclaiming Goods,,,unreviewed,
Reclamation,2,0,0,2,Gann's Reclamation,,,unreviewed,
Recombobulation,2,0,0,2,Operation Recombobulation,,,unreviewed,
Reconnaissance,2,0,0,2,Bijou's Reconnaissance Report,,,unreviewed,
Recover,2,0,0,2,Recover the Key!,,,unreviewed,
Recruiter,2,1,0,1,Argent Recruiter,,,unreviewed,
Redo,2,0,0,2,Nogg's Ring Redo,,,unreviewed,
Reef,2,0,0,2,The Vile Reef,,,unreviewed,
Refreshment,2,0,0,2,Arcane Refreshment,,,unreviewed,
Refuel,2,0,0,2,Refuel for the Zapping,,,unreviewed,
Refugee,2,0,0,2,A Refugee's Quandary,,,unreviewed,
Regal,2,0,0,2,Secrets of the Colossus - Regal,,,unreviewed,
Regalia,2,0,0,2,Imperial Qiraji Regalia,,,unreviewed,
Reindeer,2,0,0,2,Metzen the Reindeer,,,unreviewed,
Relations,2,0,0,2,Alliance Relations,,,unreviewed,
Relaxation,2,0,0,2,Rest and Relaxation,,,unreviewed,
Release,2,0,1,1,"Just a few more and our stables will be overflowing with mounts. Release it into my custody, soldier. I'll take it from here.",,,unreviewed,
Relic,2,0,0,2,Delivering the Relic,,,unreviewed,
Relics,2,0,0,2,The Relics of Wakening,,,unreviewed,
Reliquary,2,0,0,2,A Reliquary of Purity,,,unreviewed,
Remen,2,1,0,1,Remen Marcot,,,unreviewed,
Renewal,2,0,0,2,Membership Card Renewal,,,unreviewed,
Requiem,2,0,0,2,Staghelm's Requiem,,,unreviewed,
Required,2,0,0,2,Some Assembly Required,,,unreviewed,
Research,2,0,0,2,Morrowgrain Research,,,unreviewed,
Researching,2,0,0,2,Researching the Corruption,,,unreviewed,
Reserve,2,0,2,0,Just in... another batch of Darkmoon Special Reserve.  Come get yours before they're all gone!,,,unreviewed,
Reserves,2,0,0,2,Calling in the Reserves,,,unreviewed,
Resource,2,0,0,2,More Resource Crates,,,unreviewed,
Resources,2,0,0,2,Arathi Basin Resources!,,,unreviewed,
Respite,2,0,0,2,A Gnome's Respite,,,unreviewed,
Restored,2,0,0,2,Order Must Be Restored,,,unreviewed,
Resupply,2,0,0,2,Harlan Needs a Resupply,,,unreviewed,
Resupplying,2,0,0,2,Resupplying the Excavation,,,unreviewed,
Retrieve,2,0,0,2,How Arugal gained acceptance within the Kirin Tor is beyond me. His spell-casting knowledge seemed not secure them. Retrieve for me the spell labeled Remedy of Arugal from those books.,,,unreviewed,
Rhymes,2,0,0,2,Mold Rhymes With...,,,unreviewed,
Ribbons,2,0,0,2,Ribbons of Sacrifice,,,unreviewed,
Ribs,2,0,0,2,Beer Basted Boar Ribs,,,unreviewed,
Rig,2,0,0,2,Rig Wars,,,unreviewed,
Righteousness,2,0,0,2,The Test of Righteousness,,,unreviewed,
Rin'wosho,2,1,1,0,Rin'wosho the Trader,,,unreviewed,
Riots,2,0,0,2,The Stockade Riots,,,unreviewed,
Riverhorn,2,1,0,1,Helendis Riverhorn,,,unreviewed,
Rivern,2,1,1,0,Rivern Frostwind,,,unreviewed,
Riverpaw,2,0,0,2,Riverpaw Gnoll Bounty,,,unreviewed,
Rivers,2,1,0,1,Connor Rivers,,,unreviewed,
Rivetseeker,2,1,1,0,Marvon Rivetseeker,,,unreviewed,
Rocket,2,0,0,2,Rocket Car Parts,,,unreviewed,
Rocknot,2,1,0,1,Private Rocknot,,,unreviewed,
Rogvar,2,1,1,0,Rogvar,,,unreviewed,
Roll,2,0,0,2,Roll the Bones,,,unreviewed,
Roost,2,0,2,0,"Ah, to soar with the great birds of the sky.  Seek out Tal at the top of the Winder Rider Roost.  He will steer you toward where you're going.",,,unreviewed,
Rooster,2,0,0,2,They Call Me 'The Rooster',,,unreviewed,
Root,2,0,0,2,Root Samples,,,unreviewed,
Rotam,2,0,0,2,Shy-Rotam,,,unreviewed,
Round,2,0,0,2,Ghost-o-plasm Round Up,,,unreviewed,
Rude,2,0,0,2,Rude Awakening,,,unreviewed,
Rumormonger,2,0,0,2,The Rumormonger,,,unreviewed,
Runeworks,2,0,2,0,Can you enchant my axe?  I'll want a permanent.  Maybe later then.  Find Godan's Runeworks on the west end of The Drag near the Valley of Wisdom.,,,unreviewed,
Runs,2,0,0,2,The Fury Runs Deep,,,unreviewed,
Runthak,2,1,0,1,Overlord Runthak,,,unreviewed,
Ruse,2,0,0,2,Nathanos' Ruse,,,unreviewed,
Rutgar,2,1,1,0,Rutgar Glyphshaper,,,unreviewed,
Rutherford,2,1,1,0,Rutherford Twing,,,unreviewed,
Ruuzel,2,0,0,2,Ruuzel,,,unreviewed,
Ryson,2,1,0,1,Syndicate Master Ryson,,,unreviewed,
SIGHT,2,0,0,2,KILL ON SIGHT: Dark Iron Dwarves,,,unreviewed,
Sabers,2,0,0,2,Corrupted Sabers,,,unreviewed,
Sac,2,0,0,2,Undamaged Venom Sac,,,unreviewed,
Safe,2,0,1,1,"On the northern dock, you can board a ship that will carry you to Rut'theran Village and Darnassus.  From the southern dock, you can find passage across the Great Sea to Menethil Harbor on Khaz Modan.  Safe journeys to you!",,,unreviewed,
Safety,2,0,0,2,Safety First,,,unreviewed,
Sagewind,2,1,0,1,Falla Sagewind,,,unreviewed,
Salt,2,0,0,2,Salt Flat Venom,,,unreviewed,
Salutations,2,0,0,2,"Salutations, young druid; the time has come for you to know our aquatic form. It aspects of the form itself. Stand ready, as the time of testing is now upon us.",,,unreviewed,
Salute,2,0,0,2,The Shattered Salute,,,unreviewed,
Samples,2,0,0,2,Root Samples,,,unreviewed,
Samuel,2,1,1,0,Samuel Hawke,,,unreviewed,
Sancrea,2,1,0,1,Je'neu Sancrea,,,unreviewed,
Sandfury,2,0,0,2,"Sandfury, Skullsplitter, and Bloodscalp Coins",,,unreviewed,
Sarkhoff,2,1,1,0,Eva Sarkhoff,,,unreviewed,
Sarkoth,2,0,0,2,Sarkoth,,,unreviewed,
Sathrah,2,0,0,2,Sathrah's Sacrifice,,,unreviewed,
Saurfang,2,1,0,1,High Overlord Saurfang,,,unreviewed,
Sausages,2,0,0,2,Thelsamar Blood Sausages,,,unreviewed,
Savages,2,0,0,2,Hunt the Savages,,,unreviewed,
Saved,2,0,0,2,The Princess Saved?,,,unreviewed,
Scalding,2,0,0,2,Scalding Mornbrew Delivery,,,unreviewed,
Scales,2,0,0,2,Underbelly Scales,,,unreviewed,
Scaring,2,0,0,2,Scaring Shaky,,,unreviewed,
Scavenging,2,0,0,2,Scavenging Deathknell,,,unreviewed,
Scent,2,0,0,2,The Scent of Lar'korwi,,,unreviewed,
Sceptre,2,0,0,2,Sceptre of Light,,,unreviewed,
Scoop,2,0,0,2,Get the Scoop,,,unreviewed,
Scouring,2,0,0,2,Scouring the Desert,,,unreviewed,
Screecher,2,0,0,2,Screecher Spirits,,,unreviewed,
Scrimshank,2,0,0,2,The Scrimshank Redemption,,,unreviewed,
Scrounging,2,0,0,2,Scrounging,,,unreviewed,
Scryer,2,0,0,2,The Divination Scryer,,,unreviewed,
Scrying,2,0,0,2,Scrying Goggles? No Problem!,,,unreviewed,
Seaforium,2,0,0,2,A disarming colloid? For Seaforium? Oh heavens! A disarming colloid? For Seaforium? Oh heavens!,,,unreviewed,
Sealed,2,0,0,2,Sealed Azure Bag,,,unreviewed,
Searching,2,0,0,2,Searching for the Lost Satchel,,,unreviewed,
Seasoned,2,0,0,2,Seasoned Wolf Kabobs,,,unreviewed,
Secrecy,2,0,0,2,The Pledge of Secrecy,,,unreviewed,
Seed,2,0,0,2,The Demon Seed,,,unreviewed,
Seeds,2,0,0,2,Timberling Seeds,,,unreviewed,
Seeping,2,0,0,2,Seeping Corruption,,,unreviewed,
Seers,2,0,0,2,"I now present you with the Water of the Seers. When you are ready, consume the the fire. At that point, it is up to you to follow it to your destiny....",,,unreviewed,
Sellandus,2,1,1,0,Sellandus,,,unreviewed,
Selling,2,0,0,2,Selling Fish,,,unreviewed,
Senani,2,1,0,1,Senani Thunderheart,,,unreviewed,
Senator,2,2,0,0,Senator Barin Redstone,,,unreviewed,
Sends,2,0,0,2,Melor Sends Word,,,unreviewed,
Sengutz,2,2,0,0,Vorrel Sengutz,,,unreviewed,
Sense,2,0,0,2,Making Sense of It,,,unreviewed,
Separation,2,0,0,2,Separation Anxiety,,,unreviewed,
Serena,2,0,0,2,Serena Bloodfeather,,,unreviewed,
Serenity,2,0,0,2,Sweet Serenity,,,unreviewed,
Seriadne,2,0,2,0,You seek someone who cares for animals?  Then you should look for Seriadne outside the Inn in Dolanaar.  She is the one that you seek.,,,unreviewed,
Serpent,2,0,0,2,Serpent Wild,,,unreviewed,
Serpentbloom,2,0,0,2,Serpentbloom,,,unreviewed,
Servo,2,0,0,2," , there's one more part I need from the elementals here in the Badlands: the their bracers just so I have extras. Servo's notorious for misplacing my reagents and research.",,,unreviewed,
Set,2,0,0,2,Set Them Ablaze!,,,unreviewed,
Seven,2,0,0,2,Tablet of the Seven,,,unreviewed,
Several,2,0,2,0,"Ahh, you will need to make your way over to the Hunter's Hall then. Several great hunters like Holt Thunderhorn can be found there on the Hunter Rise.",,,unreviewed,
Shackleton,2,1,0,1,Pierce Shackleton,,,unreviewed,
Shade,2,0,0,2,The Shade of Elura,,,unreviewed,
Shadoweaver,2,0,0,2,Shadoweaver,,,unreviewed,
Shadowguard,2,0,0,2,Shadowguard,,,unreviewed,
Shadowshard,2,0,0,2,Shadowshard Fragments,,,unreviewed,
Shadowstone,2,1,0,1,Tristane Shadowstone,,,unreviewed,
Shadowswift,2,0,2,0,Don't let me catch you stealing anything!  Look for Shenthul and his Shadowswift Brotherhood in the underground Cleft of Shadow.  Find the tunnel leading down into it south of the Valley of Wisdom.,,,unreviewed,
Shadowsworn,2,0,0,2,War on the Shadowsworn,,,unreviewed,
Shadra,2,0,0,2,Summoning Shadra,,,unreviewed,
Shadumbra,2,0,1,1,"This nightsaber is rumored to be docile in the presence of night elves and their allies, which makes her an even more worthy opponent.  Shadumbra's hunting path takes her from the Raynewood Retreat to our west, ultimately to lands due west of there.  Her fur is the color of pitch, and her speed is not to be underestimated.",,,unreviewed,
Shaft,2,0,0,2,Forging the Shaft,,,unreviewed,
Shalzaru,2,0,0,2,Against Lord Shalzaru,,,unreviewed,
Shan'do,2,0,0,2,"After the Battle of Mount Hyjal, we were without direction. Nordrassil smoked from the fire Betrayer was freed from his prison, and Shan'do Stormrage disappeared. A dark time for all.",,,unreviewed,
Sharpbeak,2,0,0,2,Saving Sharpbeak,,,unreviewed,
Sharptusk,2,0,0,2,Break Sharptusk!,,,unreviewed,
Sheen,2,0,0,2,A New Cloak's Sheen,,,unreviewed,
Shelby,2,0,2,0,Shelby Stoneflint houses a good deal of pets for the local hunters.  She can be found over by the Thunderbrew Distillery if ye need her to look after a pet.,,,unreviewed,
Shield,2,0,0,2,The Black Shield,,,unreviewed,
Shieldsmith,2,0,0,2,The Shieldsmith,,,unreviewed,
Shifty,2,0,0,2,A Shifty Merchant,,,unreviewed,
Shimmer,2,0,0,2,Shimmer Stout,,,unreviewed,
Shinbones,2,0,0,2,Dragonmaw Shinbones,,,unreviewed,
Shipwreck,2,0,0,2,The Karnitol Shipwreck,,,unreviewed,
Shoes,2,0,0,2,The Price of Shoes,,,unreviewed,
Shoja'my,2,0,2,0,Pets to take care of?  Just make sure you clean up after it!  Look for Shoja'my in front of the inn.,,,unreviewed,
Shot,2,0,0,2,One Shot.  One Kill.,,,unreviewed,
Shred,2,0,0,2,A Shred of Hope,,,unreviewed,
Shredding,2,0,0,2,Shredding Machines,,,unreviewed,
Shy,2,0,0,2,Shy-Rotam,,,unreviewed,
Shyria,2,1,0,1,Innkeeper Shyria,,,unreviewed,
Siabi,2,0,0,2,The Great Fras Siabi,,,unreviewed,
Sian'dur,2,1,0,1,Sian'dur,,,unreviewed,
Sick,2,0,0,2,Curing the Sick,,,unreviewed,
Sickle,2,0,0,2,Sickle of Unyielding Strength,,,unreviewed,
Sight,2,0,0,2,Presence of Sight,,,unreviewed,
Sign,2,0,0,2,A Sign of Hope,,,unreviewed,
Signal,2,0,0,2,Signal for Pickup,,,unreviewed,
Signs,2,0,0,2,Signs have appeared to me from the Earthmother; you have done well. Signs have appeared to me from the Earthmother; you have done well.,,,unreviewed,
Sildinair,2,0,2,0,Sildinair has trained many of the Sentinels who guard our beloved city.  I am certain she can make a warrior out of the likes of you.  Seek her out at the Warrior's Terrace near the entrance to our city.,,,unreviewed,
Silva,2,1,1,0,Silva Fil'naveth,,,unreviewed,
Simmer,2,1,0,1,Deathguard Simmer,,,unreviewed,
Sings,2,0,0,2,"When Smokey Sings, I Get Violent",,,unreviewed,
Siren,2,0,0,2,The Siren's Coral,,,unreviewed,
Sister,2,1,0,1,Sister Aquinne,,,unreviewed,
Skies,2,0,0,2,Blood Tinged Skies,,,unreviewed,
Skins,2,0,0,2,Young Crocolisk Skins,,,unreviewed,
Skirmish,2,0,0,2,Skirmish at Echo Ridge,,,unreviewed,
Skulk,2,0,0,2,Skulk Rock Clean-up,,,unreviewed,
Skullsplit,2,1,0,1,Krug Skullsplit,,,unreviewed,
Slagtree,2,1,1,0,Smith Slagtree,,,unreviewed,
Slake,2,0,0,2,Slake That Thirst,,,unreviewed,
Slaying,2,0,0,2,Slaying the Beast,,,unreviewed,
Sleeper,2,0,0,2,The Sleeper Has Awakened,,,unreviewed,
Sleeping,2,0,0,2,The Sleeping Druid,,,unreviewed,
Slidore,2,1,0,1,Wing Commander Slidore,,,unreviewed,
Sludge,2,0,2,0,"See, the Venture Company's new shredder is better than my latest, from the interchangeable hands to the control grips! My boss has given me a pretty strict deadline, but my boys and I couldn't come up with anything.  Nothing was working, so we decided to 'borrow' one of their prototypes. I sent Wizzlecrank to the Sludge Fen to steal one, but he hasn't gotten back yet!",,,unreviewed,
Slugs,2,0,0,2,Nugget Slugs,,,unreviewed,
Small,2,0,0,2,Small Furry Paws,,,unreviewed,
Smart,2,0,0,2,Smart Drinks,,,unreviewed,
Smokeywood,2,0,0,2,I hear Greatfather Winter - with the generous support of Smokeywood Pastures - has put check it out. I'm sure Greatfather Winter has some presents with your name on them.,,,unreviewed,
Smoldering,2,0,0,2,The Smoldering Ruins of Thaurissan,,,unreviewed,
Snakestone,2,0,0,2,Snakestone of the Shadow Huntress,,,unreviewed,
Snang,2,1,1,0,Snang,,,unreviewed,
Snapjaws,2,0,0,2,"Snapjaws, Mon!",,,unreviewed,
Snapper,2,0,0,2,The Super Snapper FX,,,unreviewed,
Snatch,2,0,0,2,Snatch and Grab,,,unreviewed,
Snowhoof,2,2,0,0,Ruul Snowhoof,,,unreviewed,
Snuff,2,0,0,2,Up to Snuff,,,unreviewed,
Soil,2,0,0,2,Un'Goro Soil,,,unreviewed,
Solution,2,0,0,2,Solution to Doom,,,unreviewed,
Solvent,2,0,0,2,A Solvent Spirit,,,unreviewed,
Someplace,2,0,2,0,"A pure sample would be one that's uncorrupted by unintentional influences. We need to find the creatures in the most basic, normal environment we can.  That means somewhere devoid of civilization or the effects of the dominant races of Azeroth. Someplace... untouched.",,,unreviewed,
Sometimes,2,0,2,0,"Life is a struggle, and the saying that which does not kill you makes you stronger is not always true.  Sometimes wounds act slowly, which is why we have bandages.  Pand Stonebinder of the Spirit Rise can teach you the art of First Aid.",,,unreviewed,
Soothfancy,2,1,1,0,Narain Soothfancy,,,unreviewed,
Soran'ruk,2,0,0,2,The Orb of Soran'ruk,,,unreviewed,
Sorrow,2,0,0,2,A Tale of Sorrow,,,unreviewed,
Sothos,2,0,0,2,"The siblings, Jarien and Sothos, decided to join the Scarlet Crusade upon the disbanding of we... meaning you, are still going to need to retrieve that piece of the amulet.",,,unreviewed,
Soulbound,2,0,0,2,Soulbound Keepsake,,,unreviewed,
Soup,2,0,0,2,Mudrock Soup and Bugs,,,unreviewed,
Sources,2,0,0,2,Strange Sources,,,unreviewed,
Southern,2,0,1,1,Don't blame you for taking up fishing.  Mulgore has some the best fishing spots in Southern Kalimdor and Mountaintop Bait & Tackle on the high rise has all of the gear you'll need to take advantage of it.Tell Kah Mistrunner that I sent ya!,,,unreviewed,
Souvenirs,2,0,0,2,Souvenirs of Death,,,unreviewed,
Sovereign,2,0,0,2,The Sovereign Imperative,,,unreviewed,
Spackle,2,1,0,1,Spackle Thornberry,,,unreviewed,
Spend,2,0,2,0,"You are unfit to train with me, stranger. Spend some time with my assistant Jhag over there. ",,,unreviewed,
Spices,2,0,0,2,Soothing Spices,,,unreviewed,
Spies,2,0,0,2,Theramore Spies,,,unreviewed,
Splithoof,2,1,0,1,Corporal Thund Splithoof,,,unreviewed,
Sponsorship,2,0,0,2,Goblin Sponsorship,,,unreviewed,
Spores,2,0,0,2,Fungal Spores,,,unreviewed,
Springs,2,0,0,2,The New Springs,,,unreviewed,
Spying,2,0,0,2,Grimtotem Spying,,,unreviewed,
Stables,2,0,0,2,Empty Stables,,,unreviewed,
Stack,2,1,1,0,Daryl Stack,,,unreviewed,
Stagnant,2,0,0,2,The Stagnant Oasis,,,unreviewed,
Stalking,2,0,0,2,Stalking the Stalkers,,,unreviewed,
Stalwart,2,0,0,2,Stalwart's Battlegear,,,unreviewed,
Stamp,2,1,1,0,Stamp Thunderhorn,,,unreviewed,
Standstill,2,0,0,2,Stonetalon Standstill,,,unreviewed,
Star,2,0,0,2,"The Star, the Hand and the Heart",,,unreviewed,
Starfall,2,0,0,2,Starfall,,,unreviewed,
Starseeker,2,1,0,1,Astarii Starseeker,,,unreviewed,
Starstrike,2,2,0,0,Sentinel Velene Starstrike,,,unreviewed,
Stash,2,0,0,2,Tundra MacGrann's Stolen Stash,,,unreviewed,
State,2,0,2,0,"I do not have time to waste, stranger. State your business or be off!",,,unreviewed,
Steal,2,0,0,2,To Steal From Thieves,,,unreviewed,
Steel,2,0,0,2,Forged Steel,,,unreviewed,
Steelhand,2,2,0,0,Gorbold Steelhand,,,unreviewed,
Steelsnap,2,0,0,2,Steelsnap,,,unreviewed,
Sten,2,1,0,1,Sten Stoutarm,,,unreviewed,
Stepping,2,0,0,2,Stepping Up Security,,,unreviewed,
Sticky,2,0,0,2,Super Sticky,,,unreviewed,
Sting,2,0,0,2,Sting of the Scorpid,,,unreviewed,
Stinglasher,2,0,0,2,Stinglasher,,,unreviewed,
Stinking,2,0,0,2,Stinking Up Southshore,,,unreviewed,
Stocking,2,0,0,2,Stocking Jetsteam,,,unreviewed,
Stoneflint,2,0,2,0,Shelby Stoneflint houses a good deal of pets for the local hunters.  She can be found over by the Thunderbrew Distillery if ye need her to look after a pet.,,,unreviewed,
Stonemantle,2,1,0,1,Dinita Stonemantle,,,unreviewed,
Stonemantles,2,0,2,0,Do ye have some new treasures that ye want to keep safe n' sound?  Then ye'll be wanting to store them at The Vault with the Stonemantles.  Ye'll find The Vault just a hammer's throw northeast from the entrance to Ironforge.,,,unreviewed,
Stoneriver,2,1,0,1,Tormek Stoneriver,,,unreviewed,
Stonewrought,2,0,0,2,Lord Wishock is causing quite a stir amongst the House of Nobles. He was made at the very base of the falls far beneath the Stonewrought Dam in the Wetlands.,,,unreviewed,
Stop,2,0,2,0,The Thunderbrews run a fine Inn in Kharanos which bears their name.  Stop in for a pint and a bit of rest.,,,unreviewed,
Stouthammer,2,1,0,1,Janela Stouthammer,,,unreviewed,
Stover,2,2,0,0,Lina Stover,,,unreviewed,
Strain,2,1,0,1,Martha Strain,,,unreviewed,
Strang,2,2,0,0,Osric Strang,,,unreviewed,
Strider,2,0,0,2,Easy Strider Living,,,unreviewed,
Students,2,0,0,2,Honor Students,,,unreviewed,
Stuff,2,0,0,2,The Good Stuff,,,unreviewed,
Subterfuge,2,0,0,2,Scarlet Subterfuge,,,unreviewed,
Subterfugin,2,0,0,2,Simple Subterfugin',,,unreviewed,
Suffers,2,0,0,2,The Wildlife Suffers Too,,,unreviewed,
Suit,2,0,0,2,The Gordok Ogre Suit,,,unreviewed,
Sul'thraze,2,0,2,0,"Sul'thraze... the first time I heard the word uttered I was around your age. It meant nothing to me then, as it means nothing to you now. It was not until a warband of trolls coming from Zul'Farrak laid waste to the land that I understood... and feared.  Many will tell you that the Splitblade of Suffering does not exist. That it's a myth; a rumor started to scare children 'straight.' But believe me,  , it exists.  <Trenton loses focus as he runs his hand across the jagged scar on his face.>",,,unreviewed,
Sumi,2,0,2,0,Stay away from Sumi and Tumi. They are....spoken for.,,,unreviewed,
Summermoon,2,1,1,0,Lalina Summermoon,,,unreviewed,
Summoner,2,0,0,2,Mage Summoner,,,unreviewed,
Sunderfury,2,1,1,0,Myolor Sunderfury,,,unreviewed,
Sunscorched,2,0,0,2,Sunscorched Shells,,,unreviewed,
Suntara,2,0,0,2,Suntara Stones,,,unreviewed,
Supernatural,2,0,0,2,A Supernatural Device,,,unreviewed,
Suppression,2,0,0,2,Suppression,,,unreviewed,
Surges,2,0,0,2,Mana Surges,,,unreviewed,
Surplus,2,0,0,2,Lack of Surplus,,,unreviewed,
Survey,2,0,0,2,Gadgetzan Water Survey,,,unreviewed,
Survival,2,0,2,0,I guess someone needs to bandage us warriors up after the fighting.  Seek out Arnok at the Survival of the Fittest hut next to the Spirit Lodge in the Valley of Spirits.  Look up above and to the west of the Valley of Strength for a lake.  That's where he's at.,,,unreviewed,
Swapping,2,0,0,2,Wolf Swapping - Arctic Wolf,,,unreviewed,
Swoop,2,0,0,2,Swoop Hunting,,,unreviewed,
Sylannia,2,1,1,0,Sylannia,,,unreviewed,
Syncretist,2,0,0,2,Syncretist's Sigil,,,unreviewed,
THE,2,0,0,2,THE KING?! I mean... the king? The real king? Are you joking? You didn't mention key now is to find this Hendel. And I think I can help with that.,,,unreviewed,
Tackle,2,0,2,0,Kah Mistrunner at Mountaintop Bait & Tackle on the high rise will show you the way to find inner peace and serenity while fishing for your next meal.,,,unreviewed,
Taelan,2,1,1,0,Highlord Taelan Fordring,,,unreviewed,
Tail,2,0,0,2,Encrusted Tail Fins,,,unreviewed,
Tailor,2,0,2,0,"I am certain there is a Tailor that could provide you training in Darnassus.  When you arrive, ask one of the Sentinels in Darnassus about seeing a Tailor.",,,unreviewed,
Tajarri,2,1,0,1,Tajarri,,,unreviewed,
Takar,2,1,0,1,Takar the Seer,,,unreviewed,
Takeover,2,0,0,2,Hostile Takeover,,,unreviewed,
Talisman,2,0,0,2,Zandalrian Shadow Talisman,,,unreviewed,
Talker,2,0,0,2,The Swamp Talker,,,unreviewed,
Talongrip,2,1,0,1,Darn Talongrip,,,unreviewed,
Tame,2,0,0,2,"You have a fiery spirit, hunter, readily awaiting your next challenge. Your next task is to to muscle. Here is the taming rod,  . Tame a prairie stalker and practice your skills.",,,unreviewed,
Taming,2,0,0,2,Taming the Beast,,,unreviewed,
Tapoke,2,1,0,1,"Tapoke ""Slim"" Jahn",,,unreviewed,
Taretha,2,0,0,2,Taretha's Gift,,,unreviewed,
Taste,2,0,0,2,In Good Taste,,,unreviewed,
Tazan,2,0,0,2,"I'll leave it to you to get Tazan's satchel open, and return to me with likely find him at the tavern. Perhaps you could quietly relieve him of the key.",,,unreviewed,
Team,2,0,0,2,In Search of The Excavation Team,,,unreviewed,
Techbot,2,0,0,2,Save Techbot's Brain!,,,unreviewed,
Tee,2,0,0,2,En-Ay-Es-Tee-Why,,,unreviewed,
Teeth,2,0,0,2,Cutting Teeth,,,unreviewed,
Tel'Athir,2,1,1,0,Tel'Athir,,,unreviewed,
Temper,2,0,0,2,Troll Temper,,,unreviewed,
Tendril,2,0,0,2,The Maelstrom's Tendril,,,unreviewed,
Tesoran,2,1,0,1,Adjutant Tesoran,,,unreviewed,
Testament,2,0,0,2,The Testament of Rexxar,,,unreviewed,
Thaddeus,2,1,1,0,Professor Thaddeus Paleo,,,unreviewed,
Thaivand,2,1,0,1,Novice Thaivand,,,unreviewed,
Than,2,0,0,2,Better Late Than Never,,,unreviewed,
Thandol,2,0,0,2,The Thandol Span,,,unreviewed,
Tharek,2,1,0,1,Tharek Blackstone,,,unreviewed,
Tharil'zun,2,0,0,2,Tharil'zun,,,unreviewed,
That'd,2,0,2,0,"You're better at this gig than I am! You want someone with even more experience than I've got. That'd be Ainethil, a night elf lady who lives in the Craftsmen's Terrace of Darnassus.",,,unreviewed,
Thatros,2,0,0,2,Fenwick Thatros,,,unreviewed,
Theocritus,2,1,0,1,Theocritus,,,unreviewed,
Theolen,2,0,0,2,"Doctor Theolen Krastinov, the Butcher",,,unreviewed,
Things,2,0,2,0,"Enjoying the festival,  ?  While the Flamekeeper tends to the fires of the present, I am more of a historian, keeping close the festivals past. I'm also, of course, documenting this year's festivities. Things are going well thus far, don't you think?  You know,  , there is power inherent in all festival fires burning throughout the holiday. We're taking care of ours, but I'm certain there are sacred flames burning deep within our enemy's cities...",,,unreviewed,
Third,2,0,0,2,The Third Fleet,,,unreviewed,
Thirst,2,0,0,2,Slake That Thirst,,,unreviewed,
Thirsty,2,0,0,2,The Thirsty Goblin,,,unreviewed,
Thistlefur,2,0,0,2,Between a Rock and a Thistlefur,,,unreviewed,
Thistleshrub,2,0,0,2,Thistleshrub Valley,,,unreviewed,
Thonys,2,1,1,0,Thonys Pillarstone,,,unreviewed,
Thoradin,2,0,0,2,Sigil of Thoradin,,,unreviewed,
Thornberry,2,1,0,1,Spackle Thornberry,,,unreviewed,
Thousands,2,0,2,0,"Greetings, traveler. It was here, nearly 1,000 years past, that the Qiraji began their march of destruction across Kalimdor.  Thousands of lives were lost during the war, most in this cursed desert during the initial invasion.  I am one of only a few that remain, chained to both the past and the present. I know not why I am to remain stationed here but I know that I must.",,,unreviewed,
Threaten,2,0,0,2,Harpies Threaten,,,unreviewed,
Thredd,2,0,0,2,Bazil Thredd,,,unreviewed,
Throm,2,0,2,0,"Throm-Ka,  . My mood is poor this day, so please, unless you can help me, I would prefer to be alone.",,,unreviewed,
Thule,2,0,0,2,Thule Ravenclaw,,,unreviewed,
Thunderaan,2,0,0,2,Thunderaan the Windseeker,,,unreviewed,
Thunderhawk,2,0,0,2,Cry of the Thunderhawk,,,unreviewed,
Thurman,2,1,0,1,Thurman Mullby,,,unreviewed,
Thuwd,2,0,2,0,It is good that you wish to honor your kills by putting their bodies to use.  Find Thuwd inside the Kodohide Leatherworks in the middle of The Drag.,,,unreviewed,
Thwarting,2,0,0,2,Thwarting Kolkar Aggression,,,unreviewed,
Timeless,2,0,0,2,"Without the blessings of Alexstrasza the Life-Binder and Nozdormu the Timeless, Teldrassil's growth has not deliver to Darnassus. Bring it to Fandral Staghelm, you will find him in the druid grove.",,,unreviewed,
Tinged,2,0,0,2,Blood Tinged Skies,,,unreviewed,
Tomas,2,1,1,0,Tomas,,,unreviewed,
Tomorrow,2,0,0,2,What Tomorrow Brings,,,unreviewed,
Tortheldrin,2,1,1,0,Prince Tortheldrin,,,unreviewed,
Touched,2,1,1,0,Augustus the Touched,,,unreviewed,
Towers,2,0,0,2,Towers and Bunkers,,,unreviewed,
Tracing,2,0,0,2,Tracing the Source,,,unreviewed,
Tracking,2,0,0,2,Here is the final challenge that I will put forth. We've been tracking an elusive me her paw as proof of your accomplishment. Tracking her down will be no easy task.,,,unreviewed,
Trampled,2,0,0,2,Trampled Under Foot,,,unreviewed,
Translate,2,0,0,2,Translate Abercrombie's Note,,,unreviewed,
Translation,2,0,0,2,Translation to Ello,,,unreviewed,
Travel,2,0,1,1,Nadyia has made quite the leatherworker in her years of practice.  Travel west on the road to Darnassus to pay her a visit and maybe she can bestow some of her knowledge upon you.,,,unreviewed,
Traveling,2,0,2,0,"Grimnur Stonebrand will tell ye some whoppers about the one that got away, but he's still one o' the best fishermen around.  He's got a shop set up in The Forlorn Cavern called the Traveling Fisherman.",,,unreviewed,
Treachery,2,0,1,1,"Kildrath tends to overdramatize the situation. For example, 'Garona: A Study on Stealth and Treachery,' has been stolen over 400 times.  The mark of the Athenaeum protects the tomes, preventing any unauthorized viewings.",,,unreviewed,
Treant,2,0,0,2,Treant Muisek,,,unreviewed,
Treasures,2,0,0,2,Reclaimed Treasures,,,unreviewed,
Treatise,2,0,0,2,Ur's Treatise on Shadow Magic,,,unreviewed,
Treetender,2,1,1,0,Tharnariun Treetender,,,unreviewed,
Trek,2,0,0,2,Trek to Ashenvale,,,unreviewed,
Trelane,2,0,0,2,Trelane's Defenses,,,unreviewed,
Trenton,2,1,1,0,Trenton Lighthammer,,,unreviewed,
Triage,2,0,0,2,Triage,,,unreviewed,
Trianna,2,1,1,0,Trianna,,,unreviewed,
Tribal,2,0,0,2,Tribal Leatherworking,,,unreviewed,
Tribute,2,0,0,2,A King's Tribute,,,unreviewed,
Tristane,2,1,0,1,Tristane Shadowstone,,,unreviewed,
Trogg,2,0,0,2,The Trogg Threat,,,unreviewed,
Troggs,2,0,0,2,Those Blasted Troggs!,,,unreviewed,
Trol'kalar,2,0,0,2,Trol'kalar,,,unreviewed,
Tron,2,0,2,0,"Ah... a customer! Talk to my greatest invention, the Vendor-Tron 1000. He has all your needs... some of the rarest items you will ever find on the market anywhere in Kalimdor... not to mention that his programming will not allow any bargaining, so the price you see is the price you pay.",,,unreviewed,
Troubling,2,0,0,2,A Troubling Breeze,,,unreviewed,
Truly,2,0,2,0,"Truly, I envy you: To battle in the name of the Horde, at the forefront of conflict. Mine is a job of command.  Certainly, in my youth, I lived out the dreams that make my old age bearable. I now revel in the glory of victory, the bitter taste of defeat - all through the soldiers I command.",,,unreviewed,
Trust,2,0,2,0,"Greetings.  I am Chronos - He Who Never Forgets.  My memory is without flaw, and exact to the most minor detail.  Trust me.",,,unreviewed,
Tubers,2,0,0,2,Blueleaf Tubers,,,unreviewed,
Tucked,2,0,2,0,"Tucked away in the Mage Quarter, there is a little shop called Alchemy Needs.  You're bound to see all sort of strange shops on your way through the Mage Quarter, but if you stick to the outer rim you'll be sure to find it.",,,unreviewed,
Tumi,2,0,2,0,Stay away from Sumi and Tumi. They are....spoken for.,,,unreviewed,
Tumors,2,0,0,2,Tumors,,,unreviewed,
Tusks,2,0,0,2,Skullsplitter Tusks,,,unreviewed,
Tweaking,2,0,0,2,Razzeric's Tweaking,,,unreviewed,
Twenty,2,0,1,1,"Thrall's Grasp they called us: Twenty of Thrall's most accomplished and honored soldiers.  I had ordered the regiment to build an encampment here, on the border of the Blasted Lands, while we waited for our orders to arrive from Orgrimmar. Weeks passed without word from the warchief; the men grew restless.  It was a judgment call,  . I was young and ambitious, afraid of nothing. The battalion would set forth into the Blasted Lands under my command.  A decision I would later regret.",,,unreviewed,
Twing,2,1,1,0,Rutherford Twing,,,unreviewed,
U'cha,2,0,0,2,The Mighty U'cha,,,unreviewed,
Ug'thok,2,1,1,0,Ug'thok,,,unreviewed,
Ulag,2,0,0,2,Ulag the Cleaver,,,unreviewed,
Ulathek,2,1,1,0,Ulathek,,,unreviewed,
Uldum,2,0,0,2,Portents of Uldum,,,unreviewed,
Ulfir,2,1,0,1,Ulfir Ironbeard,,,unreviewed,
Ultra,2,0,2,0,"Welcome! Step right up, don't be shy. This here is my pride and joy... the Blastenheimer 5000 Ultra Cannon! Ain't she pretty? You look a little big around the mid section, but I think you'll fit. Flying is so much fun, want to learn how?",,,unreviewed,
Un'thuwa,2,0,0,2,Speak with Un'thuwa,,,unreviewed,
Undamaged,2,0,0,2,Undamaged Venom Sac,,,unreviewed,
Undaunted,2,0,2,0,"'Darnassae?'  The night elf druid looks at you expectantly, but it is clear you cannot verbally communicate with her.  Undaunted, she points to herself and smiles.  She points at you and smiles once more.  She finally motions several times down the path to the north.  Perhaps she is indicating that there is a druid you can speak to further up the road?",,,unreviewed,
Underbelly,2,0,0,2,Underbelly Scales,,,unreviewed,
Underground,2,0,0,2,Underground Assault,,,unreviewed,
Undoubtedly,2,0,0,2,Stalvan Mistmantle led a life of depravity. Innocent victims died by his hand. Undoubtedly he her premonition that led to this gruesome discovery. But Darkshire is safer because of her.,,,unreviewed,
Unexpected,2,0,2,0,Unexpected that you are all capable of such organization. Both the Alliance and the Horde have completed their preparations for the Ahn'Qiraj War. Even as we speak the materiel is being shipped over to Silithus and should all arrive within $2113w days. Then it is up to the one who is going to reassemble the Scepter of the Shifting Sands to beat on the gong at the Scarab Dais and open the gates of Ahn'Qiraj. That is when the war will truly begin!,,,unreviewed,
Unforged,2,0,0,2,<Vaelan's image blurs for a moment.> <The pieces that you had collected have disappeared.> The Unforged Seal disappeared.> The Unforged Seal of Ascension is now ready. It is time for the final step.,,,unreviewed,
Union,2,0,2,0,"Lots to do, lots to do! The Union's given us deadlines and they're not the sort you want to miss!",,,unreviewed,
Uniting,2,0,0,2,Uniting the Shattered Amulet,,,unreviewed,
Unless,2,0,2,0,"With the garments that Me'Lynn tailors, one might think that her needle was blessed by Elune herself.  Unless your needle is so blessed, you best pay her a visit and listen to her teachings.  You can find her in The Craftsmen's Terrace in northeastern Darnassus.",,,unreviewed,
Unraveling,2,0,0,2,Unraveling the Mystery,,,unreviewed,
Unrest,2,0,0,2,Spiritual Unrest,,,unreviewed,
Unwelcome,2,0,0,2,An Unwelcome Guest,,,unreviewed,
Upon,2,0,0,2,A Plague Upon Thee,,,unreviewed,
Uprising,2,0,0,2,Quell The Uprising,,,unreviewed,
Ursal,2,0,0,2,Ursal the Mauler,,,unreviewed,
Ursius,2,0,0,2,Ursius of the Shardtooth,,,unreviewed,
Urtrun,2,1,1,0,Urtrun Clanbringer,,,unreviewed,
Usurpers,2,0,0,2,Quell the Silverwing Usurpers,,,unreviewed,
Uthrar,2,1,1,0,Uthrar Threx,,,unreviewed,
Valor,2,0,0,2,The Tome of Valor,,,unreviewed,
Vast,2,0,0,2,"Deep Ocean, Vast Sea",,,unreviewed,
Vazario,2,1,0,1,Vazario Linkgrease,,,unreviewed,
Vejrek,2,0,0,2,Vejrek,,,unreviewed,
Vendetta,2,0,0,2,Falrin's Vendetta,,,unreviewed,
Vendor,2,0,2,0,"Ah... a customer! Talk to my greatest invention, the Vendor-Tron 1000. He has all your needs... some of the rarest items you will ever find on the market anywhere in Kalimdor... not to mention that his programming will not allow any bargaining, so the price you see is the price you pay.",,,unreviewed,
Vengeful,2,0,0,2,A Vengeful Fate,,,unreviewed,
Verifying,2,0,0,2,Verifying the Corruption,,,unreviewed,
Verog,2,0,0,2,Verog the Dervish,,,unreviewed,
Vessels,2,0,0,2,Dark Vessels,,,unreviewed,
Vestments,2,0,0,2,Vestments of the Oracle,,,unreviewed,
Vhan,2,1,1,0,Vhan,,,unreviewed,
Victories,2,0,0,2,Past Victories in Arathi,,,unreviewed,
Vigilant,2,0,0,2,Vodouisant's Vigilant Embrace,,,unreviewed,
Vilehoof,2,0,0,2,Vorlus Vilehoof,,,unreviewed,
Villains,2,0,0,2,Villains of Darrowshire,,,unreviewed,
Villainy,2,0,0,2,Blackfathom Villainy,,,unreviewed,
Violent,2,0,0,2,"When Smokey Sings, I Get Violent",,,unreviewed,
Vipore,2,1,0,1,Wing Commander Vipore,,,unreviewed,
Vodouisant,2,0,0,2,Vodouisant's Vigilant Embrace,,,unreviewed,
Void,2,0,0,2,Creature of the Void,,,unreviewed,
Volunteer,2,0,0,2,Volunteer's Battlegear,,,unreviewed,
Vorlus,2,0,0,2,Vorlus Vilehoof,,,unreviewed,
Vorn,2,1,0,1,Vorn Skyseer,,,unreviewed,
Vorsha,2,0,0,2,Vorsha the Lasher,,,unreviewed,
Vyletongue,2,0,0,2,Vyletongue Corruption,,,unreviewed,
Vyral,2,0,0,2,Vyral the Vile,,,unreviewed,
Vyrin,2,0,0,2,Vyrin's Revenge,,,unreviewed,
Wakening,2,0,0,2,The Relics of Wakening,,,unreviewed,
Waldor,2,1,1,0,Waldor,,,unreviewed,
Wanes,2,0,0,2,Mortality Wanes,,,unreviewed,
Wants,2,0,0,2,Ironband Wants You!,,,unreviewed,
Warlords,2,0,1,1,"No one really knows who made the Darkmoon Cards or what their true purpose is, but I can tell you that they have been found all over Azeroth, usually in the hands of a villain attempting to unlock their mysteries.There are four types of Darkmoon Cards; Beasts, Elementals, Portals and Warlords, with eight cards, Ace to Eight in each suit. If you collect all eight of one suit then you can turn them into a deck that you can give to our Professor Thaddeus Paleo in exchange for a powerful trinket.",,,unreviewed,
Warmongers,2,0,0,2,Crushridge Warmongers,,,unreviewed,
Warning,2,0,0,2,"Many thanks,  . This should shed some light on this warlocks' gathering... Hmm... the Cult of must be. There is no more time to delay. Warning must be delivered to Delgren immediately.",,,unreviewed,
Wars,2,0,0,2,Rig Wars,,,unreviewed,
Washed,2,0,0,2,Washed Ashore,,,unreviewed,
Wasteland,2,0,0,2,Wasteland,,,unreviewed,
Watching,2,0,2,0,"Woo Ping's stamina is simply astounding.  Watching him practice his weapon techniques for hours on end, I felt sorry for the practice dummy afterward.  I can't think of anyone better suited to train you in armed combat.",,,unreviewed,
Watchtowers,2,0,0,2,All Along the Watchtowers,,,unreviewed,
Waters,2,0,0,2,Waters of Xavian,,,unreviewed,
Ways,2,0,0,2,The Old Ways,,,unreviewed,
Weapon,2,0,0,2,Whirlwind Weapon,,,unreviewed,
Weaponry,2,0,0,2,Enchanted Azsharite Fel Weaponry,,,unreviewed,
Weaponsmith,2,0,0,2,The Way of the Weaponsmith,,,unreviewed,
Wear,2,0,0,2,"With this Holy Spring Water the ceremonial choker is ready for enchantment. Wear this with pride, pride,  , in the name of the Warchief and in defense of the mighty Horde.",,,unreviewed,
Weed,2,0,0,2,Doom Weed,,,unreviewed,
Weeks,2,0,2,0,"The humans built an inn on the edge of the Barrens. The Shady Rest, they called it. Weeks ago, it was burned down.  The Warchief told us to leave the humans alone, so long as they didn't cross our borders, but it appears someone violated his wishes.  He has put me in charge of getting to the bottom of it. If you wish to provide assistance, go to the remains of the Shady Rest Inn and return any clues you find to me.",,,unreviewed,
Wefhellt,2,1,0,1,Zaldimar Wefhellt,,,unreviewed,
Weightstone,2,0,0,2,Coarse Weightstone,,,unreviewed,
Wells,2,1,0,1,Temma of the Wells,,,unreviewed,
Westbrook,2,0,0,2,Westbrook Garrison Needs Help!,,,unreviewed,
Whateverosaur,2,0,0,2,Incendosaurs? Whateverosaur is More Like It,,,unreviewed,
Wheel,2,0,0,2,Wheel of the Black March,,,unreviewed,
White,2,0,0,2,White Mechanostrider Replacement,,,unreviewed,
Whulwert,2,1,0,1,Whulwert Copperpinch,,,unreviewed,
Wicked,2,0,0,2,Craftsman's Writ - Wicked Leather Headband,,,unreviewed,
Wilderness,2,0,0,2,The High Wilderness,,,unreviewed,
Wildshaper,2,0,0,2,"It became known to us in later days, as we were doing what we could she was ambushed at the Shrine of Eldretharr by Alzzin the Wildshaper and his forces.",,,unreviewed,
Willower,2,1,0,1,Claire Willower,,,unreviewed,
Windfury,2,0,0,2,Dangers of the Windfury,,,unreviewed,
Winds,2,0,0,2,Winds in the Desert,,,unreviewed,
Windseeker,2,0,0,2,Thunderaan the Windseeker,,,unreviewed,
Windwhisper,2,1,1,0,Kylanna Windwhisper,,,unreviewed,
Wine,2,0,0,2,Wine Shop Advert,,,unreviewed,
Wings,2,0,0,2,Barbecued Buzzard Wings,,,unreviewed,
Wiserunner,2,1,0,1,Seer Wiserunner,,,unreviewed,
Wishes,2,0,0,2,Bor Wishes to Speak,,,unreviewed,
Witchdoctor,2,0,0,2,The Troll Witchdoctor,,,unreviewed,
Witchery,2,0,0,2,Troll Witchery,,,unreviewed,
Wizzle,2,1,0,1,Wizzle Brassbolts,,,unreviewed,
Woods,2,0,0,2,Worgen in the Woods,,,unreviewed,
Worgen,2,0,0,2,Worgen in the Woods,,,unreviewed,
Workshop,2,0,0,2,Marvon's Workshop,,,unreviewed,
Wounded,2,0,0,2,Wounded Ancients,,,unreviewed,
Wrath,2,0,0,2,The Wrath of Neptulon,,,unreviewed,
Wrathcaster,2,1,1,0,Mataus the Wrathcaster,,,unreviewed,
Wrenchwhistle,2,0,0,2,Gerenzo Wrenchwhistle,,,unreviewed,
Wrists,2,0,0,2,Glacial Wrists,,,unreviewed,
Wynn,2,1,1,0,Malcomb Wynn,,,unreviewed,
Wynne,2,1,0,1,Wynne Larson,,,unreviewed,
Wytula,2,1,1,0,Acolyte Wytula,,,unreviewed,
Xavian,2,0,0,2,Waters of Xavian,,,unreviewed,
Xon'cha,2,0,2,0,Xon'cha will stable your extra pets.  Find him in the Valley of Honor at the stables between the arena and the Hunter's Hall.  Now begone!,,,unreviewed,
YEP,2,0,0,2,FIFTY! YEP!,,,unreviewed,
Yap,2,0,2,0,"Yap, I can teach ye to fish.",,,unreviewed,
Yarr,2,0,2,0,"A miner?  Ye don't need to ask if  lad : lass;, only where!  Yarr is who yer looking for, and I think ye can find him hiding out over in Steelgrill's Depot.",,,unreviewed,
Yep,2,0,2,0,"I keep 'em fed, kid. Yep, Daryl Riknussun, at yer service.",,,unreviewed,
Yet,2,0,2,0,"Here to learn about potions? I've got plenty to teach you. I might be dead, but I haven't lost my brains. Yet.",,,unreviewed,
Yori,2,1,0,1,Yori Crackhelm,,,unreviewed,
Yorick,2,2,0,0,Rane Yorick,,,unreviewed,
Yum,2,0,2,0,"A wondrous Winter's Veil to you... uh... little   boy : girl;.  Good children get special, um, discounts at any local Smokywood Pastures vendor.  Yum.",,,unreviewed,
Zaeldarr,2,0,0,2,Zaeldarr the Outcast,,,unreviewed,
Zamek,2,1,0,1,Zamek,,,unreviewed,
Zandalrian,2,0,0,2,Zandalrian Shadow Talisman,,,unreviewed,
Zapetta,2,1,1,0,Zapetta,,,unreviewed,
Zayus,2,1,1,0,Zayus,,,unreviewed,
Zeal,2,0,0,2,Hearts of Zeal,,,unreviewed,
Zealotry,2,0,0,2," , listen closely. Now that we have the brazier, and the means to light it, Hand in Eastern Plaguelands and retrieve a Brilliant Sword of Zealotry from the praetorians there.",,,unreviewed,
Zhevra,2,0,0,2,The Zhevra,,,unreviewed,
Zin,2,0,0,2,The Crystal of Zin-Malor,,,unreviewed,
Zog,2,1,1,0,General Zog,,,unreviewed,
Zombie,2,0,0,2,Zombie Juice,,,unreviewed,
Zora,2,0,0,2,Secrets of the Colossus - Zora,,,unreviewed,
Zug,2,0,2,0,"Zug zug, brave  !  I have the finest bred wolf mounts for you to peruse.  You'll not find another animal with the level of endurance and survival instincts that the wolf has anywhere!  Please, inspect them for yourself.",,,unreviewed,
Zul,2,0,0,2,The Altar of Zul,,,unreviewed,
Zulian,2,0,0,2,"Zulian, Razzashi, and Hakkari Coins",,,unreviewed,
A'moora,1,1,0,0,Priestess A'moora,,,unreviewed,
ANY,1,0,1,0,"Even if you somehow managed to free us without defeating C'Thun, we would focus all of our powers to see the beast banished back to the hell from whence it came - AT ANY COST.",,,unreviewed,
Aayndia,1,1,0,0,Aayndia Floralwind,,,unreviewed,
Abeqwa,1,1,0,0,Innkeeper Abeqwa,,,unreviewed,
Abraham,1,1,0,0,Deathguard Abraham,,,unreviewed,
Absolution,1,0,0,1,"Will you assist me, mortal? Will you find the prayer to Elune? As I stated, the its inhabitants, but my prayer must be heard. Absolution is the last thing I expect.",,,unreviewed,
Acceptance,1,0,0,1,Gaining Acceptance,,,unreviewed,
Accomplished,1,0,0,1,Mission Accomplished!,,,unreviewed,
Ace,1,0,1,0,"No one really knows who made the Darkmoon Cards or what their true purpose is, but I can tell you that they have been found all over Azeroth, usually in the hands of a villain attempting to unlock their mysteries.There are four types of Darkmoon Cards; Beasts, Elementals, Portals and Warlords, with eight cards, Ace to Eight in each suit. If you collect all eight of one suit then you can turn them into a deck that you can give to our Professor Thaddeus Paleo in exchange for a powerful trinket.",,,unreviewed,
Adam,1,1,0,0,Adam Lind,,,unreviewed,
Adamant,1,1,0,0,Deathstalker Adamant,,,unreviewed,
Addle,1,0,0,1,So yeah... um... I might know something 'bout that meeting at Addle's Stead. Happened a came out of Menethil; guy called Slim. That's all I know regarding their backup plan.,,,unreviewed,
Adegwa,1,1,0,0,Innkeeper Adegwa,,,unreviewed,
Aegwynn,1,0,1,0,"Progeny of Aegwynn, he that would be the last Guardian of Tirisfal... Medivh.",,,unreviewed,
Aged,1,0,0,1,"Aged in the barrel, filtered through coal It passes your lips and right through your soul. So lets us drink now, a toast to you And me while we're at it, Grimbooze Thunderbrew!",,,unreviewed,
Ageron,1,1,0,0,Ageron Kargal,,,unreviewed,
Agnar,1,1,0,0,Agnar Beastamer,,,unreviewed,
Agustus,1,1,0,0,Agustus Moulaine,,,unreviewed,
Ahanu,1,1,0,0,Ahanu,,,unreviewed,
Ain't,1,0,1,0,"Welcome! Step right up, don't be shy. This here is my pride and joy... the Blastenheimer 5000 Ultra Cannon! Ain't she pretty? You look a little big around the mid section, but I think you'll fit. Flying is so much fun, want to learn how?",,,unreviewed,
Al'Ameth,1,0,1,0,All the fisherman have moved to Darnassus with the recent attacks around Lake Al'Ameth.  You should try looking for someone to train you there.,,,unreviewed,
Alamar,1,1,0,0,Alamar Grimm,,,unreviewed,
Aldamort,1,1,0,0,Azore Aldamort,,,unreviewed,
Aldrassil,1,0,0,1,"It is time for you to set out to seek your destiny,  . But before Go to the moonwell north of Aldrassil and return me a phial of its water.",,,unreviewed,
Aldric,1,1,0,0,Aldric Moore,,,unreviewed,
Alenndaar,1,1,0,0,Alenndaar Lapidaar,,,unreviewed,
Alexander,1,1,0,0,Alexander Calder,,,unreviewed,
Alexia,1,1,0,0,Alexia Ironknife,,,unreviewed,
Alexston,1,1,0,0,Baros Alexston,,,unreviewed,
Algernon,1,0,1,0,"With Algernon to keep me supplied, I can do all my work here without hunting for a single herb. If I never have to see the wonders of nature again, it won't be too soon.",,,unreviewed,
Allan,1,1,0,0,Allan Hafgan,,,unreviewed,
Allies,1,0,0,1,Myzrael's Allies,,,unreviewed,
Allister,1,1,0,0,Shadow Priest Allister,,,unreviewed,
Almighty,1,1,0,0,Niby the Almighty,,,unreviewed,
Almost,1,0,1,0,"I'm never too busy to speak to a stranger! Almost never, anyway...",,,unreviewed,
Already,1,0,0,1,"I am freed,  ! I can now see with my own eyes the changes that Athrikus, still lives... Already my feelings of hopelessness will give way into thoughts of vengeance.",,,unreviewed,
Alrighty,1,0,1,0,"Alrighty then! So I was down at the lava pits of the Molten Span, testing out my lava suit. Everything was going great. I was even able to swim around in that stuff without suffering a single injury!  So there I am, minding my own business, doing a few backstrokes, when out of nowhere this thing swallows me up whole! Had it not been for my lava suit and built in food pellet dispenser, I would have been done for!",,,unreviewed,
Alyissia,1,1,0,0,Alyissia,,,unreviewed,
Alyssa,1,1,0,0,Alyssa Griffith,,,unreviewed,
Amakkar,1,1,0,0,Karang Amakkar,,,unreviewed,
Aman,1,0,1,0,"Kar Aman,  . You look to be a strong  --you would do well to mind yourself in this area. Touching things you know nothing about, or showing disrespect to your elders is just cause for punishment.  You may not respect me or my companions, but you will learn to respect our power if you prove foolish enough.  Now, enough with the pleasantries, was there something I can do for you?",,,unreviewed,
Amaze,1,0,1,0,"Greetings my friend, and welcome to the greatest show on Azeroth!  Please, step right up and take in all we have to offer.  Amaze at the wonders that the Darkmoon Faire has uncovered in this vast and mysterious world!  We have spared no expense in bringing you excitement that children of all ages will delight in!",,,unreviewed,
Amberhide,1,1,0,0,Thalia Amberhide,,,unreviewed,
Ambushers,1,0,0,1,Target: Hive'Regal Ambushers,,,unreviewed,
Amends,1,0,0,1,Making Amends,,,unreviewed,
Amiable,1,1,0,0,Artorius the Amiable,,,unreviewed,
Ancestral,1,1,0,0,Ancestral Spirit,,,unreviewed,
Ander,1,1,0,0,Ander Germaine,,,unreviewed,
Anderson,1,1,0,0,Innkeeper Anderson,,,unreviewed,
Andi,1,1,0,0,Andi Lynn,,,unreviewed,
Andorgos,1,1,0,0,Andorgos,,,unreviewed,
Andre,1,0,0,1,WANTED: Andre Firebeard,,,unreviewed,
Andrean,1,1,0,0,Raleigh Andrean,,,unreviewed,
Andrew,1,1,0,0,Andrew Brownell,,,unreviewed,
Androl,1,1,0,0,Androl Oakhand,,,unreviewed,
Andruk,1,1,0,0,Andruk,,,unreviewed,
Anger'rel,1,1,0,0,Anger'rel,,,unreviewed,
Angling,1,0,1,0,"We already have a winner for our contest, but Jang is willing to purchase any Tastyfish that you have fished up!There is always next Sunday for you to show your Angling skill!",,,unreviewed,
Anishar,1,1,0,0,Anishar,,,unreviewed,
Answer,1,0,1,0,"I made a lot of the things you see in the store. What do you think? Answer carefully, your life may depend on it.",,,unreviewed,
Antur,1,1,0,0,Antur Fallow,,,unreviewed,
Appease,1,0,1,0,"You wish to learn the old craft?  You wish to smelt dark iron?  Appease me,  .  Show me a sacrifice and I will consider it!",,,unreviewed,
Aquanis,1,0,0,1,Baron Aquanis,,,unreviewed,
Aquinne,1,1,0,0,Sister Aquinne,,,unreviewed,
Arachnophobia,1,0,0,1,Arachnophobia,,,unreviewed,
Arantir,1,1,0,0,Arantir,,,unreviewed,
Arboretum,1,0,1,0,"Ya man, you be wantin Jandi's Arboretum.  Did I just say that?  Glok'tar I must be tired!  Follow the wooden steps behind Asoran's Market in the Valley of Wisdom up into The Drag and you'll find Jandi's there on the upper level.",,,unreviewed,
Arcana,1,0,0,1,Leggings of Arcana,,,unreviewed,
Arcanus,1,1,0,0,Gunther Arcanus,,,unreviewed,
Arctic,1,0,0,1,Wolf Swapping - Arctic Wolf,,,unreviewed,
Ardus,1,1,0,0,Gregory Ardus,,,unreviewed,
Ardwyn,1,1,0,0,Ardwyn Cailen,,,unreviewed,
Argelmach,1,0,0,1,What is this?!? This head is not flesh. This is some sort of dark iron of Argelmach will be short lived as another shall rise to take 'its' place soon.,,,unreviewed,
Argos,1,1,0,0,Argos Nightwhisper,,,unreviewed,
Arias'ta,1,1,0,0,Arias'ta Bladesinger,,,unreviewed,
Ariena,1,1,0,0,Ariena Stormfeather,,,unreviewed,
Aright,1,0,1,0,"Aright *hic*... Say, you look familiar *hic*. Have I ever told you about the time me and Windsor fought off thir, er... a thous... a million orcs?  Oh settle down friend, this is a good one!",,,unreviewed,
Arko'narin,1,1,0,0,Captured Arko'narin,,,unreviewed,
Armand,1,1,0,0,Armand Cromwell,,,unreviewed,
Armorfish,1,0,0,1,Craftsman's Writ - Plated Armorfish,,,unreviewed,
Army,1,0,1,0,"By the grace of Elune, I am pleased to offer you the finest steed found anywhere in Teldrassil, and perhaps the world - the nightsaber.  For years, the Sentinel Army has relied on the value of these companions.  Take your time friend and examine each one to your satisfaction.  I am sure you will not be disappointed.",,,unreviewed,
Arnak,1,0,0,1,Wanted - Arnak Grimtotem,,,unreviewed,
Arr,1,0,1,0,Arr!   There be nothin I like to see better than folks fightin to the death in the arena.   If you be here at the right time maybe you can be one of them!,,,unreviewed,
Arrows,1,0,0,1,Arrows Are For Sissies,,,unreviewed,
Artilleryman,1,1,0,0,Artilleryman Sheldonore,,,unreviewed,
Artisan,1,0,1,0,"What do I look like, the Grand Poobah of enchanters? Your skills require the guidance of an Artisan! Go find Kitta Firewind at the Tower of Azora.",,,unreviewed,
Artorius,1,1,0,0,Artorius the Amiable,,,unreviewed,
Arynia,1,1,0,0,Sentinel Arynia Cloudsbreak,,,unreviewed,
Ashcrombe,1,1,0,0,Sorcerer Ashcrombe,,,unreviewed,
Aspect,1,0,1,0,"Perhaps I should tell you why I am here.  Do you know of the Aspect, Deathwing? Or of his progeny, Nefarian and Onyxia?",,,unreviewed,
Aspiring,1,0,1,0,Aspiring to join our ranks one day?  Sark Ragetotem can help you on your way.  He's in the Hunter's Hall.,,,unreviewed,
Astor,1,1,0,0,Astor Hadren,,,unreviewed,
Astral,1,0,0,1,Astral Knot Garment,,,unreviewed,
Athramanis,1,1,0,0,Athramanis,,,unreviewed,
Athridas,1,1,0,0,Athridas Bearmantle,,,unreviewed,
Aturk,1,1,0,0,Aturk the Anvil,,,unreviewed,
Auld,1,1,0,0,Auld Stonespire,,,unreviewed,
Avast,1,0,0,1,"Avast Ye, Scallywag",,,unreviewed,
Awaiting,1,0,0,1,Awaiting Word,,,unreviewed,
Axehand,1,1,0,0,Kathrum Axehand,,,unreviewed,
Aynasha,1,1,0,0,Sentinel Aynasha,,,unreviewed,
Ayrole,1,1,0,0,Jalane Ayrole,,,unreviewed,
Azore,1,1,0,0,Azore Aldamort,,,unreviewed,
Azuregos,1,0,0,1,Azuregos's Magical Ledger,,,unreviewed,
Azureload,1,0,0,1,"The Hillsbrad Town Registry indicates that the Azureload Mine is under Alliance control. Furthermore, the Bonds. Kill his miners as well. That should send a clear message to the Alliance.",,,unreviewed,
BONY,1,0,1,0,"Are you daft? Did you miss the BONY SKELETAL CREATURES littering the landscape on your way over here?  <Rohan sighs.>  If you're the outdoor type, you'll find skeletal creatures all over both the Western and Eastern Plaguelands. Trust me, you can't miss 'em - they certainly won't miss you if they get the chance.  If you're a dungeon type, Stratholme and Scholomance are definitely the place to be for bone fragments.",,,unreviewed,
BOOM,1,0,1,0,"If you insert tab A into slot B then of course it's going to go BOOM! Here, let me show you what I have and then you can ask Lilliam about how to put it together so it doesn't blow up.",,,unreviewed,
Baelog,1,1,0,0,Baelog,,,unreviewed,
Bagley,1,1,0,0,Harlan Bagley,,,unreviewed,
Bailiff,1,1,0,0,Bailiff Conacher,,,unreviewed,
Baker,1,0,1,0,Have you tried our bread? Baker Masterson must be the most gifted chef to have ever lived!,,,unreviewed,
Baldruc,1,1,0,0,Baldruc,,,unreviewed,
Balir,1,1,0,0,Balir Frosthammer,,,unreviewed,
Barak,1,0,1,0,"You've not had a steed until you've taken the reigns of a finely bred Barak Tor'ol mountain ram, my friend.  Please, feel free to inspect these fine companions to any adventurer.  They'll serve you well, believe me.",,,unreviewed,
Barding,1,0,0,1,Blessed Arcanite Barding,,,unreviewed,
Bardu,1,1,0,0,Bardu Sharpeye,,,unreviewed,
Baren,1,1,0,0,Dockmaster Baren,,,unreviewed,
Bargain,1,0,0,1,A Blue Light Bargain,,,unreviewed,
Barin,1,1,0,0,Senator Barin Redstone,,,unreviewed,
Baristolth,1,1,0,0,Baristolth of the Shifting Sands,,,unreviewed,
Baritanas,1,1,0,0,Baritanas Skyriver,,,unreviewed,
Barithras,1,1,0,0,Barithras Moonshade,,,unreviewed,
Barkeep,1,1,0,0,Barkeep Daniels,,,unreviewed,
Barnaby,1,1,0,0,Harlo Barnaby,,,unreviewed,
Barnil,1,1,0,0,Barnil Stonepot,,,unreviewed,
Baros,1,1,0,0,Baros Alexston,,,unreviewed,
Barrow,1,0,1,0,"Omen sleeps in the depths of Lake Elune'ara, but may be summoned at the southeast banks near the Stormrage Barrow Dens.  There, you will find special cluster launchers...  Use your rockets in the launchers and Omen's minions will come.  Fire more rockets, nearly three dozen, or fire Elune's candles at his minions, and soon he will awaken.",,,unreviewed,
Bartholomew,1,1,0,0,Deathguard Bartholomew,,,unreviewed,
Basil,1,1,0,0,Basil Frye,,,unreviewed,
Bates,1,1,0,0,Innkeeper Bates,,,unreviewed,
Bath'rah,1,1,0,0,Bath'rah the Windwatcher,,,unreviewed,
Batol,1,0,1,0,"The life of a smith is not an easy one, but it puts steel in yer bones and fire in yer heart. My da' was a smith, my grandfather before him in the forges beneath Grim Batol. And now my son follows in our footsteps, that boy makes me proud.",,,unreviewed,
Batrider,1,1,0,0,Batrider Pele'keiki,,,unreviewed,
Battleaxe,1,0,0,1,Craftsman's Writ - Huge Thorium Battleaxe,,,unreviewed,
Bearded,1,0,0,1,Crocolisk Boy and the Bearded Murloc,,,unreviewed,
Bearingshiner,1,1,0,0,Wizlo Bearingshiner,,,unreviewed,
Bearmantle,1,1,0,0,Athridas Bearmantle,,,unreviewed,
Beastamer,1,1,0,0,Agnar Beastamer,,,unreviewed,
Beasts,1,0,1,0,"No one really knows who made the Darkmoon Cards or what their true purpose is, but I can tell you that they have been found all over Azeroth, usually in the hands of a villain attempting to unlock their mysteries.There are four types of Darkmoon Cards; Beasts, Elementals, Portals and Warlords, with eight cards, Ace to Eight in each suit. If you collect all eight of one suit then you can turn them into a deck that you can give to our Professor Thaddeus Paleo in exchange for a powerful trinket.",,,unreviewed,
Beaten,1,1,0,0,Beaten Corpse,,,unreviewed,
Beetix,1,1,0,0,Beetix Ficklespragg,,,unreviewed,
Begun,1,0,0,1,The Journey Has Just Begun,,,unreviewed,
Behind,1,0,1,0,"Behind me is the Altar of Zanza, a sacred place for us Zandalar.  We pray here to bolster our resolve in preparation for war against the Blood God, Hakkar.  Prove yourself to the tribe by using the altar to destroy any of the Hakkari Bijous you might find inside Zul'Gurub.  Also, I will trade you Honor Tokens our tribe uses for sets of coins you may find in Zul'Gurub.  Bring me the coins that I seek, and you will be rewarded!",,,unreviewed,
Being,1,0,1,0,"Being part of the Explorers' League, I've been hunting for artifacts in the area. Winterspring is said to contain very magical items... Most are highly guarded.",,,unreviewed,
Beitha,1,1,0,0,Lieutenant Beitha,,,unreviewed,
Bel'varil,1,1,0,0,Keeper Bel'varil,,,unreviewed,
Beldin,1,1,0,0,Beldin Steelgrill,,,unreviewed,
Beldruk,1,1,0,0,Beldruk Doombrow,,,unreviewed,
Believing,1,0,0,1,Still Believing,,,unreviewed,
Belm,1,1,0,0,Innkeeper Belm,,,unreviewed,
Belnistrasz,1,1,0,0,Belnistrasz,,,unreviewed,
Beltis,1,1,0,0,Captain Vanessa Beltis,,,unreviewed,
Ben,1,1,0,0,Ben Trias,,,unreviewed,
Benedictus,1,1,0,0,Archbishop Benedictus,,,unreviewed,
Bengor,1,1,0,0,Bengor,,,unreviewed,
Benjamin,1,1,0,0,Brother Benjamin,,,unreviewed,
Bera,1,1,0,0,Bera Stonehammer,,,unreviewed,
Bernard,1,1,0,0,Bernard Gump,,,unreviewed,
Bernice,1,1,0,0,"""Auntie"" Bernice Stonefield",,,unreviewed,
Berton,1,1,0,0,Guard Berton,,,unreviewed,
Beshere,1,1,0,0,Llane Beshere,,,unreviewed,
Betrayer,1,0,0,1,"After the Battle of Mount Hyjal, we were without direction. Nordrassil smoked from the fire Betrayer was freed from his prison, and Shan'do Stormrage disappeared. A dark time for all.",,,unreviewed,
Bibbly,1,1,0,0,Bibbly F'utzbuckle,,,unreviewed,
Bibilfaz,1,1,0,0,Bibilfaz Featherwhistle,,,unreviewed,
Bigglefuzz,1,1,0,0,Crane Operator Bigglefuzz,,,unreviewed,
Biggs,1,1,0,0,Watcher Biggs,,,unreviewed,
Bijous,1,0,1,0,"Behind me is the Altar of Zanza, a sacred place for us Zandalar.  We pray here to bolster our resolve in preparation for war against the Blood God, Hakkar.  Prove yourself to the tribe by using the altar to destroy any of the Hakkari Bijous you might find inside Zul'Gurub.  Also, I will trade you Honor Tokens our tribe uses for sets of coins you may find in Zul'Gurub.  Bring me the coins that I seek, and you will be rewarded!",,,unreviewed,
Bilban,1,1,0,0,Bilban Tosslespanner,,,unreviewed,
Bilger,1,1,0,0,Brewmeister Bilger,,,unreviewed,
Billibub,1,1,0,0,Billibub Cogspinner,,,unreviewed,
Binder,1,0,0,1,"Without the blessings of Alexstrasza the Life-Binder and Nozdormu the Timeless, Teldrassil's growth has not deliver to Darnassus. Bring it to Fandral Staghelm, you will find him in the druid grove.",,,unreviewed,
Binjy,1,1,0,0,Binjy Featherwhistle,,,unreviewed,
Birgitte,1,1,0,0,Birgitte Cranston,,,unreviewed,
Bitter,1,0,0,1,Bitter Rivals,,,unreviewed,
Bizarre,1,0,1,0,"Welcome!  Welcome to Yebb Neblegear's Darkmoon Zoo Bizarre - a Trove of Living Legends and Mythical Oddities!  Enjoy your visit, friend!  But be mindful of what you touch!  These exhibits hold artifacts and beasts both dire and divine!  They might burn the wayward hand of an over-curious onlooker...",,,unreviewed,
Blackhand,1,0,1,0,"Rend, son of Blackhand: Impotent chieftain of the Blackrock clan. A more stubborn bastard does not exist.  At the end of the second War, Rend and his brother, Maim, fled to find sanctuary within the mountainous stronghold of Blackrock Spire. It was there that Rend declared himself Warchief of the weakened Blackrock clan.",,,unreviewed,
Blacklash,1,0,0,1,"The black dragonflight continues to ally with the renegade Blackrock orcs, and both must be removed. With Blacklash and Hematus dead, we can turn our attentions westwards, towards Blackrock Spire.",,,unreviewed,
Blackpool,1,1,0,0,Marduk Blackpool,,,unreviewed,
Blacksmiths,1,0,1,0,Don't see many Blacksmiths this far from Ironforge. What can I do for ye?,,,unreviewed,
Blades,1,0,0,1,Warsong Saw Blades,,,unreviewed,
Bladeshadow,1,1,0,0,Rokar Bladeshadow,,,unreviewed,
Bladeweaver,1,1,0,0,Thyn'tel Bladeweaver,,,unreviewed,
Blast,1,0,0,1,Blast the nerve of Firallon! He couldn't sail a skiff through Crystal Lake let alone to Firallon's landing spot and assassinate the Bloodsail leadership. Their fleet will sink soon after....,,,unreviewed,
Bless,1,0,0,1,"Bless their hearts, most of them have no families because of the Scourge attacks in so I can sew clothes for the kids, that would help me out so much.",,,unreviewed,
Blessings,1,0,1,0,"It is no light endeavor upon which you embark  .  To get to Warsong Gulch you will want to speak to Aethalas, the Battlemaster of the Silverwing Sentinels.  She will guide your way.  Blessings of the Goddess be with you!",,,unreviewed,
Bloodclaw,1,1,0,0,Kurden Bloodclaw,,,unreviewed,
Bloodguard,1,1,0,0,Bloodguard Rawtar,,,unreviewed,
Bloodpike,1,1,0,0,Nazeer Bloodpike,,,unreviewed,
Bloodrager,1,0,0,1,Korrak the Bloodrager,,,unreviewed,
Bloodthirst,1,0,0,1,Breastplate of Bloodthirst,,,unreviewed,
Bluewind,1,1,0,0,Eridan Bluewind,,,unreviewed,
Bluntnose,1,1,0,0,Magistrate Bluntnose,,,unreviewed,
Boat,1,0,0,1,Boat Wreckage,,,unreviewed,
Boff,1,0,0,1,"From the Horde's alliance with the dragon Deathwing during the Second War, we know that overwhelming us and taking it for himself. Go to Camp Boff and take it back!",,,unreviewed,
Bologna,1,0,0,1,Holy Bologna: What the Light Won't Tell You,,,unreviewed,
Bolyun,1,1,0,0,Bolyun,,,unreviewed,
Bom'bay,1,1,0,0,Bom'bay,,,unreviewed,
Bomb,1,0,0,1,Flash Bomb Recipe,,,unreviewed,
Bonds,1,0,0,1,"The Hillsbrad Town Registry indicates that the Azureload Mine is under Alliance control. Furthermore, the Bonds. Kill his miners as well. That should send a clear message to the Alliance.",,,unreviewed,
Bonnie,1,1,0,0,Bonnie Stoneflayer,,,unreviewed,
Bookie,1,0,0,1,Bookie Herod,,,unreviewed,
Boombellow,1,1,0,0,Mountaineer Boombellow,,,unreviewed,
Boomstick,1,0,1,0,The Orgrimmar Auction House is in the Valley of Strength.  Look for it on the east side next to Boomstick Imports.,,,unreviewed,
Boorand,1,1,0,0,Innkeeper Boorand Plainswind,,,unreviewed,
Boran,1,1,0,0,Karl Boran,,,unreviewed,
Borrelson,1,1,0,0,Thorgrum Borrelson,,,unreviewed,
Bottles,1,0,0,1,Venom Bottles,,,unreviewed,
Boughman,1,1,0,0,Crystal Boughman,,,unreviewed,
Bow,1,0,1,0,"Bow in my presence, insect! Surely you can feel the power I hold over you.",,,unreviewed,
Box,1,0,0,1,50 Tickets - Darkmoon Storage Box,,,unreviewed,
Bracer,1,0,0,1,Imperial Plate Bracer,,,unreviewed,
Brakkar,1,1,0,0,Brakkar,,,unreviewed,
Brakthel,1,1,0,0,Vosur Brakthel,,,unreviewed,
Brandy,1,0,1,0,"Ah, my sweet Brandy, I miss her so!",,,unreviewed,
Brannock,1,1,0,0,Brannock,,,unreviewed,
Brash,1,0,1,0,Brash. Master Ravenholdt does not like brash.,,,unreviewed,
Braved,1,0,0,1,"Braug sent you? Impossible. <Parqual looks you up and down.> Braved Dor'Danil, took a leap of faith, you think you have what it takes to pass my test. So be it...  .",,,unreviewed,
Brawn,1,1,0,0,Brawn,,,unreviewed,
Breanna,1,1,0,0,Chef Breanna,,,unreviewed,
Breezesong,1,1,0,0,Jannok Breezesong,,,unreviewed,
Bremen,1,1,0,0,Khelden Bremen,,,unreviewed,
Brenlow,1,1,0,0,Joachim Brenlow,,,unreviewed,
Brewmeister,1,1,0,0,Brewmeister Bilger,,,unreviewed,
Breyk,1,1,0,0,Breyk,,,unreviewed,
Brianna,1,1,0,0,Innkeeper Brianna,,,unreviewed,
Brightcloth,1,0,0,1,Craftsman's Writ - Brightcloth Pants,,,unreviewed,
Brightwood,1,0,0,1,"Darkness seems drawn inexorably to Duskwood. Master Carevin's quest is the expulsion of evil and your skills against the Nightbane Shadow Weaver worgen in Brightwood Grove--bright, hah!--and the Rotting Orchard.",,,unreviewed,
Broadleaf,1,1,0,0,Orendil Broadleaf,,,unreviewed,
Brohann,1,1,0,0,Brohann Caskbelly,,,unreviewed,
Brokering,1,0,0,1,The Brokering of Peace,,,unreviewed,
Bromos,1,1,0,0,Bromos Grummner,,,unreviewed,
Brondir,1,1,0,0,Shellei Brondir,,,unreviewed,
Bronn,1,1,0,0,Bronn Fitzwrench,,,unreviewed,
Brood,1,0,1,0,"Heroes of the Brood? C'Thun must be banished! We can assist you, mortal!",,,unreviewed,
Brooke,1,1,0,0,Brooke Stonebraid,,,unreviewed,
Bryan,1,1,0,0,Bryan Cross,,,unreviewed,
Bucket,1,0,0,1,Fish in a Bucket,,,unreviewed,
Bucksquick,1,1,0,0,Snurk Bucksquick,,,unreviewed,
Bulkrek,1,1,0,0,Bulkrek Ragefist,,,unreviewed,
Burch,1,1,0,0,Eunice Burch,,,unreviewed,
Burgess,1,1,0,0,Deathguard Burgess,,,unreviewed,
Burlguard,1,1,0,0,Harry Burlguard,,,unreviewed,
Burrowers,1,0,0,1,Target: Hive'Regal Burrowers,,,unreviewed,
Bushy,1,0,0,1,Soft Bushy Tails,,,unreviewed,
Buzzbox,1,0,0,1,Buzzbox 827,,,unreviewed,
Byron,1,1,0,0,Guard Byron,,,unreviewed,
Byula,1,1,0,0,Innkeeper Byula,,,unreviewed,
C'mon,1,0,1,0,"E'ko is da power dat each creatures possesses. Da charm I made for ya allows you ta capture it in a physical manifestation.  I know an incantation dat can transform da e'ko you find, and turn it into juju.  You can den take the Cache of Mau'ari, an' use it ta reflect da power of da juju onto yourself.  C'mon, give it a try. Bring da e'ko ta Mau'ari an' we have some fun.",,,unreviewed,
C'n,1,0,0,1,"We was spyin' on some of the Dark Iron dwarves that've bunkered down south of I am. Narm needs help, an' I'll not rest till he gets it. C'n ya help,  ?",,,unreviewed,
CAN,1,0,1,0,"Well well, not too bad. Maybe I CAN show you a few things...",,,unreviewed,
COST,1,0,1,0,"Even if you somehow managed to free us without defeating C'Thun, we would focus all of our powers to see the beast banished back to the hell from whence it came - AT ANY COST.",,,unreviewed,
CREATURES,1,0,1,0,"Are you daft? Did you miss the BONY SKELETAL CREATURES littering the landscape on your way over here?  <Rohan sighs.>  If you're the outdoor type, you'll find skeletal creatures all over both the Western and Eastern Plaguelands. Trust me, you can't miss 'em - they certainly won't miss you if they get the chance.  If you're a dungeon type, Stratholme and Scholomance are definitely the place to be for bone fragments.",,,unreviewed,
Caelyb,1,1,0,0,Caelyb,,,unreviewed,
Cailen,1,1,0,0,Ardwyn Cailen,,,unreviewed,
Calandrath,1,1,0,0,Calandrath,,,unreviewed,
Calder,1,1,0,0,Alexander Calder,,,unreviewed,
Caliph,1,0,0,1,WANTED: Caliph Scorpidsting,,,unreviewed,
Cap,1,0,0,1,Cap of the Scarlet Savant,,,unreviewed,
Caravaneer,1,1,0,0,Caravaneer Ruzzgot,,,unreviewed,
Carlson,1,1,0,0,Merideth Carlson,,,unreviewed,
Carnie,1,1,0,0,Darkmoon Faire Carnie,,,unreviewed,
Carolyn,1,1,0,0,Carolyn Ward,,,unreviewed,
Cartel,1,0,1,0,"Welcome to Booty Bay, partner.  I hope your stay in my town is enjoyable and uneventful - emphasis on the latter.  We've got plenty of drink if you're thirsty, and plenty of bouncers if you're antsy.  Now then... what can this humble servant of the Steamwheedle Cartel do for you?  Better still - what can you do for me, eh?",,,unreviewed,
Cascades,1,0,0,1,As Water Cascades,,,unreviewed,
Caskbelly,1,1,0,0,Brohann Caskbelly,,,unreviewed,
Cassius,1,1,0,0,Brother Cassius,,,unreviewed,
Catelyn,1,1,0,0,Catelyn the Blade,,,unreviewed,
Catherine,1,1,0,0,Catherine Leland,,,unreviewed,
Caught,1,0,0,1,"Caught him, huh? Good for you. I'm surprised that was Slim. I'll be honest, I never service to you while you were in Menethil. If you need anything else, just ask.",,,unreviewed,
Caylais,1,1,0,0,Caylais Moonfeather,,,unreviewed,
Cedrik,1,1,0,0,Cedrik Prose,,,unreviewed,
Celestial,1,0,0,1,Celestial Power,,,unreviewed,
Cemetery,1,0,0,1," , I'm getting reports of an undead infestation in the forest! If you're up to of Darkshire, in and around Tranquil Gardens Cemetery. The undead must be driven from Duskwood!",,,unreviewed,
Cenarian,1,0,1,0," , I've come to find out how rampant the effects of Fel Moss are throughout Darkshore. The corruption of Teldrassil and our surrounding lands really concerns the druids of the Cenarian Circle, and all Night elves.  It is my goal to find out why this has happened and to put an end to it.",,,unreviewed,
Cerellean,1,1,0,0,Cerellean Whiteclaw,,,unreviewed,
Chambers,1,1,0,0,Jessica Chambers,,,unreviewed,
Charles,1,1,0,0,Gregory Charles,,,unreviewed,
Charred,1,0,0,1,Reclaiming the Charred Vale,,,unreviewed,
Charys,1,1,0,0,Charys Yserian,,,unreviewed,
Cherry,1,0,1,0,Cherry pie is my favoritist food in all of Azeroth.,,,unreviewed,
Chips,1,0,0,1,I've Got A Fever For More Bone Chips,,,unreviewed,
Chitin,1,0,0,1,Under the Chitin Was...,,,unreviewed,
Chok'sul,1,0,0,1,WANTED: Chok'sul,,,unreviewed,
Chong,1,1,0,0,Jaxin Chong,,,unreviewed,
Chowder,1,0,1,0,"I must say, Booty Bay has the best Clam Chowder to be had anywhere in the South Seas. Oh, not interested in cuisine eh? Well then let me be the first to welcome you to the berth of the Maiden's Fancy, the finest passenger ship to travel between the Eastern Kingdoms and Kalimdor. She's due back for another trip to Ratchet soon, so make yourself comfortable till she arrives.",,,unreviewed,
Christopher,1,1,0,0,Christopher Drakul,,,unreviewed,
Chronormu,1,0,1,0,"Hello there,  .  I am known as Chronormu, but you may call me Chromie.  I am comfortable with such familiarity.  Now - how did I know your name, you ask?  I am one of the bronze dragonflight, forever attuned to the ebb and flow of time.  You could say that we have met before.  To that end, we shall also meet again.  I hope that my choice of visual demeanor does not disturb you; while I might be charged to be a sentry of sorrowful places, I choose not to drown in the sorrow of the locale.",,,unreviewed,
Citizen,1,1,0,0,Caer Darrow Citizen,,,unreviewed,
Clarice,1,1,0,0,Clarice Foster,,,unreviewed,
Clarise,1,1,0,0,Clarise Gnarltree,,,unreviewed,
Claude,1,1,0,0,Claude Erksine,,,unreviewed,
Clawhoof,1,1,0,0,Harb Clawhoof,,,unreviewed,
Clayhoof,1,1,0,0,Stoneguard Clayhoof,,,unreviewed,
Cleanse,1,0,1,0,Cleanse your hands before you begin any project. Staining the leather with blood or dirt would take away from its natural beauty.,,,unreviewed,
Clearly,1,0,1,0,"What am I doing?  Do you lack vision?  I am a dreamer, good   sir : lady;, and I dream of a better future for us all.  Clearly, I am a visionary.  There are those, however, who seek to keep us mired in banality.  I told him that I was a dreamer, and Arch Druid Staghelm replied, 'Well, the world needs ditch diggers too.'  Until such time as the shackles of banality are ripped from us, I will help the Cenarion Circle by shuffling these piles of dirt around.",,,unreviewed,
Cliffs,1,0,0,1,Bloodsail Buccaneers attacking Booty Bay? They might as well throw themselves off the Overlook Cliffs. you have done my fleet of swashbucklers a great service. The Blackwater Raiders thank you.,,,unreviewed,
Cliffwatcher,1,1,0,0,Cliffwatcher Longhorn,,,unreviewed,
Close,1,0,1,0,"Close, but no cigar! I'm afraid you'll have to talk to my sis, Jemma first. After she's gone over the basics with you, come see me and I'll show you the juicy stuff!",,,unreviewed,
Clothiers,1,0,1,0,Hmm... the things you need to learn are a little above my head. Have a talk with Sellandus over at Larson's Clothiers just up the path to the right. He taught me everything I know!,,,unreviewed,
Cloud,1,1,0,0,Cloud Skydancer,,,unreviewed,
Cloudmane,1,1,0,0,Brave Cloudmane,,,unreviewed,
Cloudsbreak,1,1,0,0,Sentinel Arynia Cloudsbreak,,,unreviewed,
Cloudseer,1,1,0,0,Prate Cloudseer,,,unreviewed,
Cloudstalker,1,1,0,0,Morin Cloudstalker,,,unreviewed,
Clues,1,0,0,1,Rot Hide Clues,,,unreviewed,
Clunk,1,0,0,1,"They call themselves the Undermarket: Cutthroat traders that will sell, move, trade and do just his minion Clunk. Bring back his trader's satchel when the job is done. To the Cauldron!",,,unreviewed,
Coarse,1,0,0,1,Coarse Weightstone,,,unreviewed,
Codex,1,0,0,1,Codex of Defense,,,unreviewed,
Cogspinner,1,1,0,0,Billibub Cogspinner,,,unreviewed,
Coliseum,1,0,1,0,"Go to the Hunter's Hall in the Valley of Honor, west of the Coliseum.  Talk to Ormak Grimshot there.",,,unreviewed,
Collie,1,1,0,0,J.D. Collie,,,unreviewed,
Collin,1,1,0,0,Collin Mauren,,,unreviewed,
Colossals,1,0,1,0,"The land of Feralas has been through much,  . The earth, the trees, the creatures; they are all changing what Feralas is and will be.  The Twin Colossals above us remain as a constant, though, throughout all that has happened here...",,,unreviewed,
Comb,1,0,0,1,Return the Comb,,,unreviewed,
Combine,1,0,1,0,"You see, all you gotta do is forge the Sulfuron hammer and find yourself the Eye of Sulfuras. Combine the Eye of Sulfuras with the Sulfuron hammer and it will become Sulfuras! Now I'm not going to bog you down with any technical information as to where or how or when you can get an Eye of Sulfuras. I'm sure you'll figure that stuff out. Just sign this here contract so that our agreement is binding and our business will be done.",,,unreviewed,
Commands,1,0,0,1,What Niby Commands,,,unreviewed,
Commission,1,0,0,1,Argent Dawn Commission,,,unreviewed,
Competition,1,0,0,1,JOB OPPORTUNITY: Culling the Competition,,,unreviewed,
Composite,1,0,0,1,"Just when I thought another day was going to pass devoid of any joy, you indeed! Here, take this Mudsnout Composite and run it off to Master Faranell at once,  .",,,unreviewed,
Conacher,1,1,0,0,Bailiff Conacher,,,unreviewed,
Concentrate,1,0,1,0,"Your future is clouded.  Concentrate, and ask again.",,,unreviewed,
Consider,1,0,1,0,"What is the Brotherhood of the Light? Well... We are all members of the Argent Dawn at the core - members of the Argent Dawn that aren't held in check by morals, guilt and useless human emotion. Consider us Scarlet Crusade minus the stupidity, lack of leadership, and blind zealotry.  Don't let the Scarlet Commander tell you otherwise.  And don't let Tyrosus know I said that... It would be a terrible shame if I had to brutally maim him should a brawl break out.",,,unreviewed,
Considering,1,0,1,0,"I had the pleasure of seeing Kyra Windblade in combat once.  Considering what I witnessed, I am confident she will train you well.  Look for her at the Inn in Dolanaar.",,,unreviewed,
Consoles,1,0,1,0,"Our newest attraction, and at no cost to you I might add, these miniature tanks, or Tonks as we've cleverly named them, can be controlled from any of the Tonk Control Consoles spread throughout the faire.  All that you have to do is activate an available control console. Each tonk will come equipped with a stock set of devices, and a random special power to unleash upon your enemy!  Hold epic battles with your friends, cruise around, or just cause wild mayhem... the choice is yours!",,,unreviewed,
Conspiracies,1,0,1,0,"Conspiracies abound, I say.  There are those who lack vision in understanding what I do, and would seek to keep me shackled to obscurity!  Don't step in the dirt.",,,unreviewed,
Constantine,1,1,0,0,Alexandra Constantine,,,unreviewed,
Correction,1,0,0,1,"Oh my, you look like death. Correction - I've seen death, you look worse than first few... fifty times or so... /lay down when you're ready for the treatment,  .",,,unreviewed,
Corruptor,1,0,0,1,Corruptor's Scourgestones,,,unreviewed,
Couldn't,1,0,0,1,"You're back safe and sound. Couldn't ask for much more than that, could you? Now, let's a dupe just to throw you off track of whatever it is you're looking for.",,,unreviewed,
Councilman,1,1,0,0,Councilman Millstipe,,,unreviewed,
Count,1,1,0,0,Count Remington Ridgewell,,,unreviewed,
Cowl,1,0,0,1,Wanted!  Marez Cowl,,,unreviewed,
Cracked,1,0,0,1,Cracked Necrotic Crystal,,,unreviewed,
Crafting,1,0,0,1,"You will find Fineous Darkvire beyond the Ring of Law, in the Hall of Crafting. an attempt to remove the hammer; both the statue and hammer will shatter, lost forever.",,,unreviewed,
Crag,1,0,0,1,"I guess I'd better think about getting out of here, also. It won't take long that he'd set up camp somewhere on the western side of Windshear Crag. Good luck.",,,unreviewed,
Crane,1,1,0,0,Crane Operator Bigglefuzz,,,unreviewed,
Crank,1,1,0,0,Crank Fizzlebub,,,unreviewed,
Cranktoggle,1,1,0,0,Wizbang Cranktoggle,,,unreviewed,
Cranston,1,1,0,0,Birgitte Cranston,,,unreviewed,
Crazier,1,0,1,0,"Right then! So the Mistress had come back for a second go at the hives but Brann was having none of that nonsense! Before the melee began, she started talking to something or someone. Crazier still, she started chanting in a language none of us had ever heard.",,,unreviewed,
Craziest,1,0,1,0,"Our caravans go out 'bout twice a day, but I'll be damned if the Scourge haven't gone out of their way to stop Didier and his mules from getting shipments to the front lines. Craziest thing I've ever seen. If only we had the heroic adventurin' types to help protect the shipments...",,,unreviewed,
Creeper,1,0,0,1,"Ah, another wretched day in Tarren Mill. All of this clean air puts me in to find, Creeper Ichor. You'll find both bears and creepers just outside of Tarren Mill.",,,unreviewed,
Creepers,1,0,0,1,According to Berard's Journal the moss from Lake Skulkers and Creepers might prove useful for as the rare hardened tumor and take them to Master Apothecary Faranell in the Undercity.,,,unreviewed,
Creepy,1,0,1,0,"Nice to see a friendly face. I don't get much chitchat from Apothecary Johaan unless he wants something. He's been out of the grave too long. Someday I'll be like that, I hear. Creepy. Maybe by then I won't care.",,,unreviewed,
Crests,1,0,0,1,Abyssal Crests,,,unreviewed,
Crokford,1,1,0,0,Davil Crokford,,,unreviewed,
Crony,1,1,0,0,Ribbly's Crony,,,unreviewed,
Crossings,1,0,0,1,Border Crossings,,,unreviewed,
Crowley,1,1,0,0,Brother Crowley,,,unreviewed,
Crumpled,1,0,0,1,A Crumpled Up Note,,,unreviewed,
Cullen,1,1,0,0,Duncan Cullen,,,unreviewed,
Culpa,1,0,0,1,"Mea Culpa, Lord Valthalak",,,unreviewed,
Cultist,1,1,0,0,Cultist Engineer,,,unreviewed,
Curator,1,1,0,0,Curator Thorius,,,unreviewed,
Curthas,1,1,0,0,Angela Curthas,,,unreviewed,
Cutlass,1,0,0,1,The Captain's Cutlass,,,unreviewed,
Cutthroat,1,0,0,1,"They call themselves the Undermarket: Cutthroat traders that will sell, move, trade and do just his minion Clunk. Bring back his trader's satchel when the job is done. To the Cauldron!",,,unreviewed,
Cylina,1,1,0,0,Cylina Darkheart,,,unreviewed,
Cyrus,1,1,0,0,Deathguard Cyrus,,,unreviewed,
DEFEND,1,0,0,1,I was sent here under the auspices of Thrall. Do you actually think these buffoons stopped when he heard that news. <Gor'shak laughs.> Shhh! Do you hear that? Guards coming! DEFEND YOURSELF!,,,unreviewed,
Daelyshia,1,1,0,0,Daelyshia,,,unreviewed,
Daera,1,1,0,0,Daera Brightspear,,,unreviewed,
Dagel,1,1,0,0,Lieutenant Dagel,,,unreviewed,
Dagran,1,0,1,0,"I had no choice, or so I thought. I would endure the destruction of Thaurissan and stand by the side of my king and his people.  Under the control of Ragnaros, King Dagran Thaurissan tore out the heart of this mountain and erected Blackrock Spire. We worked tirelessly to build a dwarven city mightier than any city or fortress that came before... or would come after.",,,unreviewed,
Daio,1,1,0,0,Daio the Decrepit,,,unreviewed,
Dalson,1,0,0,1,Target: Dalson's Tears,,,unreviewed,
Dame,1,1,0,0,Dame Twinbraid,,,unreviewed,
Dan,1,1,0,0,Dan Golthas,,,unreviewed,
Daniels,1,1,0,0,Barkeep Daniels,,,unreviewed,
Danlaar,1,1,0,0,Danlaar Nightstride,,,unreviewed,
Dannal,1,1,0,0,Dannal Stern,,,unreviewed,
Dannie,1,1,0,0,Dannie Fizzwizzle,,,unreviewed,
Danuvin,1,1,0,0,Captain Danuvin,,,unreviewed,
Darcy,1,1,0,0,Darcy,,,unreviewed,
Dargh,1,1,0,0,Dargh Trueaim,,,unreviewed,
Darian,1,1,0,0,Darian Singh,,,unreviewed,
Darkcaller,1,1,0,0,Darkcaller Yanka,,,unreviewed,
Darkhammer,1,1,0,0,Malyfous Darkhammer,,,unreviewed,
Darkheart,1,1,0,0,Cylina Darkheart,,,unreviewed,
Darksky,1,1,0,0,Brave Darksky,,,unreviewed,
Darkspring,1,1,0,0,Wren Darkspring,,,unreviewed,
Darkvire,1,0,0,1,"You will find Fineous Darkvire beyond the Ring of Law, in the Hall of Crafting. an attempt to remove the hammer; both the statue and hammer will shatter, lost forever.",,,unreviewed,
Darla,1,1,0,0,Darla Harris,,,unreviewed,
Darnassae,1,0,1,0,"'Darnassae?'  The night elf druid looks at you expectantly, but it is clear you cannot verbally communicate with her.  Undaunted, she points to herself and smiles.  She points at you and smiles once more.  She finally motions several times down the path to the north.  Perhaps she is indicating that there is a druid you can speak to further up the road?",,,unreviewed,
Darnassian,1,0,1,0,"Ah, this Darnassian fabric is the finest!",,,unreviewed,
Darren,1,1,0,0,Darren Malvew,,,unreviewed,
Darsok,1,1,0,0,Darsok Swiftdagger,,,unreviewed,
Dartol,1,0,1,0,"Yes, I expected that you would be back. I sent Korra out earlier and she came across Dartol's Rod, abandoned in the forest.  We worked so hard to recover it,  . Please take care to see that you do not handle it so carelessly in the future.",,,unreviewed,
Daryn,1,1,0,0,Daryn Lightwind,,,unreviewed,
David,1,1,0,0,David Trias,,,unreviewed,
Davil,1,1,0,0,Davil Crokford,,,unreviewed,
Davis,1,1,0,0,Rhiannon Davis,,,unreviewed,
Dawnbringer,1,1,0,0,Commander Eligor Dawnbringer,,,unreviewed,
Dawneagle,1,1,0,0,Brave Dawneagle,,,unreviewed,
Deals,1,0,1,0,"<Tarsis groans.>  There may still be time... Listen closely, mortal.  Through time and across the Nether I have searched. Deals made with a host of evil and villainy so wretched...  <Tarsis coughs blood into his hands.>  Would you... would you believe that even Elune has turned her back on me,  ? To die here, in this manner now...",,,unreviewed,
Deathgrip,1,1,0,0,Voggah Deathgrip,,,unreviewed,
Deathguards,1,0,0,1,Next door the Deathguards are holding a few captured farmers hostage. High Executor Darthalia suspected ol' time! Place this tainted keg on the rug in their room. Plagued brew for all!,,,unreviewed,
Decedra,1,1,0,0,Decedra Willham,,,unreviewed,
Decrease,1,0,0,1,"The effects of the Gordunni Ogre tribe can hardly go unnoticed in this area. Look Decrease their numbers,  . We must show them that their kind is not wanted here.",,,unreviewed,
Dedmar,1,1,0,0,Gretchen Dedmar,,,unreviewed,
Deeg,1,1,0,0,Deeg,,,unreviewed,
Deek,1,1,0,0,Deek Fizzlebizz,,,unreviewed,
Deepiron,1,1,0,0,Toldren Deepiron,,,unreviewed,
Deepwater,1,1,0,0,Warg Deepwater,,,unreviewed,
Deer,1,1,0,0,Brave Leaping Deer,,,unreviewed,
Defeat,1,0,0,1,Defeat Nek'rosh,,,unreviewed,
Defusing,1,0,0,1,Defusing the Threat,,,unreviewed,
Delfrum,1,1,0,0,Delfrum Flintbeard,,,unreviewed,
Deline,1,1,0,0,Ursula Deline,,,unreviewed,
Denburg,1,1,0,0,Hin Denburg,,,unreviewed,
Dens,1,0,1,0,"Omen sleeps in the depths of Lake Elune'ara, but may be summoned at the southeast banks near the Stormrage Barrow Dens.  There, you will find special cluster launchers...  Use your rockets in the launchers and Omen's minions will come.  Fire more rockets, nearly three dozen, or fire Elune's candles at his minions, and soon he will awaken.",,,unreviewed,
Denying,1,0,1,0,"The battle for Arathi Basin is a battle for resources.  Lumber, ore, food... all these are needed in order to wage a good war.  Denying our enemies of their supplies is as good as killing them on the battlefield.",,,unreviewed,
Derotain,1,1,0,0,Derotain Mudsipper,,,unreviewed,
Despite,1,0,1,0,Despite their tragedy the Undead have come all this way to aid us.  I only hope that we can be as helpful to them.  Seek out Father Cobb near the Pools of Vision under the Spirit Rise.,,,unreviewed,
Despondent,1,0,1,0,"Oh it's just so horrible,   sir:miss;. The house Barov was once full of life... full of splendor. The manor was the Barov's primary residence amidst their far reaching empire.  Lucien and I noticed that as the days progressed, the Barovs became depressed. Despondent. Paranoia and rage often overcame the master and missus. At night, we could hear the Barovs arguing in their chambers. From what we understood, their greed had 'broken the dam,' so to speak. ",,,unreviewed,
Devouring,1,0,0,1,Devouring Plague,,,unreviewed,
Devrak,1,1,0,0,Devrak,,,unreviewed,
Dimensional,1,0,1,0,"The theory behind it is that we completely destroy you with a massive explosion wherever you are and send those particles through a dimensional rip and then re-implode you at the machine here.   Instant Transport!    It might not work ALL the time, but what kind of goblin engineer are you!   If survival was your first priority you could never be a real Goblin Engineer!Here is the recipe you will need to make the Dimensional Ripper and try it out!",,,unreviewed,
Director,1,0,1,0,"Director Riddlevox put me in charge of the Union's shredder development program. Few months on the job and I'm already in hot water! I could use your help,  !",,,unreviewed,
Dirte,1,1,0,0,Joseph Dirte,,,unreviewed,
Dis,1,0,1,0,"Ya mon, I be Gadrin's assistant.  Dis here volunteer work be my way of gettin through Witch Doctor School.  Since you help him, I help ya for free.  Whatcha need fixin?",,,unreviewed,
Disciple,1,1,0,0,Disciple of Naralex,,,unreviewed,
Discreditin,1,0,1,0,"Me versus fifty orcs? I'm no fool,  . My pappy always told me, 'Discreditin is the better part of a cracker,' or something, and I knew what that meant.",,,unreviewed,
Disenchanting,1,0,0,1,Salve via Disenchanting,,,unreviewed,
Dismissed,1,0,0,1,Word of the attack on the northern farms has the townsfolk panicked. Most excellent. Our Deathstalkers out the cowering peasants. Lay waste to them in the name of our Dark Lady. Dismissed!,,,unreviewed,
Distracting,1,0,0,1,Distracting Jarven,,,unreviewed,
Distraction,1,0,0,1,Zamek's Distraction,,,unreviewed,
Disturbances,1,0,1,0,"Greetings,  .  You are welcome in Nighthaven, as well as all of Moonglade.  The Cenarion Circle welcomes all beings who respect the authority and command of nature.  While you are here, please be sure to preserve the balance in all things.  Disturbances are not welcome here, and our wardens are trained to cease all hostilities without question.",,,unreviewed,
Dizzy,1,1,0,0,Dizzy One-Eye,,,unreviewed,
Doan,1,1,0,0,Doan Karhan,,,unreviewed,
Dockmaster,1,1,0,0,Dockmaster Baren,,,unreviewed,
Document,1,0,0,1,Document from the Front,,,unreviewed,
Documents,1,0,1,0,Documents such as guild creation papers can be acquired from the Guild Master in the city of Darnassus.  ,,,unreviewed,
Dodds,1,1,0,0,Watcher Dodds,,,unreviewed,
Dog,1,0,1,0,Look for Sayoc and Hanashi at the Valley of Honor inside Arms of Legend.  Watch your tongue around them or Sayoc may decide to give a piece of you as a snack to Grinning Dog.,,,unreviewed,
Don,1,1,0,0,Don Pompa,,,unreviewed,
Donald,1,1,0,0,Donald Rabonne,,,unreviewed,
Done,1,0,0,1,"Haha! Done! The shackles are done! It's time, Lucien. It's time, Servo! Are you ready to bear summon forth a powerful elemental now. This is a groundbreaking day for all of us.",,,unreviewed,
Donner,1,1,0,0,Ransin Donner,,,unreviewed,
Dons,1,0,1,0,"Good question,  . In my younger days I was footloose and fancy free without a care in the world. In those days I would sing in a barber shop quartet out of Stormwind known as the Four Dons. That's where I learned how to craft the Bonescythe digs.",,,unreviewed,
Donyal,1,1,0,0,Donyal Tovald,,,unreviewed,
Doohickey,1,1,0,0,Fremal Doohickey,,,unreviewed,
Doombrow,1,1,0,0,Beldruk Doombrow,,,unreviewed,
Dope'rel,1,1,0,0,Dope'rel,,,unreviewed,
Dor'Danil,1,0,0,1,"Braug sent you? Impossible. <Parqual looks you up and down.> Braved Dor'Danil, took a leap of faith, you think you have what it takes to pass my test. So be it...  .",,,unreviewed,
Dor'danil,1,0,0,1,"You have passed Dorn's tests, and now you seek to pass your next trial. Very the bottom of Dor'danil in southern Ashenvale, protected by the dead druids and their slayers.",,,unreviewed,
Dorius,1,1,0,0,Dorius Stonetender,,,unreviewed,
Dourman,1,1,0,0,Selina Dourman,,,unreviewed,
Draconic,1,0,0,1,Draconic for Dummies,,,unreviewed,
Dragonflight,1,0,1,0,It would appear as if the influence of the Black Dragonflight had extended beyond the borders of the Burning Steppes and into the kingdom of Stormwind itself! The usurper has since been unmasked and ousted.,,,unreviewed,
Dragonflights,1,0,1,0,"Look up to the heavens,  . The Dragonflights have not been seen in this area for a thousand years! Those Qiraji are up to something, I just know it!",,,unreviewed,
Drakul,1,1,0,0,Christopher Drakul,,,unreviewed,
Drat,1,0,1,0,"There is no finer cook in Thunder Bluff than Aska Mistrunner.  Mmmmm, I can smell what she is cooking from here.  Head over to her kitchen located on the high rise.Drat... now I am hungry.",,,unreviewed,
Dreadlords,1,0,1,0,"Be gone!  I hold counsel with Dreadlords, and the matters we discuss are not your concern!",,,unreviewed,
Dreadmist,1,0,0,1,"Dreadmist Peak to the northwest of the Crossroads is most likely a primary candidate as one that requested our aid, and you will work with him to address this malady.",,,unreviewed,
Dreadsteed,1,0,0,1,Dreadsteed of Xoroth,,,unreviewed,
Dreka'Sur,1,1,0,0,Dreka'Sur,,,unreviewed,
Dresses,1,0,0,1,Festive Lunar Dresses,,,unreviewed,
Drizzlik,1,1,0,0,Drizzlik,,,unreviewed,
Drop,1,0,1,0,The Lion's Pride Inn in Goldshire is as good as any inn you will find around these parts.  Drop in and let Innkeeper Farley make you feel at home.,,,unreviewed,
Drull,1,1,0,0,Drull,,,unreviewed,
Drulzegar,1,1,0,0,Drulzegar Skraghook,,,unreviewed,
Drusilla,1,1,0,0,Drusilla La Salle,,,unreviewed,
Duesten,1,1,0,0,Dark Cleric Duesten,,,unreviewed,
Dughal,1,1,0,0,Dughal Stormwing,,,unreviewed,
Duhng,1,1,0,0,Duhng,,,unreviewed,
Dummies,1,0,0,1,Draconic for Dummies,,,unreviewed,
Dumplings,1,0,0,1,Festival Dumplings,,,unreviewed,
Durnan,1,1,0,0,Durnan Furcutter,,,unreviewed,
EXPLORE,1,0,1,0,"We chose to leave the protection and comfort of the Depths to exploit... er, I mean... hrm, yes that's right, EXPLORE the world.",,,unreviewed,
Earlier,1,0,0,1,Earlier today I spotted some Dark Iron Insurgents swimming toward the Dam with a large to take this mixture and stir it into the keg before it's too late! Hurry!,,,unreviewed,
Earned,1,0,0,1,Earned Reverence,,,unreviewed,
Earthbinder,1,1,0,0,Maggran Earthbinder,,,unreviewed,
Eat,1,0,1,0,Fish so delicious. You come learn fish? Eat fish? Mmmmm...,,,unreviewed,
Eazel,1,1,0,0,Colossus Researcher Eazel,,,unreviewed,
Ebru,1,1,0,0,Ebru,,,unreviewed,
Edge,1,0,1,0,"In the northern part of Darkshore runs the Cliffspring River, flowing down from the lands now known as Felwood.  As the river flows out and empties out into the Mist's Edge, travel north to where the deepest parts of the ocean begin.  A stone formation that some call the Stone Claw due to its shape is where you may find what you seek.  Be warned - threshers gather by the Stone Claw, and will attack those who trespass on their territory.",,,unreviewed,
Edna,1,1,0,0,Edna Mullby,,,unreviewed,
Edras,1,1,0,0,Mary Edras,,,unreviewed,
Einar,1,1,0,0,Einar Stonegrip,,,unreviewed,
Eldraeith,1,1,0,0,Eldraeith,,,unreviewed,
Eligor,1,1,0,0,Commander Eligor Dawnbringer,,,unreviewed,
Elreth,1,1,0,0,Novice Elreth,,,unreviewed,
Elu,1,1,0,0,Elu,,,unreviewed,
Elunite,1,0,0,1,Weapons of Elunite,,,unreviewed,
Elysa,1,1,0,0,Elysa,,,unreviewed,
Emberstrife,1,0,0,1,Emberstrife,,,unreviewed,
Emblems,1,0,0,1,Syndicate Emblems,,,unreviewed,
Enohar,1,1,0,0,Enohar Thunderbrew,,,unreviewed,
Ensorcelled,1,0,0,1,The Ensorcelled Parchment,,,unreviewed,
Envelope,1,0,0,1,Envelope from the Front,,,unreviewed,
Enyo,1,1,0,0,Enyo,,,unreviewed,
Equine,1,0,0,1,Ancient Equine Spirit,,,unreviewed,
Equinex,1,0,0,1,The Stave of Equinex,,,unreviewed,
Eridan,1,1,0,0,Eridan Bluewind,,,unreviewed,
Erika,1,1,0,0,Erika Tate,,,unreviewed,
Erksine,1,1,0,0,Claude Erksine,,,unreviewed,
Erm,1,0,1,0,"Erm... I really don't know you that well, sorry.  I mean, as an authorized Mechano-strider dealer, I really only can sell my mounts to those people who are considered exalted amongst the gnomes.  If you ever are recognized as exalted to Gnomeregan, I'd be happy to show you what I have to offer.",,,unreviewed,
Ertog,1,1,0,0,Ertog Ragetusk,,,unreviewed,
Estelle,1,1,0,0,Estelle Gendry,,,unreviewed,
Eston,1,0,1,0,One of the humans has the key to this infernal contraption. Eston I think they said his name was.,,,unreviewed,
Eunice,1,1,0,0,Eunice Burch,,,unreviewed,
Evan,1,1,0,0,Evan Larson,,,unreviewed,
Evencane,1,1,0,0,Captain Evencane,,,unreviewed,
Eventually,1,0,1,0,"I have run through these plains for many, many seasons.  And I have hunted great beasts.  And I had never been bested... until I faced Ghost Howl.  Long ago, the massive wolf was an ally to the tauren and fought bravely against the Burning Legion.  But he was wounded savagely by a demon, and the tear in his flesh never healed.  Eventually... it drove Ghost Howl mad.  Now he roams the plains in agony, seeking an end to his pain.  To my shame, when we fought I lacked the strength to slay him...",,,unreviewed,
Evershade,1,1,0,0,Kerlonian Evershade,,,unreviewed,
Evonice,1,1,0,0,Evonice Sootsmoker,,,unreviewed,
Examine,1,0,0,1,Examine the Vessel,,,unreviewed,
Excuse,1,0,1,0,"I've been expec...  <Rimblat coughs.>  Excuse me, old habit. I am Rimblat of the Earthen Ring. ",,,unreviewed,
Existing,1,0,1,0,"Existing in this area are many creatures considered allies of the night elves. The elves have had access to the power within each of these creatures; it is time that the horde be allowed this same satisfaction. I have devised a way that this power can be captured and used for our benefit.  Do not doubt what I tell you,  . Help me, and you shall see that I speak truth.",,,unreviewed,
Expertly,1,0,1,0,"Expertly accomplished! Now, let us continue your education...",,,unreviewed,
Exploring,1,0,1,0,"Stonetalon Mountain has many perilous caves through out this region.  Exploring these caves can hold many adventures for those willing to risk life for glory.   , perhaps you seek riches that only following your heart and soul can garnish.",,,unreviewed,
Extraordinary,1,0,0,1,An Extraordinary Egg,,,unreviewed,
Eyahn,1,1,0,0,Eyahn Eagletalon,,,unreviewed,
F'utzbuckle,1,1,0,0,Bibbly F'utzbuckle,,,unreviewed,
FAR,1,0,1,0,"No, no, you'll need FAR more training before you're ready to learn from me! Go talk to that uptight dabbler Malcomb Wynn. He's the one buried in books over there.",,,unreviewed,
FIST,1,0,0,1,"Yeah, now that I think about it... Dashel... Dashel something... What was his name? FIST! deep as these papers suggest, then he's not going to give you any information willingly.",,,unreviewed,
FISTS,1,0,1,0,Perhaps you should speak into these sound enhancing devices attached to my FISTS OF FURY.,,,unreviewed,
FURY,1,0,1,0,Perhaps you should speak into these sound enhancing devices attached to my FISTS OF FURY.,,,unreviewed,
Facing,1,0,0,1,Facing Negolash,,,unreviewed,
Faerleia,1,1,0,0,Deathstalker Faerleia,,,unreviewed,
Faint,1,0,0,1,Faint Necrotic Crystal,,,unreviewed,
Fair,1,0,0,1,A Fair Trade,,,unreviewed,
Falconcrest,1,0,0,1,Wanted!  Otto and Falconcrest,,,unreviewed,
Faldreas,1,1,0,0,Faldreas Goeth'Shael,,,unreviewed,
Falfarren,1,0,0,1,"The Galak centaur in the Thousand Needles are protecting an artifact from the time of of the Falfarren River, south of the main road, where you can fill the phial.",,,unreviewed,
Falfindel,1,1,0,0,Falfindel Waywarder,,,unreviewed,
Falkhaan,1,1,0,0,Falkhaan Isenstrider,,,unreviewed,
Falling,1,0,0,1,Falling to Corruption,,,unreviewed,
Fallow,1,1,0,0,Antur Fallow,,,unreviewed,
Falstad,1,1,0,0,Falstad Wildhammer,,,unreviewed,
Fandazzle,1,1,0,0,Zorbin Fandazzle,,,unreviewed,
Fanglords,1,0,1,0,"Naralex sleeps again!  Long ago, Naralex journeyed to this cavern with the honorable goal of entering the Emerald Dream and regrowing the Barrens into a lush forest. His focus waned and his thoughts became tainted by serpentine visions.  Now, reptilian beasts seep from his dreams to the land. He must be awoken from the nightmare or he will be forever lost, and a great evil unleashed.  Only after his corrupted servants, the Fanglords, have been slain can I perform the awakening ritual.",,,unreviewed,
Fangore,1,0,0,1,Wanted: Lieutenant Fangore,,,unreviewed,
Faol,1,0,0,1,"Scarlet Crusaders have been raiding from the ruined tower in northern Tirisfal, past Faol's Rest. dangerous mission. Slay Melrache and his two bodyguards, in the name of The Dark Lady.",,,unreviewed,
Faralia,1,1,0,0,Innkeeper Faralia,,,unreviewed,
Farflinger,1,1,0,0,Zap Farflinger,,,unreviewed,
Fariel,1,1,0,0,Fariel Starsong,,,unreviewed,
Farstrider,1,0,1,0,"Here at the Farstrider lodge, we prize hunting skills above all else. Wish to gain my approval? You'll have to earn it.  You look up to the challenge,  lad:lass;!",,,unreviewed,
Fastest,1,0,1,0,Fastest gryphons this side of Aerie Peak. Want to take a ride?,,,unreviewed,
Faustron,1,1,0,0,Faustron,,,unreviewed,
Feegly,1,1,0,0,Feegly the Exiled,,,unreviewed,
Feel,1,0,0,1,"Oh, Trias sent you, huh? That's a little different. Feel free to fight whatever monstrosities come him. So, what does my friend need of me on such a gloomy day as this?",,,unreviewed,
Feero,1,1,0,0,Feero Ironhand,,,unreviewed,
Fel'zerul,1,1,0,0,Fel'zerul,,,unreviewed,
Feldon,1,1,0,0,Deputy Feldon,,,unreviewed,
Felix,1,1,0,0,Felix Whindlebolt,,,unreviewed,
Fellhew,1,1,0,0,Magmar Fellhew,,,unreviewed,
Fewer,1,0,1,0,"You need to make your stitches smaller,  . Fewer items will slip out of your quivers and ammo pouches. Besides, no one likes a lumpy tunic.",,,unreviewed,
Fiend,1,0,0,1,Crypt Fiend Parts,,,unreviewed,
Fifteen,1,0,0,1,Fifteen Signets for War Supplies,,,unreviewed,
Filling,1,0,0,1,Filling the Soul Gem,,,unreviewed,
Finbus,1,1,0,0,Finbus Geargrind,,,unreviewed,
Fineous,1,0,0,1,"You will find Fineous Darkvire beyond the Ring of Law, in the Hall of Crafting. an attempt to remove the hammer; both the statue and hammer will shatter, lost forever.",,,unreviewed,
Firebeard,1,0,0,1,WANTED: Andre Firebeard,,,unreviewed,
Firelord,1,0,1,0,"A Sulfuron ingot?!??! Impossible! I must have it! I must! I must!   , I am authorized to make you a grand deal for that ingot. Perhaps you would be interested to know the secrets of the Hand of Ragnaros? Sulfuras, idiot! The legendary hammer of the Firelord.",,,unreviewed,
Firemane,1,1,0,0,Motega Firemane,,,unreviewed,
Firewater,1,0,0,1,Winterfall Firewater,,,unreviewed,
Firework,1,0,0,1,Firework Launcher,,,unreviewed,
Fishmaster,1,0,1,0,"Fishmaster Bassbait has had the waters here seeded with high quality Tastyfish so he can have his tournament.Once he gets his winner, I will give you silver for each five Tastyfish you bring me!",,,unreviewed,
Fitzsimmons,1,1,0,0,First Mate Fitzsimmons,,,unreviewed,
Fitzwrench,1,1,0,0,Bronn Fitzwrench,,,unreviewed,
Fizzgrimble,1,1,0,0,Innkeeper Fizzgrimble,,,unreviewed,
Fizzlebizz,1,1,0,0,Deek Fizzlebizz,,,unreviewed,
Fizzlebrack,1,1,0,0,Rumsen Fizzlebrack,,,unreviewed,
Fizzule,1,1,0,0,Taskmaster Fizzule,,,unreviewed,
Fizzwizzle,1,1,0,0,Dannie Fizzwizzle,,,unreviewed,
Flash,1,0,0,1,Flash Bomb Recipe,,,unreviewed,
Flask,1,0,0,1,Craftsman's Writ - Flask of Petrification,,,unreviewed,
Fleetmaster,1,0,0,1,"Most superb,  ! The Captain will be very pleased! And just wait until word gets Captain will be very pleased! And just wait until word gets back to Fleetmaster Seahorn!",,,unreviewed,
Flier,1,0,0,1,Could I get a Fishing Flier?,,,unreviewed,
Flik,1,0,1,0,"An excellent question! We have many things for sale here at the faire. If you are interested in food and drink, then head over to Stamp and Sylannia's booth. My favorite is the Darkmoon Special Reserve.If you'd rather purchase something more exotic, then Lhara may have just the thing for you. She specializes in rarities from all over the world.And then there is Flik running around here somewhere. If you can grab him he sells balls for throwing and frogs to keep as pets.",,,unreviewed,
Flintbeard,1,1,0,0,Delfrum Flintbeard,,,unreviewed,
Flinteye,1,1,0,0,Ormyr Flinteye,,,unreviewed,
Flintfire,1,1,0,0,Tognus Flintfire,,,unreviewed,
Floralwind,1,1,0,0,Aayndia Floralwind,,,unreviewed,
Flower,1,0,0,1,5 Tickets - Darkmoon Flower,,,unreviewed,
Flute,1,0,0,1,Flute of Xavaric,,,unreviewed,
Foggy,1,1,0,0,Foggy MacKreel,,,unreviewed,
Following,1,0,0,1,"Following Khazgorm's plans it should be no problem to fashion an explosive charge Ah, there we of my tribe. Make me proud by completing this heroic task and you shall be rewarded.",,,unreviewed,
Foreboding,1,0,0,1,Foreboding Plans,,,unreviewed,
Forgets,1,0,1,0,"Greetings.  I am Chronos - He Who Never Forgets.  My memory is without flaw, and exact to the most minor detail.  Trust me.",,,unreviewed,
Foror,1,0,0,1,Foror's Compendium,,,unreviewed,
Foster,1,1,0,0,Clarice Foster,,,unreviewed,
Fraggar,1,1,0,0,Fraggar Thundermantle,,,unreviewed,
Frahun,1,1,0,0,Frahun Shadewhisper,,,unreviewed,
Frang,1,1,0,0,Frang,,,unreviewed,
Frankal,1,1,0,0,Frankal Stonebridge,,,unreviewed,
Frederick,1,1,0,0,Frederick Stover,,,unreviewed,
Freed,1,0,0,1,Freed from the Hive,,,unreviewed,
Freerunner,1,1,0,0,Reban Freerunner,,,unreviewed,
Fremal,1,1,0,0,Fremal Doohickey,,,unreviewed,
Friars,1,0,0,1,We are still at war and the Scarlet Crusade grows in strength. The report Executor with 5 Scarlet Friars. It should prove to be a devastating blow to the Crusade!,,,unreviewed,
Frock,1,1,0,0,Spraggle Frock,,,unreviewed,
Frond,1,0,0,1,The Shimmering Frond,,,unreviewed,
Fronds,1,0,0,1,Savage Fronds,,,unreviewed,
Frostbeard,1,1,0,0,Theodrus Frostbeard,,,unreviewed,
Frostmaul,1,0,0,1,Frostmaul E'ko,,,unreviewed,
Frostsabers,1,0,1,0,"Hello, traveler. Not many find me out this way.  My name is Rivern, and I train the Winterspring Frostsabers to become mounts.  These cats are the most feral and difficult to subdue of all the sabers. Only the most trusted and exalted may attempt to ride one.  I will not sell such a mount to just anyone; no, you must work for it and earn your acceptance not only with me, but with the sabers themselves.",,,unreviewed,
Frostshadow,1,1,0,0,Sentinel Melyria Frostshadow,,,unreviewed,
Frostwind,1,1,0,0,Rivern Frostwind,,,unreviewed,
Frye,1,1,0,0,Basil Frye,,,unreviewed,
Fuely,1,1,0,0,Chemist Fuely,,,unreviewed,
Fulfill,1,0,1,0,"Your skill displays an enduring affection for our art, but I would see further evidence of your commitment. I shall charge you with a task. Fulfill it, and I will be content.",,,unreviewed,
Funny,1,0,1,0,"Funny you should ask... I just received an update on that. Thus far, the Alliance has gathered $2060w of $2061w light leather, $2063w out of $2064w medium leather and $2069w of $2071w thick leather skins.",,,unreviewed,
Furcutter,1,1,0,0,Durnan Furcutter,,,unreviewed,
Furl,1,1,0,0,Furl Scornbrow,,,unreviewed,
Furry,1,0,0,1,Small Furry Paws,,,unreviewed,
Furthermore,1,0,0,1,"The Hillsbrad Town Registry indicates that the Azureload Mine is under Alliance control. Furthermore, the Bonds. Kill his miners as well. That should send a clear message to the Alliance.",,,unreviewed,
Fyldren,1,1,0,0,Fyldren Moonfeather,,,unreviewed,
Fylerian,1,1,0,0,Fylerian Nightwing,,,unreviewed,
Gaeriyan,1,1,0,0,Gaeriyan,,,unreviewed,
Gaerolas,1,1,0,0,Gaerolas Talvethren,,,unreviewed,
Gahrron,1,0,0,1,Target: Gahrron's Withering,,,unreviewed,
Gaining,1,0,0,1,Gaining Acceptance,,,unreviewed,
Galak,1,0,0,1,"The Galak centaur in the Thousand Needles are protecting an artifact from the time of of the Falfarren River, south of the main road, where you can fill the phial.",,,unreviewed,
Galamav,1,1,0,0,Galamav the Marksman,,,unreviewed,
Galiaan,1,1,0,0,Scout Galiaan,,,unreviewed,
Gangway,1,0,1,0,"Gangway, ye scurvy dog!  Revilgaz has spared me from the gallows but my punishment might be nearly as bad.",,,unreviewed,
Ganter,1,1,0,0,Paxton Ganter,,,unreviewed,
Garel,1,1,0,0,Garel Redrock,,,unreviewed,
Garok,1,0,0,1,"Dwarves aiding the humans? Damn those filthy little beasts. We shall test the strength of the battle is to lay siege on Dun Garok,  . Captain Ironhill, their leader, must die.",,,unreviewed,
Garon,1,1,0,0,Garon Hutchins,,,unreviewed,
Gart,1,1,0,0,Gart Mistrunner,,,unreviewed,
Gastronome,1,1,0,0,Slicky Gastronome,,,unreviewed,
Gath'Ilzogg,1,0,0,1,Wanted: Gath'Ilzogg,,,unreviewed,
Gavin,1,1,0,0,Deathguard Gavin,,,unreviewed,
Gaze,1,0,1,0,"Gaze upon the enemy,  . See what the might of the Horde reduces even the most powerful of dragons to! All that oppose us shall meet a similar fate!",,,unreviewed,
Geargrind,1,1,0,0,Finbus Geargrind,,,unreviewed,
Gelkak,1,1,0,0,Gelkak Gyromast,,,unreviewed,
Gelkis,1,0,0,1,Gelkis Alliance,,,unreviewed,
Genavie,1,1,0,0,Genavie Callow,,,unreviewed,
Gendry,1,1,0,0,Estelle Gendry,,,unreviewed,
Geologist,1,1,0,0,Geologist Larksbane,,,unreviewed,
Georgia,1,1,0,0,Georgia,,,unreviewed,
Gerik,1,1,0,0,Gerik Koen,,,unreviewed,
Gershala,1,1,0,0,Gershala Nightwhisper,,,unreviewed,
Gest,1,1,0,0,Gest,,,unreviewed,
Getz,1,0,0,1,"Stand at attention while addressing me,  . I am under direct command of Varimathras. We are Fields. Make sure that the landowners, Farmer Ray and Farmer Getz, are executed as well.",,,unreviewed,
Ghilm,1,1,0,0,Cook Ghilm,,,unreviewed,
Gilshalan,1,1,0,0,Gilshalan Windwalker,,,unreviewed,
Gimrizz,1,1,0,0,Gimrizz Shadowcog,,,unreviewed,
Gina,1,1,0,0,Gina Lang,,,unreviewed,
Ginsetti,1,1,0,0,Bartolo Ginsetti,,,unreviewed,
Gizzmick,1,1,0,0,Orwin Gizzmick,,,unreviewed,
Glok'tar,1,0,1,0,"Ya man, you be wantin Jandi's Arboretum.  Did I just say that?  Glok'tar I must be tired!  Follow the wooden steps behind Asoran's Market in the Valley of Wisdom up into The Drag and you'll find Jandi's there on the upper level.",,,unreviewed,
Gloom'rel,1,1,0,0,Gloom'rel,,,unreviewed,
Glorin,1,1,0,0,Glorin Steelbrow,,,unreviewed,
Glynda,1,1,0,0,Sentinel Glynda Nal'Shea,,,unreviewed,
Glyphshaper,1,1,0,0,Rutgar Glyphshaper,,,unreviewed,
Glyx,1,0,1,0,"Glyx and I have an understanding: he keeps me supplied, and I keep him rich. Seriously! What that pirate charges me for a measly pouch of crumpled kingsblood... it's enough to make a grown goblin cry.",,,unreviewed,
Gnarltree,1,1,0,0,Clarise Gnarltree,,,unreviewed,
Gnoarn,1,1,0,0,Gnoarn,,,unreviewed,
Goeth'Shael,1,1,0,0,Faldreas Goeth'Shael,,,unreviewed,
Golden,1,0,1,0,"Kodo beasts, my friend!  Trained from a young age and raised on the Golden Plains of Mulgore, these fine animals will make even finer steeds!  Please, browse my selection, and see for yourself why we taurens have come to rely on these magnificant creatures!",,,unreviewed,
Goldtooth,1,0,0,1,Goldtooth,,,unreviewed,
Golhine,1,1,0,0,Golhine the Hooded,,,unreviewed,
Golnir,1,1,0,0,Golnir Bouldertoe,,,unreviewed,
Golthas,1,1,0,0,Dan Golthas,,,unreviewed,
Gone,1,0,1,0,"Master craftsman Omarion just vanished one night. Like a toot in the wind... Poof! Gone! Bah, now I'm the only one left to craft the goods for the boys on the front lines. ",,,unreviewed,
Goo,1,0,0,1,Mystery Goo,,,unreviewed,
Goodward,1,1,0,0,Galen Goodward,,,unreviewed,
Gorbold,1,1,0,0,Gorbold Steelhand,,,unreviewed,
Gordo,1,0,0,1,Gordo's Task,,,unreviewed,
Gordon,1,1,0,0,Gordon Wendham,,,unreviewed,
Gorkas,1,1,0,0,Gorkas,,,unreviewed,
Gormok,1,1,0,0,Emmisary Gormok,,,unreviewed,
Gorrik,1,1,0,0,Gorrik,,,unreviewed,
Gorzeeki,1,1,0,0,Gorzeeki Wildeyes,,,unreviewed,
Gosh,1,0,1,0,"Gosh, I'm sorry. I don't have anything new to teach you. How about you go talk to Simon Tanner in the Old Town section of Stormwind? He's a human with big muscles and dreamy red hair.",,,unreviewed,
Grandmaster,1,0,0,1,Arena Grandmaster,,,unreviewed,
Granite,1,0,0,1,So our good King would like a memorial built in honor of a soldier named stones available. Travel to Darrow Hill in Hillsbrad and gather for me some Alterac Granite.,,,unreviewed,
Grarnik,1,1,0,0,Grarnik Goodstitch,,,unreviewed,
Gratitude,1,0,0,1,Oran's Gratitude,,,unreviewed,
Greatest,1,0,0,1,The Greatest Race of Hunters,,,unreviewed,
Greenwarden,1,0,0,1,The Greenwarden,,,unreviewed,
Greeting,1,0,1,0,"Greeting   - welcome to the front lines in our conquest of Ashenvale!  If you are looking for something to do, then you've come to the right place.  I'm always looking for able-bodied individuals to help bring glory to the Horde!",,,unreviewed,
Grenade,1,0,0,1,Craftsman's Writ - Thorium Grenade,,,unreviewed,
Greshka,1,1,0,0,Greshka,,,unreviewed,
Greta,1,1,0,0,Greta Mosshoof,,,unreviewed,
Greul,1,1,0,0,Innkeeper Greul,,,unreviewed,
Grey,1,0,0,1,Grey Iron Weapons,,,unreviewed,
Greymist,1,0,0,1,"Majestic sea creatures are known to launch themselves at the Darkshore coastline, beached there until Greymist murlocs. Could you go there and retrieve bones from the creature for our study?",,,unreviewed,
Griffs,1,1,0,0,Theodore Griffs,,,unreviewed,
Grimble,1,1,0,0,Grimble,,,unreviewed,
Grimm,1,1,0,0,Alamar Grimm,,,unreviewed,
Gringer,1,1,0,0,Gringer,,,unreviewed,
Grinning,1,0,1,0,Look for Sayoc and Hanashi at the Valley of Honor inside Arms of Legend.  Watch your tongue around them or Sayoc may decide to give a piece of you as a snack to Grinning Dog.,,,unreviewed,
Grish,1,1,0,0,Grish Longrunner,,,unreviewed,
Grisha,1,1,0,0,Grisha,,,unreviewed,
Grishka,1,0,1,0,"Look for Innkeeper Grishka in the Valley of Strength.  Her inn is on the east side, north of the main city gates.",,,unreviewed,
Grizzle,1,1,0,0,Grizzle Halfmane,,,unreviewed,
Grizzlowe,1,1,0,0,Grizzlowe,,,unreviewed,
Grokor,1,1,0,0,Grokor,,,unreviewed,
Grom'Gol,1,0,1,0,"This here is the finest, most state of the art mode of transportation money can build. What? Deeprun Tram? Gnomes? Listen pal, If you believe that garbage then I've got a statue down in Stranglethorn to sell ya. Now, are you walking to Grom'Gol or are you gonna ride in style in this fine flying machine? Your choice.",,,unreviewed,
Grondal,1,1,0,0,Grondal Moonbreeze,,,unreviewed,
Grossen,1,1,0,0,Petra Grossen,,,unreviewed,
Grouper,1,0,1,0,"I'm going to stay here until I catch a 68 Pound Grouper!  You on the other hand want to fly off somewhere, am I right?",,,unreviewed,
Grual,1,1,0,0,Chef Grual,,,unreviewed,
Grub,1,1,0,0,Grub,,,unreviewed,
Grull,1,1,0,0,Grull Hawkwind,,,unreviewed,
Grummner,1,1,0,0,Bromos Grummner,,,unreviewed,
Guardsman,1,1,0,0,Caer Darrow Guardsman,,,unreviewed,
Guchie,1,1,0,0,Guchie Jinglepocket,,,unreviewed,
Guillaume,1,1,0,0,Guillaume Sorouy,,,unreviewed,
Guthrum,1,1,0,0,Guthrum Thunderfist,,,unreviewed,
Guzzlegear,1,1,0,0,Bronk Guzzlegear,,,unreviewed,
Guzzling,1,1,0,0,Guzzling Patron,,,unreviewed,
Gyll,1,1,0,0,Gyll,,,unreviewed,
HELP,1,0,1,0,HELP!!!!,,,unreviewed,
HOOO,1,0,1,0,"Whew... I need a smoke and the touch of a fine gnomish woman - not particularly in that order!  I've been stuck inside the belly of that thing for months! What day is it anyway? Ah, nevermind. All that matters is that I'm finally out.  WOOO HOOO!",,,unreviewed,
HOW,1,0,1,0,"Let me break down a little math for you: 'goblin' plus 'engineering' equals KNOW HOW, baby.  Anyone who tells you otherwise simply doesn't know how to add.",,,unreviewed,
Hadoken,1,1,0,0,Hadoken Swiftstrider,,,unreviewed,
Hadren,1,1,0,0,Astor Hadren,,,unreviewed,
Hafgan,1,1,0,0,Allan Hafgan,,,unreviewed,
Hag,1,1,0,0,Myranda the Hag,,,unreviewed,
Hagar,1,1,0,0,Hagar Lightninghoof,,,unreviewed,
Hahaha,1,0,0,1,Hahaha... you need Nitromirglyceronium to stop goblins from destroying a forest?! I don't care if you skill as an alchemist before I just give you a sample of my greatest creation.,,,unreviewed,
Halfmane,1,1,0,0,Grizzle Halfmane,,,unreviewed,
Halloran,1,1,0,0,James Halloran,,,unreviewed,
Hammered,1,1,0,0,Hammered Patron,,,unreviewed,
Hammerfoot,1,1,0,0,Pilot Hammerfoot,,,unreviewed,
Hammers,1,0,1,0,"Want to be a smith? Want to forge blades to gut your foe? Hammers to crush his skull? Aye I can help, and gladly too if there is blood to be shed from it.",,,unreviewed,
Handbook,1,0,0,1,Omarion's Handbook,,,unreviewed,
Handor,1,0,1,0,"Am I busy? What's that supposed to mean? Do you think I just stand here all day, twiddling my thumbs? If you're here to buy something, talk to Handor.",,,unreviewed,
Hands,1,1,0,0,Hands Springsprocket,,,unreviewed,
Hank,1,1,0,0,Hank the Hammer,,,unreviewed,
Happened,1,0,0,1,So yeah... um... I might know something 'bout that meeting at Addle's Stead. Happened a came out of Menethil; guy called Slim. That's all I know regarding their backup plan.,,,unreviewed,
Happens,1,0,0,1,Seeing What Happens,,,unreviewed,
Har,1,0,1,0,"Bandages? Why, do you intend to survive long enough to need them? Har! Very well,  , I will tell you. Of the $2080w wool bandaged needed, we have collected $2079w. Also to date, we have taken in $2085w out of $2086w mageweave bandages, and $2089w of $2090w runecloth bandages asked for.",,,unreviewed,
Harb,1,1,0,0,Harb Clawhoof,,,unreviewed,
Hardly,1,0,1,0,"Skin, glorious skin. It holds your insides... in. You might've noticed my skin's not doing so well. To think I used to worry about my pores. Hardly any skin left to worry about these days. In a way, it's very freeing.",,,unreviewed,
Hargrin,1,1,0,0,Solm Hargrin,,,unreviewed,
Harken,1,1,0,0,Harken Windtotem,,,unreviewed,
Harnessing,1,0,0,1,Harnessing Shadows,,,unreviewed,
Haro,1,1,0,0,Warden Haro,,,unreviewed,
Harold,1,1,0,0,Harold Riggs,,,unreviewed,
Haromm,1,1,0,0,Haromm,,,unreviewed,
Harris,1,1,0,0,Darla Harris,,,unreviewed,
Harruk,1,1,0,0,Harruk,,,unreviewed,
Harry,1,1,0,0,Harry Burlguard,,,unreviewed,
Harutt,1,1,0,0,Harutt Thunderhorn,,,unreviewed,
Harvester,1,0,0,1,The Harvester,,,unreviewed,
Hate'rel,1,1,0,0,Hate'rel,,,unreviewed,
Hatefury,1,0,0,1,I believe I can find this demon lord given the proper reagents. If he is indeed from a Hatefury shadowstalker. Search for them among the ancient ruins in the northeast of Desolace.,,,unreviewed,
Haughty,1,1,0,0,Haughty Modiste,,,unreviewed,
Haunt,1,0,0,1,Target: Writhing Haunt,,,unreviewed,
Havenfire,1,1,0,0,Eris Havenfire,,,unreviewed,
Hawkwing,1,1,0,0,Jahan Hawkwing,,,unreviewed,
Hazzard,1,1,0,0,Winna Hazzard,,,unreviewed,
Headband,1,0,0,1,Craftsman's Writ - Wicked Leather Headband,,,unreviewed,
Healer,1,1,0,0,Healer Longrunner,,,unreviewed,
Healthy,1,0,0,1,Healthy Dragon Scale,,,unreviewed,
Heather,1,1,0,0,Innkeeper Heather,,,unreviewed,
Heavens,1,0,0,1,"Heavens no! Poor Rustlocke. 'Tis quite a tragedy indeed. We must not let his death pass must be destroyed,  ! Return to me when your mission is complete. You're our only hope.",,,unreviewed,
Heavily,1,0,1,0,"If you ask me, the best part about fishing is its slow pace.  It gives one time to think, to reflect on past events and to plan for future ones.  Oh, and it's also a great excuse to drink.  Heavily.",,,unreviewed,
Heavyhands,1,1,0,0,Hansel Heavyhands,,,unreviewed,
Heinrich,1,1,0,0,Heinrich Stone,,,unreviewed,
Helbrek,1,1,0,0,Innkeeper Helbrek,,,unreviewed,
Helleran,1,1,0,0,Commander Thomas Helleran,,,unreviewed,
Hellscream,1,0,0,1,My restless nights will turn to peaceful slumber when I have destroyed this orb. Thank terrible power the demons held over the orcs before Hellscream released them from their curse.,,,unreviewed,
Hematus,1,0,0,1,"The black dragonflight continues to ally with the renegade Blackrock orcs, and both must be removed. With Blacklash and Hematus dead, we can turn our attentions westwards, towards Blackrock Spire.",,,unreviewed,
Henchman,1,1,0,0,Henchman Valik,,,unreviewed,
Henweigh,1,0,1,0,I heard the new Henweigh 6000 will be rolling off the assembly line soon. I can barely contain my excitement!,,,unreviewed,
Heralath,1,1,0,0,Heralath Fallowbrook,,,unreviewed,
Herod,1,0,0,1,Bookie Herod,,,unreviewed,
Hesuwa,1,1,0,0,Hesuwa Thunderhorn,,,unreviewed,
Hexx,1,0,0,1,Wanted: Vile Priestess Hexx and Her Minions,,,unreviewed,
Hexxen,1,1,0,0,Najak Hexxen,,,unreviewed,
Hexxer,1,0,0,1,"It is true. Hakkar now dwells in Zul'Gurub, bathing in the power of our gods. the head of their leader, Jin'do the Hexxer. When you have done this, return to me.",,,unreviewed,
Hidecrafter,1,1,0,0,Narv Hidecrafter,,,unreviewed,
Highforge,1,1,0,0,Valgar Highforge,,,unreviewed,
Hin,1,1,0,0,Hin Denburg,,,unreviewed,
Hitah'ya,1,0,1,0,Get the key and unlock these chains! Hitah'ya the Keeper holds it... back of cave... ,,,unreviewed,
Hiya,1,0,1,0,"Hiya! This workshop isn't mine, no! But one day after I finish training I am going to be an inventor, just like my hero, Marvon Rivetseeker.  You've never heard of him? Well it just so happens that he left quite some time ago to study some ancient troll ruins he kept talking about. He left in a zeppelin... not quite sure about where exactly he went...  Tanarasin? Tenkeris? Taneranisany?  <Liv shakes her head.>  No, that's not it...",,,unreviewed,
Hmph,1,0,1,0,A follower of the arcane are you?  Hmph!  Very well then... you can find them around the Pools of Vision underneath the Spirit Rise.,,,unreviewed,
Hoary,1,0,0,1,Hoary Templar,,,unreviewed,
Hogger,1,0,0,1,Wanted:  'Hogger',,,unreviewed,
Holland,1,1,0,0,Junior Apothecary Holland,,,unreviewed,
Hooded,1,1,0,0,Golhine the Hooded,,,unreviewed,
Hoofprints,1,0,0,1,Suspicious Hoofprints,,,unreviewed,
Hooper,1,1,0,0,Matthew Hooper,,,unreviewed,
Horizon,1,0,1,0,"Ahoy,  ! Not a pretty picture, is it?  The Horizon Scout at the bottom of the sea, my crew in shambles, and our cargo and passengers strewn about like so much debris that you'd think this was one of Stormwind's canals after a festival.  And that's not where the trouble ends...",,,unreviewed,
Hornhelm,1,1,0,0,Jern Hornhelm,,,unreviewed,
Hornizz,1,1,0,0,Hornizz Brimbuzzle,,,unreviewed,
Hornstriker,1,1,0,0,Khur Hornstriker,,,unreviewed,
Horseman,1,1,0,0,Caer Darrow Horseman,,,unreviewed,
Hot,1,0,0,1,Hot Fiery Death,,,unreviewed,
Howe,1,1,0,0,Guard Howe,,,unreviewed,
Hraug,1,1,0,0,Hraug,,,unreviewed,
Hrmm,1,0,1,0,"Ah, a young warrior to be no doubt!  I take it you are participating in Children's Week, yes?  It warms these weary bones to hear that you are setting the example by which others will be sure to follow.  I'd be delighted to oblige you and the young lad.  Hrmm... what advice should I give to him?  Listen to the spirits, yes... maybe something about eating all of his vegetables too...",,,unreviewed,
Huge,1,0,0,1,Craftsman's Writ - Huge Thorium Battleaxe,,,unreviewed,
Huldar,1,1,0,0,Huldar,,,unreviewed,
Hundreds,1,0,1,0,"Hundreds of years ago, the great city of Thaurissan stood proudly in a lush expanse of land that is now the dilapidated Burning Steppes.  Thaurissan was home to the nation of Dark Iron dwarves and at the time, in the midst of a civil war among the dwarven nation at large.  You see, that area of the world was at one point in time part of the Redridge Mountains - until the day that Thaurissan was consumed by a gigantic explosion. The city lay in ruin, the surrounding areas reduced to an ashy wasteland.",,,unreviewed,
Hurry,1,0,0,1,Earlier today I spotted some Dark Iron Insurgents swimming toward the Dam with a large to take this mixture and stir it into the keg before it's too late! Hurry!,,,unreviewed,
Hutchins,1,1,0,0,Garon Hutchins,,,unreviewed,
Huum,1,1,0,0,Huum Wildmane,,,unreviewed,
INSANE,1,0,1,0,"Before the Scourge came, I had a great business.  I bought and sold everything.  Everything!  And my prices were INSANE!  Just ask anyone.  Anyone who's not dead.",,,unreviewed,
Ian,1,1,0,0,Ian Strom,,,unreviewed,
Iceshard,1,1,0,0,Bethor Iceshard,,,unreviewed,
Idiot,1,0,1,0,"Ah, one of our own. It is good to see our numbers are growing so rapidly that I can no longer keep track of the faces of our members.  That fool Thrall thinks I am working hard to cleanse the image of warlocks and prove we are his servants. Idiot! The Burning Legion will make ash of this entire world after it drains it completely.",,,unreviewed,
Imports,1,0,1,0,The Orgrimmar Auction House is in the Valley of Strength.  Look for it on the east side next to Boomstick Imports.,,,unreviewed,
Impotent,1,0,1,0,"Rend, son of Blackhand: Impotent chieftain of the Blackrock clan. A more stubborn bastard does not exist.  At the end of the second War, Rend and his brother, Maim, fled to find sanctuary within the mountainous stronghold of Blackrock Spire. It was there that Rend declared himself Warchief of the weakened Blackrock clan.",,,unreviewed,
Impress,1,0,1,0,"Hmm, well, I can see that you have a little skill at making potions. Whether you're worthy to be my student remains to be seen, however. I have a job for you. Impress me.",,,unreviewed,
Ingot,1,0,1,0,"In exchange for one Sulfuron Ingot, I am authorized to grant you one copy of the plans to forge a Sulfuron hammer.  Now an adventurer like yourself is probably thinking to   himself:herself;, 'What would I ever need a hammer like that for when what I already own is far superior?'  Well let me tell you something,   mister:missy;, there ain't nothing more superior than what the Sulfuron hammer can become!",,,unreviewed,
Inigo,1,1,0,0,Father Inigo Montoy,,,unreviewed,
Initiate,1,1,0,0,Argent Dawn Initiate,,,unreviewed,
Innocent,1,0,0,1,Stalvan Mistmantle led a life of depravity. Innocent victims died by his hand. Undoubtedly he her premonition that led to this gruesome discovery. But Darkshire is safer because of her.,,,unreviewed,
Inquisitor,1,1,0,0,High Inquisitor Fairbanks,,,unreviewed,
Instant,1,0,1,0,"The theory behind it is that we completely destroy you with a massive explosion wherever you are and send those particles through a dimensional rip and then re-implode you at the machine here.   Instant Transport!    It might not work ALL the time, but what kind of goblin engineer are you!   If survival was your first priority you could never be a real Goblin Engineer!Here is the recipe you will need to make the Dimensional Ripper and try it out!",,,unreviewed,
Insurgents,1,0,0,1,Earlier today I spotted some Dark Iron Insurgents swimming toward the Dam with a large to take this mixture and stir it into the keg before it's too late! Hurry!,,,unreviewed,
Interested,1,0,0,1,"Mighty  , I know what you are doing out here in the Badlands. I know Droffers is, and it'll let you still complete your deal with them. Interested now, yes?",,,unreviewed,
Intriguing,1,0,0,1,"Intriguing. Well, we might not be without hope quite yet. Along that same coast, but to the find Karnitol's belongings, I'd start with the more powerful naga: the tidehunters or sea witches.",,,unreviewed,
Invader,1,0,0,1,Invader's Scourgestones,,,unreviewed,
Invention,1,0,1,0,"Invention, my dear  , is two percent bottled inspiration, four percent solar exposure, six percent chance of thunderstorms clearing by mid-afternoon, and ninety-three percent Rumplesnicker.  Wait, did that add to one hundred? I've got my notes around here somewhere.",,,unreviewed,
Ironboot,1,1,0,0,Prospector Ironboot,,,unreviewed,
Ironhand,1,1,0,0,Feero Ironhand,,,unreviewed,
Ironheart,1,1,0,0,Marek Ironheart,,,unreviewed,
Ironhew,1,1,0,0,Sigrun Ironhew,,,unreviewed,
Ironhill,1,0,0,1,"Dwarves aiding the humans? Damn those filthy little beasts. We shall test the strength of the battle is to lay siege on Dun Garok,  . Captain Ironhill, their leader, must die.",,,unreviewed,
Ironjaw,1,1,0,0,Valstag Ironjaw,,,unreviewed,
Ironknife,1,1,0,0,Alexia Ironknife,,,unreviewed,
Isabella,1,1,0,0,Isabella,,,unreviewed,
Isenstrider,1,1,0,0,Falkhaan Isenstrider,,,unreviewed,
Isildien,1,0,1,0,"In a place called Feralas to the west of here, the hippogryphs, long-time companions of the night elves, are in danger.  I need you to rescue an egg from the ruins of Isildien, to the south, there. The Super Egg-O-Matic can analyze any egg brought to it and judge if it is likely to hatch. I then send the eggs along to the druids, safe from the Gordunni ogres' dark magics.  Please know,  , some of the rescued eggs are bad eggs, and will never hatch.",,,unreviewed,
Ivory,1,0,0,1,Ivory Raptor Replacement,,,unreviewed,
Ivus,1,0,0,1,Ivus the Forest Lord,,,unreviewed,
Ivy,1,1,0,0,Ivy Leafrunner,,,unreviewed,
JOB,1,0,0,1,JOB OPPORTUNITY: Culling the Competition,,,unreviewed,
Jackson,1,0,1,0,"Be advised,   Jackson : Princess; - I am in no mood for any comment that you think is cute or funny.  I am here to make sure that the Arch Druid's research proceeds as planned, and my orders are to weed out all non-hackers who do not pack the gear to serve in my beloved Cenarion Circle.",,,unreviewed,
Jainrose,1,1,0,0,Martie Jainrose,,,unreviewed,
Jalane,1,1,0,0,Jalane Ayrole,,,unreviewed,
Jalinda,1,1,0,0,Jalinda Sprig,,,unreviewed,
Jamani,1,1,0,0,Skinner Jamani,,,unreviewed,
Jamboree,1,0,0,1,Staghelm's Mojo Jamboree,,,unreviewed,
Janene,1,1,0,0,Innkeeper Janene,,,unreviewed,
Janice,1,1,0,0,Janice Felstone,,,unreviewed,
Jannos,1,1,0,0,Jannos Lighthoof,,,unreviewed,
Jarel,1,1,0,0,Jarel Moor,,,unreviewed,
Jarrodenus,1,1,0,0,Jarrodenus,,,unreviewed,
Jartsam,1,1,0,0,Jartsam,,,unreviewed,
Jasper,1,1,0,0,Jasper Fel,,,unreviewed,
Javon,1,1,0,0,Lorekeeper Javon,,,unreviewed,
Jaxin,1,1,0,0,Jaxin Chong,,,unreviewed,
Jaycrue,1,1,0,0,Jaycrue Copperpinch,,,unreviewed,
Jayka,1,1,0,0,Innkeeper Jayka,,,unreviewed,
Jeen'ra,1,1,0,0,Jeen'ra Nightrunner,,,unreviewed,
Jen'shan,1,1,0,0,Jen'shan,,,unreviewed,
Jerkins,1,0,0,1,Carnival Jerkins,,,unreviewed,
Jern,1,1,0,0,Jern Hornhelm,,,unreviewed,
Jessara,1,1,0,0,Jessara Cordell,,,unreviewed,
Jett,1,0,0,1,This is interesting indeed. I am glad you have brought it to my attention. Now we have brought it to my attention. Now we have a name for our troubles... Lorgus Jett.,,,unreviewed,
Jewel,1,0,0,1,The Jewel of Kajaro,,,unreviewed,
Jezel,1,1,0,0,Apothecary Jezel,,,unreviewed,
Jhordy,1,1,0,0,Jhordy Lapforge,,,unreviewed,
Jillian,1,1,0,0,Jillian Tanner,,,unreviewed,
Jin'do,1,0,0,1,"It is true. Hakkar now dwells in Zul'Gurub, bathing in the power of our gods. the head of their leader, Jin'do the Hexxer. When you have done this, return to me.",,,unreviewed,
Jinar'Zillen,1,1,0,0,Jinar'Zillen,,,unreviewed,
Joachim,1,1,0,0,Joachim Brenlow,,,unreviewed,
Job,1,0,0,1,Job Opening: Guard Captain of Revantusk Village,,,unreviewed,
Joe,1,1,0,0,Tommy Joe Stonefield,,,unreviewed,
Jorach,1,1,0,0,Lord Jorach Ravenholdt,,,unreviewed,
Joseph,1,1,0,0,Joseph Dirte,,,unreviewed,
Josephine,1,1,0,0,Josephine Lister,,,unreviewed,
Jotek,1,1,0,0,Jotek,,,unreviewed,
Julia,1,1,0,0,Julia Gallina,,,unreviewed,
Junior,1,1,0,0,Junior Apothecary Holland,,,unreviewed,
Junkboxes,1,0,0,1,Junkboxes Needed,,,unreviewed,
KING,1,0,0,1,THE KING?! I mean... the king? The real king? Are you joking? You didn't mention key now is to find this Hendel. And I think I can help with that.,,,unreviewed,
Kaerbrus,1,1,0,0,Kaerbrus,,,unreviewed,
Kaita,1,1,0,0,Kaita Deepforge,,,unreviewed,
Kalin,1,1,0,0,Kalin Windflight,,,unreviewed,
Kaltunk,1,1,0,0,Kaltunk,,,unreviewed,
Kandrostrasz,1,1,0,0,Kandrostrasz,,,unreviewed,
Karakul,1,1,0,0,Innkeeper Karakul,,,unreviewed,
Karang,1,1,0,0,Karang Amakkar,,,unreviewed,
Karhan,1,1,0,0,Doan Karhan,,,unreviewed,
Karman,1,1,0,0,Brother Karman,,,unreviewed,
Karna,1,1,0,0,Karna Remtravel,,,unreviewed,
Karos,1,1,0,0,Karos Razok,,,unreviewed,
Karrina,1,1,0,0,Karrina Mekenda,,,unreviewed,
Kartosh,1,1,0,0,Kartosh,,,unreviewed,
Katherine,1,1,0,0,Katherine the Pure,,,unreviewed,
Kathrum,1,1,0,0,Kathrum Axehand,,,unreviewed,
Katie,1,1,0,0,Katie Hunter,,,unreviewed,
Katoom,1,1,0,0,Katoom the Angler,,,unreviewed,
Katrana,1,1,0,0,Lady Katrana Prestor,,,unreviewed,
Katrina,1,1,0,0,Katrina Shimmerstar,,,unreviewed,
Kayla,1,1,0,0,Kayla Smithe,,,unreviewed,
Kaylisk,1,1,0,0,Innkeeper Kaylisk,,,unreviewed,
Kearnen,1,1,0,0,Agent Kearnen,,,unreviewed,
Kebok,1,1,0,0,Kebok,,,unreviewed,
Keeshan,1,1,0,0,Corporal Keeshan,,,unreviewed,
Kegs,1,0,0,1,Ruined Kegs,,,unreviewed,
Keldas,1,1,0,0,Keldas,,,unreviewed,
Keldric,1,1,0,0,Keldric Boucher,,,unreviewed,
Kelek,1,1,0,0,Kelek Skykeeper,,,unreviewed,
Kelgruk,1,1,0,0,Kelgruk Bloodaxe,,,unreviewed,
Ken'jai,1,1,0,0,Ken'jai,,,unreviewed,
Ker,1,1,0,0,Ker Ragetotem,,,unreviewed,
Kerlonian,1,1,0,0,Kerlonian Evershade,,,unreviewed,
Kernobee,1,1,0,0,Kernobee,,,unreviewed,
Kerwin,1,1,0,0,Richard Kerwin,,,unreviewed,
Keyl,1,1,0,0,Keyl Swiftclaw,,,unreviewed,
Khaelyn,1,1,0,0,Khaelyn Steelwing,,,unreviewed,
Khazgorm,1,0,0,1,"Following Khazgorm's plans it should be no problem to fashion an explosive charge Ah, there we of my tribe. Make me proud by completing this heroic task and you shall be rewarded.",,,unreviewed,
Khelden,1,1,0,0,Khelden Bremen,,,unreviewed,
Khorman,1,1,0,0,Thran Khorman,,,unreviewed,
Khur,1,1,0,0,Khur Hornstriker,,,unreviewed,
Kielar,1,1,0,0,William Kielar,,,unreviewed,
Kil'Hiwana,1,1,0,0,Kil'Hiwana,,,unreviewed,
Kil'hala,1,1,0,0,Kil'hala,,,unreviewed,
Kildar,1,1,0,0,Kildar,,,unreviewed,
Kimlya,1,1,0,0,Innkeeper Kimlya,,,unreviewed,
Kin,1,0,0,1,"You've done a great service for us,  . Thank you. I hope Kin wasn't too much down there. She's very friendly, but can be just as deadly when you're her enemy.",,,unreviewed,
Kin'weelay,1,1,0,0,Kin'weelay,,,unreviewed,
Kindwhisper,1,1,0,0,Cyndra Kindwhisper,,,unreviewed,
Kingsblood,1,0,0,1,Restoring Fiery Flux Supplies via Kingsblood,,,unreviewed,
Kir,1,1,0,0,Archmage Tarsis Kir-Moldir,,,unreviewed,
Kirge,1,1,0,0,Kirge Sternhorn,,,unreviewed,
Kit,1,0,0,1,Craftsman's Writ - Rugged Armor Kit,,,unreviewed,
Kitha,1,1,0,0,Kitha,,,unreviewed,
Klannoc,1,1,0,0,Klannoc Macleod,,,unreviewed,
Koen,1,1,0,0,Gerik Koen,,,unreviewed,
Kolark,1,1,0,0,Bounty Hunter Kolark,,,unreviewed,
Koma,1,1,0,0,Koma,,,unreviewed,
Kor'ghan,1,1,0,0,Kor'ghan,,,unreviewed,
Korin,1,1,0,0,Korin Fel,,,unreviewed,
Korra,1,0,1,0,"Yes, I expected that you would be back. I sent Korra out earlier and she came across Dartol's Rod, abandoned in the forest.  We worked so hard to recover it,  . Please take care to see that you do not handle it so carelessly in the future.",,,unreviewed,
Kozus,1,1,0,0,Vish Kozus,,,unreviewed,
Kragg,1,1,0,0,Kragg,,,unreviewed,
Krakle,1,1,0,0,Krakle,,,unreviewed,
Kroum,1,1,0,0,Kroum,,,unreviewed,
Kryten,1,1,0,0,Apprentice Kryten,,,unreviewed,
Kul,1,0,0,1,"The beginning of every month the Kul Tiras Marines all get paid and usually leave loyal to Proudmoore, but if you drop Elling's name, he should help you out... discretely.",,,unreviewed,
Kuray'bin,1,1,0,0,Kuray'bin,,,unreviewed,
Kurden,1,1,0,0,Kurden Bloodclaw,,,unreviewed,
Kym,1,1,0,0,Kym Wildmane,,,unreviewed,
LET,1,0,0,1,"Here ya go   - put this thing on, and you'll have ten minutes to find a key to get me out of here, BY ALL MEANS LET ME KNOW!!!",,,unreviewed,
LIVING,1,0,1,0,"I bear witness to a miracle that stands before me! In one thousand years of captivity, I have not seen a single LIVING specimen - other than those foul Qiraji and silithid - enter these chambers.",,,unreviewed,
LOVE,1,0,1,0,"(Sniff, sniff) You smell that? Don't you just LOVE the smell of grease?",,,unreviewed,
LaRue,1,1,0,0,Smokey LaRue,,,unreviewed,
Lager,1,0,1,0,Have you tried that Thunderbrew Lager?  It's good stuff!,,,unreviewed,
Laird,1,1,0,0,Laird,,,unreviewed,
Lakota,1,1,0,0,Lakota Windsong,,,unreviewed,
Lakota'mani,1,0,0,1,Lakota'mani,,,unreviewed,
Lamenur,1,1,0,0,Peria Lamenur,,,unreviewed,
Landing,1,0,1,0,Look for the Zeppelin Landing Tower outside of the city to the southeast.,,,unreviewed,
Landion,1,1,0,0,Cenarion Scout Landion,,,unreviewed,
Lang,1,1,0,0,Gina Lang,,,unreviewed,
Langston,1,1,0,0,Reese Langston,,,unreviewed,
Lanie,1,1,0,0,Lanie Reed,,,unreviewed,
Lankester,1,1,0,0,Father Lankester,,,unreviewed,
Lanti'gah,1,1,0,0,Lanti'gah,,,unreviewed,
Lapforge,1,1,0,0,Jhordy Lapforge,,,unreviewed,
Lapidaar,1,1,0,0,Alenndaar Lapidaar,,,unreviewed,
Lar,1,1,0,0,Lar Prowltusk,,,unreviewed,
Lara,1,1,0,0,Lara Moore,,,unreviewed,
Largest,1,0,0,1,The World's Largest Gnome!,,,unreviewed,
Larimaine,1,1,0,0,Larimaine Purdue,,,unreviewed,
Larksbane,1,1,0,0,Geologist Larksbane,,,unreviewed,
Lars,1,1,0,0,Lars,,,unreviewed,
Lashtail,1,0,0,1,Now let's step up the challenge and see if you're up to it. Venture into jungle and bag yourself 10 of those bloody Lashtail Raptors. Let's see what you've got!,,,unreviewed,
Launch,1,0,0,1,Launch the Attack!,,,unreviewed,
Lava,1,0,0,1,"Favor Amongst the Brotherhood, Lava Core",,,unreviewed,
Layo,1,1,0,0,Layo Starstrike,,,unreviewed,
Lazarus,1,1,0,0,Father Lazarus,,,unreviewed,
Leader,1,0,0,1,"On behalf of the people of Darkshire and as the Leader of the Night Watch, thank you,  , for your bravery and dedication. May the Light shine upon your ways.",,,unreviewed,
Leaping,1,1,0,0,Brave Leaping Deer,,,unreviewed,
Legendary,1,0,0,1,Legendary Heroes,,,unreviewed,
Lelanai,1,1,0,0,Lelanai,,,unreviewed,
Lemkenilli,1,1,0,0,Jenna Lemkenilli,,,unreviewed,
Leopold,1,1,0,0,Huntsman Leopold,,,unreviewed,
Lerent,1,1,0,0,Apothecary Staffron Lerent,,,unreviewed,
Lescovar,1,0,1,0,"You'll have to be patient with me,  . I've got my Spybot inside working on a very delicate matter. I'll be with ya in a second.  Oh, and do me a favor, try not to let Lescovar see you... we're about to ambush him.",,,unreviewed,
Lesh,1,1,0,0,Deathstalker Lesh,,,unreviewed,
Less,1,0,1,0,"Do you expect me to cower before the mighty legion of  ?  You are nothing to me. Less than nothing. Had I desired your head, it would have been presented to me on a pike.  You have made the mistake that all mortals make.  <Lord Victor Nefarius sighs.>  Time does strange things to those that use it as a form of currency.",,,unreviewed,
Lesser,1,0,0,1,12 Tickets - Lesser Darkmoon Prize,,,unreviewed,
Lethlor,1,0,0,1,"With Tho'grun dead, his corpse picked clean by the desert winds and scavenging buzzards, the drakes' prison in Lethlor. We shall free them from endless imprisonment, albeit to their doom!",,,unreviewed,
Lexington,1,1,0,0,Lexington Mortaim,,,unreviewed,
Librams,1,0,1,0,"Oh the drama and fuss the young Master exerted. You would think the fate of the world rested squarely on his shoulders. Only mortals could have such a skewed perspective on our world.  Alas, he left me with his meager magical secrets... Librams or some such nonsense. I have no use for these paultry magics but perhaps you might be interested in their enchantments.",,,unreviewed,
Librarian,1,1,0,0,Librarian Mae Paledust,,,unreviewed,
Library,1,0,0,1,Stormwind Library,,,unreviewed,
Lies,1,0,0,1,In the land to the south where vines twist and creep Lies a hidden well where water runs deep Pure as the Light's sacred Daughter Bring to me now some Holy Spring Water.,,,unreviewed,
Lifting,1,0,0,1,Lifting the Curse,,,unreviewed,
Lighthammer,1,1,0,0,Trenton Lighthammer,,,unreviewed,
Lighthoof,1,1,0,0,Jannos Lighthoof,,,unreviewed,
Lightning,1,0,0,1,Craftsman's Writ - Lightning Eel,,,unreviewed,
Lightninghoof,1,1,0,0,Hagar Lightninghoof,,,unreviewed,
Lightwind,1,1,0,0,Daryn Lightwind,,,unreviewed,
Liladris,1,1,0,0,Liladris Moonriver,,,unreviewed,
Lilith,1,1,0,0,Lilith the Lithe,,,unreviewed,
Lin'do,1,1,0,0,Fisherman Lin'do,,,unreviewed,
Lina,1,1,0,0,Lina Stover,,,unreviewed,
Lind,1,1,0,0,Adam Lind,,,unreviewed,
Lindgren,1,1,0,0,Dane Lindgren,,,unreviewed,
Linnea,1,1,0,0,Deathguard Linnea,,,unreviewed,
Lisande,1,1,0,0,Lieutenant Lisande,,,unreviewed,
Lisbeth,1,1,0,0,Lisbeth Schneider,,,unreviewed,
Listening,1,0,1,0,"When I was wandering the crater after I crashed here, I remembered something that I once was told... 'Go up, up the mountain ahead,' said the voice in my head.  Listening to it is how I ended up here,  !",,,unreviewed,
Lister,1,1,0,0,Josephine Lister,,,unreviewed,
Lithe,1,1,0,0,Lilith the Lithe,,,unreviewed,
Llane,1,1,0,0,Llane Beshere,,,unreviewed,
Loa,1,0,1,0,"I am Zanza, a Loa of Zandalar. I have come in this ethereal form from Zandalar to help my people. Hakkar has no dominion over my soul.  I help those that have helped the Zandalarian people.",,,unreviewed,
Locating,1,0,0,1,So you think your hunting skills are in tip-top shape? I can put them to won't tell you where you can find them! Locating the beasts is half the challenge.,,,unreviewed,
Locke,1,1,0,0,Locke Okarr,,,unreviewed,
Logging,1,0,1,0,You want to learn to be a tailor?  Hmmm... I believe there's a tailor over in the Eastvale Logging Camp that may be able to get you started.  ,,,unreviewed,
Logmar,1,1,0,0,Grunt Logmar,,,unreviewed,
Loh'atu,1,1,0,0,Loh'atu,,,unreviewed,
Lok,1,0,0,1,"Ashenvale? Hmm, I had not heard of any presence of the Council or the Burning and keep yourself occupied with other tasks. I will call upon you again soon. Lok-Tar Ogar!",,,unreviewed,
Lokholar,1,0,0,1,Lokholar the Ice Lord,,,unreviewed,
Loksey,1,0,1,0,"They almost sent my brother, Loksey, to this gathering. He cannot even take care of his hounds, let alone represent the Scarlet Crusade in a competent manner.",,,unreviewed,
Lonebrow,1,0,0,1,Lonebrow's Journal,,,unreviewed,
Lonetree,1,1,0,0,Zor Lonetree,,,unreviewed,
Longbraid,1,1,0,0,Longbraid the Grim,,,unreviewed,
Longshore,1,0,0,1,WANTED: Baron Longshore,,,unreviewed,
Longstriker,1,1,0,0,Lookout Captain Lolo Longstriker,,,unreviewed,
Looters,1,0,0,1,"A band of vicious Defias Pillagers has been seen plundering the Gold Coast Quarry, Moonbrook I want you to kill 15 of those foul Defias Pillagers and 15 Defias Looters.",,,unreviewed,
Lordship,1,0,0,1,Twilight Ring of Lordship,,,unreviewed,
Lorgus,1,0,0,1,This is interesting indeed. I am glad you have brought it to my attention. Now we have brought it to my attention. Now we have a name for our troubles... Lorgus Jett.,,,unreviewed,
Loslor,1,1,0,0,Loslor Rudge,,,unreviewed,
Lotherias,1,1,0,0,Lotherias,,,unreviewed,
Lucius,1,1,0,0,Lucius,,,unreviewed,
Luckily,1,0,0,1,"It's unanimous,  . You've got the 'itis.' Luckily, I have a cure for the 'itis.' Here's what cured. Oh, and Dr. Montgomery says you need a shower -- his words, not mine.",,,unreviewed,
Luckycatch,1,1,0,0,Myizz Luckycatch,,,unreviewed,
Luglunket,1,1,0,0,Spigot Operator Luglunket,,,unreviewed,
Lui'Mala,1,1,0,0,Lui'Mala,,,unreviewed,
Lumere,1,1,0,0,Maria Lumere,,,unreviewed,
Lundmark,1,1,0,0,Deathguard Lundmark,,,unreviewed,
Lungertz,1,1,0,0,Quartermaster Lungertz,,,unreviewed,
Lurker,1,0,0,1,"Begin collecting the disarming materials immediately,  . Lurker Venom can be found on the indigenous Return to me once you've collected the needed items and I will prepare the mixture.",,,unreviewed,
Luther,1,1,0,0,Luther Pickman,,,unreviewed,
Lynn,1,1,0,0,Andi Lynn,,,unreviewed,
Lyshaerya,1,1,0,0,Innkeeper Lyshaerya,,,unreviewed,
MEANS,1,0,0,1,"Here ya go   - put this thing on, and you'll have ten minutes to find a key to get me out of here, BY ALL MEANS LET ME KNOW!!!",,,unreviewed,
MacHammar,1,1,0,0,Onin MacHammar,,,unreviewed,
MacVince,1,1,0,0,Gregor MacVince,,,unreviewed,
Macey,1,1,0,0,Macey Jinglepocket,,,unreviewed,
Macleod,1,1,0,0,Klannoc Macleod,,,unreviewed,
Made,1,0,1,0,"Made by the finest craftsmen in all of Teldrassil, carried by hand from Kalimdor to Azeroth as a sign of the growing alliance between the people of the Great Tree and the humans of this land. If there is anything you require, you have but to ask.",,,unreviewed,
Mae,1,1,0,0,Librarian Mae Paledust,,,unreviewed,
Maethrya,1,1,0,0,Maethrya,,,unreviewed,
Magecraft,1,0,0,1,Magecraft,,,unreviewed,
Maggot,1,0,0,1,Wanted: Maggot Eye,,,unreviewed,
Maggran,1,1,0,0,Maggran Earthbinder,,,unreviewed,
Magmar,1,1,0,0,Magmar Fellhew,,,unreviewed,
Magram,1,0,0,1,Magram Alliance,,,unreviewed,
Magthrull,1,0,0,1,"Ilkrud Magthrull. Yes, I have knowledge of him. He is a powerful orc warlock that and I had not dealt with him, but it seems that his time has come.",,,unreviewed,
Mahani,1,1,0,0,Mahani,,,unreviewed,
Mai'Lahii,1,1,0,0,Mai'Lahii,,,unreviewed,
Mai'ah,1,1,0,0,Mai'ah,,,unreviewed,
Maim,1,0,1,0,"Rend, son of Blackhand: Impotent chieftain of the Blackrock clan. A more stubborn bastard does not exist.  At the end of the second War, Rend and his brother, Maim, fled to find sanctuary within the mountainous stronghold of Blackrock Spire. It was there that Rend declared himself Warchief of the weakened Blackrock clan.",,,unreviewed,
Majestic,1,0,0,1,"Majestic sea creatures are known to launch themselves at the Darkshore coastline, beached there until Greymist murlocs. Could you go there and retrieve bones from the creature for our study?",,,unreviewed,
Majesty,1,0,0,1,"Ah, such fine stone comes from Lordaeron. Such a shame the land is in such you will, please send word to His Majesty that the Memorial is complete as requested.",,,unreviewed,
Makaba,1,1,0,0,Makaba Flathoof,,,unreviewed,
Mal'derath,1,1,0,0,Squire Leoren Mal'derath,,,unreviewed,
Malakai,1,1,0,0,Malakai Cross,,,unreviewed,
Maleb,1,1,0,0,Magistrate Henry Maleb,,,unreviewed,
Maline,1,1,0,0,Felicia Maline,,,unreviewed,
Malory,1,1,0,0,Sir Malory Wheeler,,,unreviewed,
Malosh,1,1,0,0,Malosh,,,unreviewed,
Maltorius,1,0,0,1,WANTED: Overseer Maltorius,,,unreviewed,
Malvew,1,1,0,0,Darren Malvew,,,unreviewed,
Malyfous,1,1,0,0,Malyfous Darkhammer,,,unreviewed,
Malygos,1,0,1,0,"The blue dragons themselves aren't here, but followers of Malygos are. I do not know why, but I can tell you this: wherever the blue dragons are, expect to find arcane magic. I wouldn't be surprised if the dragonspawn are here protecting something... perhaps something the Highborne left behind.",,,unreviewed,
Manados,1,1,0,0,Argent Guard Manados,,,unreviewed,
Management,1,0,1,0,My job title is Waste Management Specialist.,,,unreviewed,
Manaweave,1,0,0,1,Manaweave Robe,,,unreviewed,
Maneweaver,1,1,0,0,Nadyia Maneweaver,,,unreviewed,
Maneweavers,1,0,1,0,The Maneweavers practice their professions out of their home on the road to Darnassus.  Nadyia is an excellent teacher when it comes to Leatherworking.  You should see what she can teach you.,,,unreviewed,
Mangoes,1,0,0,1,Essence Mangoes,,,unreviewed,
Mannoroth,1,0,1,0,"All members of the Horde are equal in my eyes,  . We have all suffered many burdens, and if it were not for wisdom and honor, then we would be no better than the Scourge or my people while our blood was tainted by the demon Mannoroth.  It is your duty to aid the Horde and to defend our way of life. But it is also your duty to know when quarter and compassion should be given to friend and foe alike.  Understand this well. This is the new Horde, not some demon-spawned army who lack freewill.",,,unreviewed,
Map,1,0,0,1,"Map making! Pictures, estimations of reality. I have no use for such things. In books, narrative, one book on the rise of necromancy, or a tale of the Dark Lady's triumph.",,,unreviewed,
Maps,1,0,0,1,Maps and Runes,,,unreviewed,
Marda,1,1,0,0,Marda Weller,,,unreviewed,
Mardant,1,1,0,0,Mardant Strongoak,,,unreviewed,
Mardenholde,1,0,1,0,"My son, Taelan, was only a child when I was found guilty of treason and banished from the Alliance to live a life in exile. I chose to remain here so that I could watch over him; to somehow insure that he would grow up an honorable man.  As I had hoped, he took my place as lord of Mardenholde; but in a cruel twist of fate, joined the ranks of the Scarlet Crusade. He is now their Highlord,  .",,,unreviewed,
Marduk,1,1,0,0,Marduk Blackpool,,,unreviewed,
Marduke,1,1,0,0,Magistrate Marduke,,,unreviewed,
Marek,1,1,0,0,Marek Ironheart,,,unreviewed,
Marez,1,0,0,1,Wanted!  Marez Cowl,,,unreviewed,
Marg,1,0,0,1,Marg Speaks,,,unreviewed,
Maria,1,1,0,0,Maria Lumere,,,unreviewed,
Marines,1,0,0,1,"The beginning of every month the Kul Tiras Marines all get paid and usually leave loyal to Proudmoore, but if you drop Elling's name, he should help you out... discretely.",,,unreviewed,
Markhor,1,1,0,0,Huntsman Markhor,,,unreviewed,
Marksman,1,1,0,0,Galamav the Marksman,,,unreviewed,
Marli,1,1,0,0,Marli Wishrunner,,,unreviewed,
Marris,1,1,0,0,Marshal Marris,,,unreviewed,
Marryk,1,1,0,0,Marryk Nurribit,,,unreviewed,
Marta,1,1,0,0,Marta Finespindle,,,unreviewed,
Marthand,1,1,0,0,Venya Marthand,,,unreviewed,
Martie,1,1,0,0,Martie Jainrose,,,unreviewed,
Marukai,1,1,0,0,Marukai,,,unreviewed,
Marvelous,1,0,1,0,"Marvelous. Simply marvelous. You are an inspiration to us all,  .",,,unreviewed,
Mary,1,1,0,0,Mary Edras,,,unreviewed,
Masterson,1,0,1,0,Have you tried our bread? Baker Masterson must be the most gifted chef to have ever lived!,,,unreviewed,
Mastok,1,1,0,0,Mastok Wrilehiss,,,unreviewed,
Matters,1,0,1,0,Matters of such an official nature are only handled in Darnassus.  You must travel there to begin the process of your guild's creation.,,,unreviewed,
Matthew,1,1,0,0,Matthew Hooper,,,unreviewed,
Maug,1,1,0,0,Grunt Maug,,,unreviewed,
Maximillion,1,1,0,0,Maximillion,,,unreviewed,
Maxwort,1,1,0,0,Maxwort Uberglint,,,unreviewed,
Mayda,1,1,0,0,Mayda Thane,,,unreviewed,
McBride,1,1,0,0,Marshal McBride,,,unreviewed,
McCoy,1,1,0,0,Sloan McCoy,,,unreviewed,
McGavan,1,1,0,0,McGavan,,,unreviewed,
Mea,1,0,0,1,"Mea Culpa, Lord Valthalak",,,unreviewed,
Mean,1,0,0,1,You're a Mean One...,,,unreviewed,
Measuring,1,0,0,1,Nat's Measuring Tape,,,unreviewed,
Mechanic,1,1,0,0,Master Mechanic Castpipe,,,unreviewed,
Mechanical,1,0,0,1,Mechanical Repair Kits,,,unreviewed,
Medic,1,1,0,0,Argent Medic,,,unreviewed,
Meela,1,1,0,0,Meela Dawnstrider,,,unreviewed,
Meggi,1,1,0,0,Meggi Peppinrocker,,,unreviewed,
Mehr,1,1,0,0,Senator Mehr Stonehallow,,,unreviewed,
Mekenda,1,1,0,0,Karrina Mekenda,,,unreviewed,
Mekkatorque,1,1,0,0,High Tinker Mekkatorque,,,unreviewed,
Melithar,1,1,0,0,Melithar Staghelm,,,unreviewed,
Melizza,1,1,0,0,Melizza Brimbuzzle,,,unreviewed,
Mellifluous,1,0,0,1,Mellifluous liquid clear as a baby's tears Turns a lovely deep amber over the years But before we proceed to get lit to the hilt A barrel of charred oak must be built.,,,unreviewed,
Melrache,1,0,0,1,"Scarlet Crusaders have been raiding from the ruined tower in northern Tirisfal, past Faol's Rest. dangerous mission. Slay Melrache and his two bodyguards, in the name of The Dark Lady.",,,unreviewed,
Melyria,1,1,0,0,Sentinel Melyria Frostshadow,,,unreviewed,
Memorial,1,0,0,1,"Ah, such fine stone comes from Lordaeron. Such a shame the land is in such you will, please send word to His Majesty that the Memorial is complete as requested.",,,unreviewed,
Mending,1,0,0,1,Mending Old Wounds,,,unreviewed,
Merideth,1,1,0,0,Merideth Carlson,,,unreviewed,
Metal,1,0,1,0,"Metal, as with all things, should be used in balance with nature.  Karn Stonehoof has a smithy setup near the pond on the lower rise.  Seek out his wisdom.",,,unreviewed,
Miblon,1,0,1,0,"Heh, heh... Quite the inquisitive one, aren't ya,  ? Well, here's what you need to do.  North of here, in the old ruins, lives a very disagreeable gnoll by the name of Miblon Snarltooth. He guards the only Evoroot I know of, but he watches it night and day! Seems like he never even sleeps!  What you can do, is bribe him. I can sell you some bait that he'll find tasty -- just put it down near him and that will distract him long enough for you to grab the Evoroot. Good luck!",,,unreviewed,
Miller,1,1,0,0,Thomas Miller,,,unreviewed,
Milli,1,1,0,0,Milli Featherwhistle,,,unreviewed,
Millstipe,1,1,0,0,Councilman Millstipe,,,unreviewed,
Milstaff,1,1,0,0,Milstaff Stormeye,,,unreviewed,
Minion,1,0,0,1,Minion's Scourgestones,,,unreviewed,
Minions,1,0,0,1,Wanted: Vile Priestess Hexx and Her Minions,,,unreviewed,
Minor,1,0,0,1,5 Tickets - Minor Darkmoon Prize,,,unreviewed,
Miran,1,1,0,0,Miran,,,unreviewed,
Mirket,1,1,0,0,Mirket,,,unreviewed,
Misha,1,1,0,0,Misha Tor'kren,,,unreviewed,
Mishellena,1,1,0,0,Mishellena,,,unreviewed,
Mishta,1,1,0,0,Mishta,,,unreviewed,
Missionaries,1,0,0,1,The strategic documents from Executor Arren contain all the details we need to wipe the of Brill. Kill Perrine along with 3 Zealots and 3 Missionaries and report back to me.,,,unreviewed,
Missive,1,0,0,1,Missive from the Front,,,unreviewed,
Mistmantle,1,0,0,1,Stalvan Mistmantle led a life of depravity. Innocent victims died by his hand. Undoubtedly he her premonition that led to this gruesome discovery. But Darkshire is safer because of her.,,,unreviewed,
Mitsuwa,1,1,0,0,Mitsuwa,,,unreviewed,
Mizjah,1,0,0,1,"The power of the jungle's magic must be realized and then harnessed by the Horde. will find some close by, just across the river from Mizjah Ruins to the southeast.",,,unreviewed,
Mmm,1,0,0,1,Yes? Mmm. I have a feeling I know what you're going to ask me: what would concern for her own well-being? I'm willing to bet we both know the answer to that.,,,unreviewed,
Modiste,1,1,0,0,Haughty Modiste,,,unreviewed,
Modulator,1,0,0,1,Copper Modulator,,,unreviewed,
Moji'ko,1,1,0,0,Otho Moji'ko,,,unreviewed,
Moldir,1,1,0,0,Archmage Tarsis Kir-Moldir,,,unreviewed,
Moltenfist,1,1,0,0,Krathok Moltenfist,,,unreviewed,
Monika,1,1,0,0,Monika Sengutz,,,unreviewed,
Month,1,0,0,1,10 Tickets - Last Month's Mutton,,,unreviewed,
Montoy,1,1,0,0,Father Inigo Montoy,,,unreviewed,
Moonblade,1,1,0,0,Sentinel Tysha Moonblade,,,unreviewed,
Moonhorn,1,1,0,0,Brave Moonhorn,,,unreviewed,
Moonriver,1,1,0,0,Liladris Moonriver,,,unreviewed,
Moonsinger,1,1,0,0,Myriam Moonsinger,,,unreviewed,
Moontree,1,1,0,0,Sheldras Moontree,,,unreviewed,
Moonwell,1,0,1,0,You seek the aid of a Druid?  Then you should go see Kal at the Moonwell just south of the Inn in Dolanaar.,,,unreviewed,
Moor,1,1,0,0,Jarel Moor,,,unreviewed,
Mor'rogal,1,1,0,0,Mor'rogal,,,unreviewed,
Mordo,1,1,0,0,Undertaker Mordo,,,unreviewed,
Morganth,1,0,0,1,Morganth,,,unreviewed,
Morin,1,1,0,0,Morin Cloudstalker,,,unreviewed,
Morja,1,1,0,0,Morja,,,unreviewed,
Morridune,1,1,0,0,Morridune,,,unreviewed,
Morris,1,1,0,0,Deathguard Morris,,,unreviewed,
Morrow,1,0,0,1,The Morrow Stone,,,unreviewed,
Mort,1,1,0,0,Deathguard Mort,,,unreviewed,
Mortaim,1,1,0,0,Lexington Mortaim,,,unreviewed,
Mortal,1,0,0,1,Mortal Champions,,,unreviewed,
Mosshoof,1,1,0,0,Greta Mosshoof,,,unreviewed,
Motega,1,1,0,0,Motega Firemane,,,unreviewed,
Motley,1,1,0,0,Motley Garmason,,,unreviewed,
Mountaineers,1,0,0,1,"According to the Deathguard, another one of those foolish Dwarven Mountaineers has just been captured. a subtle hint of what The Dark Lady has planned for the rest of Azeroth.",,,unreviewed,
Mounted,1,1,0,0,Mounted Ironforge Mountaineer,,,unreviewed,
Much,1,0,1,0,"In decades past - of now ancient wars and conflicts - our kind was driven to the brink of extinction. Much we have endured,  .  The onslaught of the Burning Legion. The Demon Soul. The Aspects divided. The ascension of Deathwing. The enslavement of our Queen, Alexstrasza, by the Dragonmaw.  Through it all, we have been the unshakable will of the dragons - the undaunted force that has fought to represent our waning existence in this world.",,,unreviewed,
Mudduk,1,1,0,0,Mudduk,,,unreviewed,
Mudsipper,1,1,0,0,Derotain Mudsipper,,,unreviewed,
Mudskunk,1,0,1,0,"To catch Gahz'ranka, you'll need a special Mudskunk lure.  I make 'em myself!  But you need more than just the lure; you need some mudskunks too... you need to place them in the lure to give it a rank old smell!  When you have the mudskunks, throw the lure off Pagle's Point in Zul'Gurub... and then grab a drink and wait... but not too long, because Gahz'ranka is sure to come a'stomping!",,,unreviewed,
Muglash,1,1,0,0,Muglash,,,unreviewed,
Mull,1,1,0,0,Mull Thunderhorn,,,unreviewed,
Mupsi,1,1,0,0,Mupsi Shacklefridd,,,unreviewed,
Muradin,1,0,1,0,"I can make amazing things with the materials I find out here. By Muradin's beard, there are fantastic creatures in these hills! Go have a whack at them,  , and bring me back some tall tales.",,,unreviewed,
Murdaloc,1,0,0,1,Murdaloc,,,unreviewed,
Murgot,1,1,0,0,Murgot Deepforge,,,unreviewed,
Murkdeep,1,0,0,1,WANTED: Murkdeep!,,,unreviewed,
Mydrannul,1,1,0,0,Mydrannul,,,unreviewed,
Myizz,1,1,0,0,Myizz Luckycatch,,,unreviewed,
Mykos,1,1,0,0,Lorekeeper Mykos,,,unreviewed,
Myriam,1,1,0,0,Myriam Moonsinger,,,unreviewed,
Mystic,1,1,0,0,Mystic Yayo'jin,,,unreviewed,
Mystical,1,0,1,0,"Mystical goods and commodities is my business, stranger.",,,unreviewed,
Mythical,1,0,1,0,"Welcome!  Welcome to Yebb Neblegear's Darkmoon Zoo Bizarre - a Trove of Living Legends and Mythical Oddities!  Enjoy your visit, friend!  But be mindful of what you touch!  These exhibits hold artifacts and beasts both dire and divine!  They might burn the wayward hand of an over-curious onlooker...",,,unreviewed,
Myzrael,1,0,0,1,Myzrael's Allies,,,unreviewed,
NOT,1,0,1,0,"I dream,  ... oh yes, I dream. In my dreams I die a thousand times in a thousand different ways. Some would call dreams such as mine nightmares. NOT I! In dreams I die in the thick of battle. For each single death of my own, ten thousand enemies of the Horde fall before me. It is glorious!",,,unreviewed,
Naive,1,0,1,0,"Naive fool. The Burning Blade IS the Shadow Council! There are many cults and organizations under the Council's rule, but all of them are just extensions of their will. I may lead the Burning Blade, but I am still just as much a pawn to the Council as you are to me!  Look at the Searing Blade--most of them think they are becoming the next rising group of powerful warlocks that they will replace the Shadow Council.",,,unreviewed,
Najak,1,1,0,0,Najak Hexxen,,,unreviewed,
Nal'Shea,1,1,0,0,Sentinel Glynda Nal'Shea,,,unreviewed,
Nalesette,1,1,0,0,Nalesette Wildbringer,,,unreviewed,
Nalpak,1,1,0,0,Nalpak,,,unreviewed,
Nana,1,0,1,0,"Nana always said there was no greater thing in the whole world than a warm, toasty slice of fresh, homemeade cherry pie.",,,unreviewed,
Narett,1,1,0,0,Alchemist Narett,,,unreviewed,
Nartok,1,1,0,0,Nartok,,,unreviewed,
Narv,1,1,0,0,Narv Hidecrafter,,,unreviewed,
Nataka,1,1,0,0,Nataka Longhorn,,,unreviewed,
Naturally,1,0,1,0,"It sure is! Those hives were abuzz with various silithid that were none too happy to see us.  Everything was going fine until we came across a glyphed crystal in Hive'Regal. She was drawn to it like a moth to a flame! She put her pretty little cheek up against the crystal and instantly entered a trance-like state. Naturally, this worried my crew. We picked her up and carried her out of there with a quickness!",,,unreviewed,
Nay,1,0,1,0,"My father was slain by the filth that inhabits the cauldron. My pleas for assistance to the Stormwind magistrate fell on deaf ears. Nay, they want not to admit that this part of the world even exists, let alone send their precious military in to administer justice.  I seek vengeance,  , plain and simple. Is there a more passionate cause in this world?",,,unreviewed,
Nazeer,1,1,0,0,Nazeer Bloodpike,,,unreviewed,
Nazferiti,1,0,0,1,"See, the Venture Company shredders out in Lake Nazferiti (in northern Stranglethorn) have been equipped know he keeps them in his house, but they're almost certainly under lock and key.",,,unreviewed,
Neals,1,1,0,0,Brother Neals,,,unreviewed,
Nebblegear,1,0,1,0,"Glad you asked. Darkmoon Faire Prize Tickets are our way of letting you help with the faire, and in return you can turn in your tickets for special prizes!To get started you'll want to talk to Chronos, Kerri Hicks, Ringling and Yebb Nebblegear to see who you can best help. They always have something that needs doing to improve and expand our attractions.Then when you have enough tickets, speak with Gelvas Grimegate and he will give you a list of prizes to choose from.",,,unreviewed,
Needed,1,0,0,1,Junkboxes Needed,,,unreviewed,
Needlework,1,0,1,0,"Needlework requires a steady hand. And patience... above all, patience.",,,unreviewed,
Negolash,1,0,0,1,Facing Negolash,,,unreviewed,
Neither,1,0,1,0,"Neither you nor I could possibly imagine the pain an individual suffers when their soul is ripped from their body. They are not dead and by no means are they alive. Instead, they walk the land, servants of those that bind them to this world.  Lord Razelikh, demonic overlord of these lands, enslaved them all. Nine he took for his own, placing stones of binding near the Dark Portal. The remaining nine were divided up between his subordinates.",,,unreviewed,
Nelson,1,1,0,0,Nelson the Nice,,,unreviewed,
Neptulon,1,0,0,1,The Wrath of Neptulon,,,unreviewed,
Nestor,1,1,0,0,Colossus Researcher Nestor,,,unreviewed,
Nevell,1,1,0,0,Lieutenant Nevell,,,unreviewed,
Newton,1,1,0,0,Newton Burnside,,,unreviewed,
Nez'raz,1,1,0,0,Nez'raz,,,unreviewed,
Nials,1,1,0,0,Captain Nials,,,unreviewed,
Nightbane,1,0,0,1,"Darkness seems drawn inexorably to Duskwood. Master Carevin's quest is the expulsion of evil and your skills against the Nightbane Shadow Weaver worgen in Brightwood Grove--bright, hah!--and the Rotting Orchard.",,,unreviewed,
Nightchaser,1,1,0,0,Wynd Nightchaser,,,unreviewed,
Nighthaven,1,0,1,0,"Greetings,  .  You are welcome in Nighthaven, as well as all of Moonglade.  The Cenarion Circle welcomes all beings who respect the authority and command of nature.  While you are here, please be sure to preserve the balance in all things.  Disturbances are not welcome here, and our wardens are trained to cease all hostilities without question.",,,unreviewed,
Nightrunner,1,1,0,0,Jeen'ra Nightrunner,,,unreviewed,
Nightsaber,1,0,0,1,Nightsaber Replacement,,,unreviewed,
Nightstride,1,1,0,0,Danlaar Nightstride,,,unreviewed,
Nightwing,1,1,0,0,Fylerian Nightwing,,,unreviewed,
Nijel,1,0,0,1,"Welcome back to Nijel's Point,  . So, tell me what you found. What!? Nothing? An empty gonna get us paid, I'm afraid. Tell me more about these marks you saw... these slashes.",,,unreviewed,
Nikova,1,1,0,0,Nikova Raskol,,,unreviewed,
Nilminer,1,1,0,0,Spark Nilminer,,,unreviewed,
Nilzlix,1,1,0,0,First Mate Nilzlix,,,unreviewed,
Nimboya,1,1,0,0,Nimboya,,,unreviewed,
Nimetz,1,1,0,0,Brother Nimetz,,,unreviewed,
Nine,1,0,1,0,"Neither you nor I could possibly imagine the pain an individual suffers when their soul is ripped from their body. They are not dead and by no means are they alive. Instead, they walk the land, servants of those that bind them to this world.  Lord Razelikh, demonic overlord of these lands, enslaved them all. Nine he took for his own, placing stones of binding near the Dark Portal. The remaining nine were divided up between his subordinates.",,,unreviewed,
Nitromirglyceronium,1,0,0,1,Hahaha... you need Nitromirglyceronium to stop goblins from destroying a forest?! I don't care if you skill as an alchemist before I just give you a sample of my greatest creation.,,,unreviewed,
Nittlebur,1,1,0,0,Nittlebur Sparkfizzle,,,unreviewed,
Nobles,1,0,0,1,Lord Wishock is causing quite a stir amongst the House of Nobles. He was made at the very base of the falls far beneath the Stonewrought Dam in the Wetlands.,,,unreviewed,
Nordrassil,1,0,0,1,"After the Battle of Mount Hyjal, we were without direction. Nordrassil smoked from the fire Betrayer was freed from his prison, and Shan'do Stormrage disappeared. A dark time for all.",,,unreviewed,
Noreg,1,1,0,0,Corporal Noreg Stormpike,,,unreviewed,
Nori,1,1,0,0,Nori Pridedrift,,,unreviewed,
Notify,1,0,1,0,Notify me when you are ready to listen to the story.,,,unreviewed,
Nozdormu,1,0,0,1,"Without the blessings of Alexstrasza the Life-Binder and Nozdormu the Timeless, Teldrassil's growth has not deliver to Darnassus. Bring it to Fandral Staghelm, you will find him in the druid grove.",,,unreviewed,
Nozzlespring,1,1,0,0,Arcanist Nozzlespring,,,unreviewed,
Nurribit,1,1,0,0,Marryk Nurribit,,,unreviewed,
Nyse,1,1,0,0,Nyse,,,unreviewed,
OPPORTUNITY,1,0,0,1,JOB OPPORTUNITY: Culling the Competition,,,unreviewed,
ORPHANAGE,1,0,0,1,"THE ORPHANAGE OF STOR... oh, sorry, didn't mean to shout at you,   sir:miss;, My name price you have to pay when there are mouths to feed and backs to clothe.",,,unreviewed,
OTHER,1,0,1,0,"You're joking, right? I believe you're looking for the OTHER short fellow, Thonys Pillarstone. He's downstairs. Now skedaddle!",,,unreviewed,
Oakhand,1,1,0,0,Androl Oakhand,,,unreviewed,
Oben,1,1,0,0,Oben Rageclaw,,,unreviewed,
Obsessed,1,0,1,0,"I once followed the ways of the Twilight's Hammer. Obsessed with reviving the Old Gods, I journeyed deep into this lair to try to draw power from the cursed beast, Aku'mai!  After witnessing the sacrifice of countless innocents, I came to my senses.  I was trapped but now I am free! But so far from my homeland of Khaz Modan!  Brave adventurer, I offer you passage to a very special land in return for slaying Aku'mai. If you wish, I can port you to the city of Darnassus.",,,unreviewed,
Oddities,1,0,1,0,"Welcome!  Welcome to Yebb Neblegear's Darkmoon Zoo Bizarre - a Trove of Living Legends and Mythical Oddities!  Enjoy your visit, friend!  But be mindful of what you touch!  These exhibits hold artifacts and beasts both dire and divine!  They might burn the wayward hand of an over-curious onlooker...",,,unreviewed,
Odds,1,0,1,0,"Welcome to Blue Moon Odds and Ends,  .  If you have any questions, please let me know.",,,unreviewed,
Officials,1,0,0,1,KILL ON SIGHT: High Ranking Dark Iron Officials,,,unreviewed,
Ogromm,1,1,0,0,Ogromm,,,unreviewed,
Ogunaro,1,1,0,0,Ogunaro Wolfrunner,,,unreviewed,
Oil,1,0,0,1,Blessed Wizard Oil,,,unreviewed,
Oilfist,1,1,0,0,Overseer Oilfist,,,unreviewed,
Okarr,1,1,0,0,Locke Okarr,,,unreviewed,
Okra,1,0,0,1,"That Okra will thicken up this broth nicely! Now we just add the Stringy Vulture all your help,  , I want you to take today's first batch of Westfall Stew!",,,unreviewed,
Olivia,1,1,0,0,Olivia Burnside,,,unreviewed,
Omusa,1,1,0,0,Omusa Thunderhorn,,,unreviewed,
Onaeya,1,1,0,0,Sentinel Onaeya,,,unreviewed,
Onu,1,0,0,1,Onu,,,unreviewed,
Oooh,1,0,1,0,"Oooh, an Inn is it?  Well, ye just can't beat the Thunderbrew Distillery.  Rest if ye must, but be sure to have an ale or two while ye're there.",,,unreviewed,
Open,1,0,1,0,"Open your mind, wanderer, and we shall begin.",,,unreviewed,
Opening,1,0,0,1,Job Opening: Guard Captain of Revantusk Village,,,unreviewed,
Ophek,1,1,0,0,Ophek,,,unreviewed,
Oralius,1,1,0,0,Oralius,,,unreviewed,
Orc,1,0,0,1,The Orc Report,,,unreviewed,
Orchard,1,0,0,1,"Darkness seems drawn inexorably to Duskwood. Master Carevin's quest is the expulsion of evil and your skills against the Nightbane Shadow Weaver worgen in Brightwood Grove--bright, hah!--and the Rotting Orchard.",,,unreviewed,
Orcish,1,0,1,0,"I only make my mounts available to those who are considered exalted to Orgrimmar and the Orcish race.  Go prove yourself to us, and I'll make my mighty wolves available for your inspection.",,,unreviewed,
Orcs,1,0,0,1,"Try and stay as quiet as possible, traveler. Orcs don't take too well to being spied to being spied on, and there is more to this farm than meets the eye.",,,unreviewed,
Ordinarily,1,0,0,1,Ordinarily I don't deal with  s but it seems that I'm stuck between a troll and I'll help you out with some information that could prove useful to your kind. Deal?,,,unreviewed,
Ordinary,1,0,0,1,An Ordinary Egg,,,unreviewed,
Ormyr,1,1,0,0,Ormyr Flinteye,,,unreviewed,
Orokk,1,1,0,0,Orokk Omosh,,,unreviewed,
Orrin,1,1,0,0,Lieutenant Orrin,,,unreviewed,
Ortell,1,1,0,0,Hermit Ortell,,,unreviewed,
Oslow,1,1,0,0,Foreman Oslow,,,unreviewed,
Osric,1,1,0,0,Osric Strang,,,unreviewed,
Ossirian,1,0,0,1,The Fall of Ossirian,,,unreviewed,
Ossuary,1,0,0,1,Again Into the Great Ossuary,,,unreviewed,
Otho,1,1,0,0,Otho Moji'ko,,,unreviewed,
Otto,1,0,0,1,Wanted!  Otto and Falconcrest,,,unreviewed,
Ouro,1,0,1,0,"With Ouro slain the way is clear to the final chamber. I am able to transport you there, if you desire.",,,unreviewed,
Overlook,1,0,0,1,Bloodsail Buccaneers attacking Booty Bay? They might as well throw themselves off the Overlook Cliffs. you have done my fleet of swashbucklers a great service. The Blackwater Raiders thank you.,,,unreviewed,
Overspeck,1,1,0,0,Squibby Overspeck,,,unreviewed,
Owatanka,1,0,0,1,Owatanka,,,unreviewed,
Owe,1,0,0,1,"What? What?! You want money? I don't owe you any money. Letter? What letter? Oh, you wanna fight Oh, you wanna fight then? All right, mate... let's do this! Owe you any money...",,,unreviewed,
Owen,1,1,0,0,Owen Vaughn,,,unreviewed,
Owl,1,0,1,0,"Hi! I just got back from exploring the Ruins of Kel'Theril, to the southwest. Now I'm intent on investigating the Wildkin that lie just up the ridge here, in Owl Wing Thicket.  Have you spoken to Erelas Ambersky in Rut'theran Village? He requested that I come here, and perhaps he has a task for you as well.",,,unreviewed,
Ozzie,1,1,0,0,Ozzie Togglevolt,,,unreviewed,
Pace,1,0,0,1,Keeping Pace,,,unreviewed,
Packmaster,1,1,0,0,Packmaster Stonebruiser,,,unreviewed,
Page,1,0,0,1,Page from the Front,,,unreviewed,
Pale,1,0,0,1,"It will indeed take me longer than I had thought to uncover the dark secrets foreman of the mine, Grimson the Pale. With his death, the mine shall be ours.",,,unreviewed,
Paledust,1,1,0,0,Librarian Mae Paledust,,,unreviewed,
Paleth,1,0,0,1,The Eye of Paleth,,,unreviewed,
Palomino,1,0,0,1,Palomino Exchange,,,unreviewed,
Pant,1,0,0,1,Festive Lunar Pant Suits,,,unreviewed,
Panthers,1,0,0,1,"Now the hard part. A true panther hunter can show skill by dropping Shadowmaw Panthers, beasts. If you think they are hard to track, wait until you attempt to slay one....",,,unreviewed,
Pao'ka,1,1,0,0,Pao'ka Swiftmountain,,,unreviewed,
Papers,1,0,0,1,Field Duty Papers,,,unreviewed,
Paranoia,1,0,1,0,"Oh it's just so horrible,   sir:miss;. The house Barov was once full of life... full of splendor. The manor was the Barov's primary residence amidst their far reaching empire.  Lucien and I noticed that as the days progressed, the Barovs became depressed. Despondent. Paranoia and rage often overcame the master and missus. At night, we could hear the Barovs arguing in their chambers. From what we understood, their greed had 'broken the dam,' so to speak. ",,,unreviewed,
Parker,1,1,0,0,Guard Parker,,,unreviewed,
Pass,1,0,0,1,"My real mission was to weaken the Scarlet Crusade's outlying forces and then infiltrate Hearthglen them, and we're making progress. They should be along Hearthglen Pass outside the town proper.",,,unreviewed,
Pathseeker,1,1,0,0,Takrin Pathseeker,,,unreviewed,
Patience,1,0,1,0,"Even slight alterations to a potion's ingredients can change it fundamentally. Patience and precision, young one: they will serve you well in all walks of life.",,,unreviewed,
Patroller,1,1,0,0,Stormwind City Patroller,,,unreviewed,
Paw,1,0,0,1,Ursangous's Paw,,,unreviewed,
Pawne,1,0,0,1,Washte Pawne,,,unreviewed,
Peace,1,0,0,1,The Brokering of Peace,,,unreviewed,
Pebble,1,0,0,1,The Pebble of Kajaro,,,unreviewed,
Pebblebitty,1,1,0,0,Mountaineer Pebblebitty,,,unreviewed,
Pele'keiki,1,1,0,0,Batrider Pele'keiki,,,unreviewed,
Pelts,1,0,0,1,Torn Bear Pelts,,,unreviewed,
Pelturas,1,1,0,0,Pelturas Whitemoon,,,unreviewed,
Penney,1,1,0,0,Penney Copperpinch,,,unreviewed,
Pentigast,1,1,0,0,Captain Pentigast,,,unreviewed,
Peppinrocker,1,1,0,0,Meggi Peppinrocker,,,unreviewed,
Peria,1,1,0,0,Peria Lamenur,,,unreviewed,
Personally,1,0,1,0,Cloth is okay. Personally I prefer to work with human skin.,,,unreviewed,
Personnel,1,0,0,1,WANTED: Syndicate Personnel,,,unreviewed,
Petitioners,1,0,0,1,"Lord Wishock, like all men, has his weaknesses. His happens to be a fondness for he likes it. Most likely the old fool is milling about the Hall of Petitioners.",,,unreviewed,
Petrification,1,0,0,1,Craftsman's Writ - Flask of Petrification,,,unreviewed,
Petty,1,0,0,1,Petty Squabbles,,,unreviewed,
Phillipe,1,1,0,0,"""Shaky"" Phillipe",,,unreviewed,
Pickman,1,1,0,0,Luther Pickman,,,unreviewed,
Pictures,1,0,0,1,"Map making! Pictures, estimations of reality. I have no use for such things. In books, narrative, one book on the rise of necromancy, or a tale of the Dark Lady's triumph.",,,unreviewed,
Pillars,1,0,0,1,"The Seal of the Earth is held by three runestones, held in the Pillars of part of the Badlands. Be careful though, for the ravine is home to countless drakes.",,,unreviewed,
Piloting,1,0,1,0,"I can teach you the finer points of Mechanostrider Piloting, provided you have enough gold to cover the lesson!",,,unreviewed,
Pilsnor,1,1,0,0,Gremlock Pilsnor,,,unreviewed,
Pixel,1,1,0,0,Pixel,,,unreviewed,
Plains,1,0,1,0,"Kodo beasts, my friend!  Trained from a young age and raised on the Golden Plains of Mulgore, these fine animals will make even finer steeds!  Please, browse my selection, and see for yourself why we taurens have come to rely on these magnificant creatures!",,,unreviewed,
Planting,1,0,0,1,Planting the Heart,,,unreviewed,
Plated,1,0,0,1,Craftsman's Writ - Plated Armorfish,,,unreviewed,
Pleased,1,0,1,0,Pleased to make you acquaintance. May I help you?,,,unreviewed,
Pleasure,1,0,0,1,"*cough* Pleasure to meet you,  . Don't mind my wounds, the good priest here can take any luck, and some skill on your part, perhaps you can still help us all.",,,unreviewed,
Plenty,1,0,1,0,"Plenty of good mining to be had in Durotar, or so I hear.  So good in fact that we have a Mining Trainer right here in Razor Hill.  You'll find Krunn next to the heated forge in the northwest corner of town.",,,unreviewed,
Plot,1,0,0,1,Assassination Plot,,,unreviewed,
Plumes,1,0,0,1,Vibrant Plumes,,,unreviewed,
Plunge,1,0,0,1,Take the unfired ancient blade to the lair of Onyxia and engage her in battle. Some dragon. Plunge the heated ancient blade into her smoldering corpse to fashion the treated ancient blade.,,,unreviewed,
Pol,1,1,0,0,Thamner Pol,,,unreviewed,
Politics,1,0,0,1,Brutal Politics,,,unreviewed,
Pomeroy,1,0,1,0,Ms. Pomeroy gathers herbs for an Alchemist who lives up in the hills between Northshire and Stormwind.  Check for her at his cottage and see if she'll show you the profession.,,,unreviewed,
Pompa,1,1,0,0,Don Pompa,,,unreviewed,
Poof,1,0,1,0,"Master craftsman Omarion just vanished one night. Like a toot in the wind... Poof! Gone! Bah, now I'm the only one left to craft the goods for the boys on the front lines. ",,,unreviewed,
Porter,1,1,0,0,Private Porter,,,unreviewed,
Porthannius,1,1,0,0,Porthannius,,,unreviewed,
Potables,1,0,0,1,Zanza's Potent Potables,,,unreviewed,
Potent,1,0,0,1,Zanza's Potent Potables,,,unreviewed,
Pound,1,0,1,0,"I'm going to stay here until I catch a 68 Pound Grouper!  You on the other hand want to fly off somewhere, am I right?",,,unreviewed,
Powers,1,0,0,1,The Powers Below,,,unreviewed,
Practice,1,0,0,1,"It is an admirable skill to command one's authority over nature. As a hunter, you Practice your skills in battle with the boar at your side, then return to me.",,,unreviewed,
Prate,1,1,0,0,Prate Cloudseer,,,unreviewed,
Present,1,0,1,0,"The Thorium Brotherhood possesses the knowledge required to make the sacred arms and armaments of the Fire Lord, but we lack the manpower to obtain the materials required for the crafting.  I, Lokhtos Darkbargainer, have been empowered by the Brotherhood to exchange the exalted recipes for materials gathered from the Molten Core.  Present your offer,  .",,,unreviewed,
Pridedrift,1,1,0,0,Nori Pridedrift,,,unreviewed,
Primalist,1,1,0,0,Primalist Thurloga,,,unreviewed,
Proclamation,1,0,0,1,"The town of Hillsbrad is in disarray and we believe it will soon fall. We document as well, the Hillsbrad Proclamation. And while you're at it, steal the town registry.",,,unreviewed,
Progeny,1,0,1,0,"Progeny of Aegwynn, he that would be the last Guardian of Tirisfal... Medivh.",,,unreviewed,
Prose,1,1,0,0,Cedrik Prose,,,unreviewed,
Protector,1,0,0,1,The Woodland Protector,,,unreviewed,
Proudfeather,1,1,0,0,Herbalist Proudfeather,,,unreviewed,
Prowltusk,1,1,0,0,Lar Prowltusk,,,unreviewed,
Pterrordax,1,0,0,1,Beware of Pterrordax,,,unreviewed,
Pupellyverbos,1,1,0,0,Roberto Pupellyverbos,,,unreviewed,
Purdue,1,1,0,0,Larimaine Purdue,,,unreviewed,
Putanni,1,0,0,1,"Putanni, noble  . I am Keldran, student of magic... and other mystical arts. The business Craven sees itself. How our allies see us. And most importantly, how our enemies see us.",,,unreviewed,
Quench,1,0,1,0,Tasty drinks for sale!  Quench your thirst on some of the Darkmoon Faire's finest brews!,,,unreviewed,
Quentin,1,1,0,0,Quentin,,,unreviewed,
Questioning,1,0,0,1,Questioning Reethe,,,unreviewed,
Quick,1,0,0,1," , the pebble held within the frame of this talisman comes from Mount Kajaro in of the pebble to strike down our enemies. Be like the mountain: Quick, explosive, deadly...",,,unreviewed,
Quin,1,1,0,0,Betty Quin,,,unreviewed,
Quint,1,0,1,0,"I swear... if Quint tries to plant one more fishing grub on me, I'm going to hack down his tree with my not-so-rusty sword.",,,unreviewed,
Quintis,1,1,0,0,Quintis Jonespyre,,,unreviewed,
RAR,1,0,0,1,"RAR!! Incredible! You've done it! Belgrom will be pleased! Finally the spirits of dozens of our Finally the spirits of dozens of our warriors can be at peace. Thank you,  .",,,unreviewed,
REALLY,1,0,1,0,"You're doing very well in the art of tailoring, I must admit. Now, let's see how good you REALLY are...",,,unreviewed,
Rabonne,1,1,0,0,Donald Rabonne,,,unreviewed,
Rachelle,1,1,0,0,Rachelle Gothena,,,unreviewed,
Radiant,1,0,0,1,Craftsman's Writ - Radiant Circlet,,,unreviewed,
Radnaal,1,0,1,0,You can find Radnaal practicing his craft outside his home on the road to Darnassus.  You should stop by and see what he can teach you.,,,unreviewed,
Raelen,1,1,0,0,Supervisor Raelen,,,unreviewed,
Rageclaw,1,1,0,0,Oben Rageclaw,,,unreviewed,
Ragescar,1,1,0,0,Gurda Ragescar,,,unreviewed,
Ragetusk,1,1,0,0,Ertog Ragetusk,,,unreviewed,
Ragged,1,1,0,0,Ragged John,,,unreviewed,
Rahauro,1,1,0,0,Rahauro,,,unreviewed,
Raincaller,1,1,0,0,Maur Raincaller,,,unreviewed,
Rainchaser,1,1,0,0,Brave Rainchaser,,,unreviewed,
Raintotem,1,1,0,0,Lorekeeper Raintotem,,,unreviewed,
Ralo'shan,1,1,0,0,Ralo'shan the Eternal Watcher,,,unreviewed,
Rane,1,1,0,0,Rane Yorick,,,unreviewed,
Ranking,1,0,0,1,KILL ON SIGHT: High Ranking Dark Iron Officials,,,unreviewed,
Ransin,1,1,0,0,Ransin Donner,,,unreviewed,
Raskol,1,1,0,0,Nikova Raskol,,,unreviewed,
Ravak,1,1,0,0,Ravak Grimtotem,,,unreviewed,
Rawtar,1,1,0,0,Bloodguard Rawtar,,,unreviewed,
Raynewood,1,0,1,0,"This nightsaber is rumored to be docile in the presence of night elves and their allies, which makes her an even more worthy opponent.  Shadumbra's hunting path takes her from the Raynewood Retreat to our west, ultimately to lands due west of there.  Her fur is the color of pitch, and her speed is not to be underestimated.",,,unreviewed,
Razok,1,1,0,0,Karos Razok,,,unreviewed,
Razormane,1,0,1,0,"Yes, I have seen the shaman you seek. Last I saw her, she was to the west of here. She hides in the hills above the Razormane tribe. If you're clever, you'll be able to find a path to her hut in the hills. It is not too far north of here. That path should allow you to find her without fighting through the quilboar.",,,unreviewed,
Razormaws,1,0,0,1,Now it's time to really make those dreaded Raptors regret their blood-thirst. Just down below Mottled Scytheclaws and Mottled Razormaws. Make those rotten creatures pay by slaying 10 of each!,,,unreviewed,
Razzle,1,1,0,0,Razzle Sprysprocket,,,unreviewed,
Really,1,0,0,1,"What? Really? You want to know more? But you've already done so much for me, there you can gauge their numbers and report them back to me. But be careful....",,,unreviewed,
Reavers,1,0,0,1,Target: Hive'Zora Reavers,,,unreviewed,
Reban,1,1,0,0,Reban Freerunner,,,unreviewed,
Rebecca,1,1,0,0,Rebecca Laughlin,,,unreviewed,
Recent,1,0,0,1,"Indeed... The grells of Bashal'Aran do not possess that which I am searching... however they not mine. Recent for me stretches into the veil of the past, almost another Age...",,,unreviewed,
Recipes,1,0,0,1,Festive Recipes,,,unreviewed,
Reckoning,1,0,0,1,Aurius' Reckoning,,,unreviewed,
Recognized,1,0,0,1,Rise and Be Recognized,,,unreviewed,
Redfeather,1,1,0,0,Taronn Redfeather,,,unreviewed,
Redrock,1,1,0,0,Garel Redrock,,,unreviewed,
Redstone,1,1,0,0,Senator Barin Redstone,,,unreviewed,
Reed,1,1,0,0,Lanie Reed,,,unreviewed,
Reel,1,0,1,0,Well met master of Rod and Reel!   If you be willing to test your skills against the best fisher-folk in the lands then listen up!   On this very Sunday there be a contest in Stranglethorn where the master angler will be chosen!,,,unreviewed,
Reese,1,1,0,0,Reese Langston,,,unreviewed,
Reginald,1,1,0,0,Reginald Windsor,,,unreviewed,
Regret,1,0,1,0,"Regret. It is all I have now. One bad decision resulting in several horrible outcomes. If only I had waited for those orders. Maybe they would have detailed the horrors that awaited us in those cursed lands! Maybe they were to redirect us to another detail? Ultimately, it was my fault. All of it was my fault.",,,unreviewed,
Regzar,1,1,0,0,Smith Regzar,,,unreviewed,
Rema,1,1,0,0,Rema Schneider,,,unreviewed,
Remain,1,0,0,1,"As you can see, the unadorned seal has three empty sockets. Each of those sockets at any given time is rare. You must be vigilant in your quest. Remain determined!",,,unreviewed,
Remedy,1,0,0,1,How Arugal gained acceptance within the Kirin Tor is beyond me. His spell-casting knowledge seemed not secure them. Retrieve for me the spell labeled Remedy of Arugal from those books.,,,unreviewed,
Remington,1,1,0,0,Count Remington Ridgewell,,,unreviewed,
Remorseful,1,0,0,1,Remorseful Highborne,,,unreviewed,
Remy,1,1,0,0,"Remy ""Two Times""",,,unreviewed,
Renato,1,1,0,0,Renato Gallina,,,unreviewed,
Renferal,1,1,0,0,Arch Druid Renferal,,,unreviewed,
Renzik,1,1,0,0,"Renzik ""The Shiv""",,,unreviewed,
Repair,1,0,0,1,Mechanical Repair Kits,,,unreviewed,
Restore,1,0,1,0,"The Northern Pylon accepts yellow, red, and green crystals.  The focus is the energy that can be created using yellow crystals as the main source of power. There are two possible effects: one that will produce damage, and one that will negate damage.   Crystal Charge requires red and yellow crystals. This will produce a large explosion, stunning your enemies.  Crystal Restore requires yellow and green crystals. This will provide you with a healing aura.",,,unreviewed,
Rethilgore,1,0,1,0,"At last! I am finally free from this cell!  The Kirin Tor sent me from Dalaran to investigate Arugal's progress with the undead here in Silverpine Forest. Little did we know that the wizard had lost his grasp on sanity.  I must report this mess at once! But before I leave, allow me to undo the magical lock on the courtyard door.  You defeated Rethilgore, perhaps you will survive what lies beyond....",,,unreviewed,
Retired,1,0,1,0,"Narain Soothfancy, at your service! Retired engineer and master soothsayer! I can tell your future before it even happens!",,,unreviewed,
Revelator,1,1,0,0,Jonathan the Revelator,,,unreviewed,
Reverence,1,0,0,1,Earned Reverence,,,unreviewed,
Reward,1,0,0,1,A Thief's Reward,,,unreviewed,
Rezlak,1,1,0,0,Rezlak,,,unreviewed,
Rhinag,1,1,0,0,Rhinag,,,unreviewed,
Richard,1,1,0,0,Richard Kerwin,,,unreviewed,
Riddlevox,1,0,1,0,"Director Riddlevox put me in charge of the Union's shredder development program. Few months on the job and I'm already in hot water! I could use your help,  !",,,unreviewed,
Riell,1,1,0,0,Scout Riell,,,unreviewed,
Rifleman,1,1,0,0,Rifleman Torrig,,,unreviewed,
Rigger,1,1,0,0,Rigger Gizelton,,,unreviewed,
Riggle,1,1,0,0,Riggle Bassbait,,,unreviewed,
Rigglefuzz,1,1,0,0,Rigglefuzz,,,unreviewed,
Riggs,1,1,0,0,Harold Riggs,,,unreviewed,
Ringling,1,0,1,0,"Glad you asked. Darkmoon Faire Prize Tickets are our way of letting you help with the faire, and in return you can turn in your tickets for special prizes!To get started you'll want to talk to Chronos, Kerri Hicks, Ringling and Yebb Nebblegear to see who you can best help. They always have something that needs doing to improve and expand our attractions.Then when you have enough tickets, speak with Gelvas Grimegate and he will give you a list of prizes to choose from.",,,unreviewed,
Ringo,1,1,0,0,Ringo,,,unreviewed,
Rinling,1,1,0,0,Rinling,,,unreviewed,
Ripper,1,0,1,0,"The theory behind it is that we completely destroy you with a massive explosion wherever you are and send those particles through a dimensional rip and then re-implode you at the machine here.   Instant Transport!    It might not work ALL the time, but what kind of goblin engineer are you!   If survival was your first priority you could never be a real Goblin Engineer!Here is the recipe you will need to make the Dimensional Ripper and try it out!",,,unreviewed,
Rivals,1,0,0,1,Bitter Rivals,,,unreviewed,
Rivendare,1,0,1,0,"I do not have much time in this world, but Light willing, it is time enough to fulfill my destiny.  When you face Baron Rivendare, I will be with you.",,,unreviewed,
Rizzle,1,0,0,1,Rizzle's Schematics,,,unreviewed,
Rizzlefix,1,1,0,0,Liv Rizzlefix,,,unreviewed,
Roberto,1,1,0,0,Roberto Pupellyverbos,,,unreviewed,
Rockhorn,1,1,0,0,Brave Rockhorn,,,unreviewed,
Rogues,1,0,1,0,"You've got the hang of it. I can't teach you any more, but talk to Arthur Moore, a Forsaken who works in the Rogues' Quarter of the Undercity. Tell him I sent you.",,,unreviewed,
Rokar,1,1,0,0,Rokar Bladeshadow,,,unreviewed,
Rokhstrom,1,1,0,0,Frostwolf Ambassador Rokhstrom,,,unreviewed,
Rolls,1,1,0,0,Keeper of the Rolls,,,unreviewed,
Romano,1,1,0,0,Lord Tony Romano,,,unreviewed,
Roon,1,1,0,0,Roon Wildmane,,,unreviewed,
Rooting,1,0,1,0,"If I were you, I'd buy a goblin race voucher.  Rooting for the other team is a waste of time.",,,unreviewed,
Rory,1,1,0,0,Rory,,,unreviewed,
Rotimer,1,1,0,0,Lieutenant Rotimer,,,unreviewed,
Rotten,1,0,0,1,Rotten Eggs,,,unreviewed,
Rotting,1,0,0,1,"Darkness seems drawn inexorably to Duskwood. Master Carevin's quest is the expulsion of evil and your skills against the Nightbane Shadow Weaver worgen in Brightwood Grove--bright, hah!--and the Rotting Orchard.",,,unreviewed,
Rough,1,0,1,0,"Rough times, huh,  ? No matter where you turn someone needs help, and my wife and I are no exception.",,,unreviewed,
Royann,1,1,0,0,Deathguard Royann,,,unreviewed,
Ruag,1,1,0,0,Dispatch Commander Ruag,,,unreviewed,
Rudge,1,1,0,0,Loslor Rudge,,,unreviewed,
Rudra,1,1,0,0,Rudra Amberstill,,,unreviewed,
Ruined,1,0,0,1,Ruined Kegs,,,unreviewed,
Rukag,1,1,0,0,Lieutenant Rukag,,,unreviewed,
Rumor,1,0,0,1,"While you were out gathering, I uncovered some old text in one of my tomes my new concoction. Rumor has it the spiders can be found in Eastern Tirisfal Glades.",,,unreviewed,
Rumsen,1,1,0,0,Rumsen Fizzlebrack,,,unreviewed,
Runed,1,0,0,1,The Runed Scroll,,,unreviewed,
Runeweaver,1,1,0,0,Archmage Ansirem Runeweaver,,,unreviewed,
Runic,1,0,0,1,Craftsman's Writ - Runic Leather Pants,,,unreviewed,
Runk,1,1,0,0,Runk Windtamer,,,unreviewed,
Rustlocke,1,0,0,1,"Heavens no! Poor Rustlocke. 'Tis quite a tragedy indeed. We must not let his death pass must be destroyed,  ! Return to me when your mission is complete. You're our only hope.",,,unreviewed,
Rustsprocket,1,1,0,0,Tog Rustsprocket,,,unreviewed,
Ruzzgot,1,1,0,0,Caravaneer Ruzzgot,,,unreviewed,
Rwag,1,1,0,0,Rwag,,,unreviewed,
SKELETAL,1,0,1,0,"Are you daft? Did you miss the BONY SKELETAL CREATURES littering the landscape on your way over here?  <Rohan sighs.>  If you're the outdoor type, you'll find skeletal creatures all over both the Western and Eastern Plaguelands. Trust me, you can't miss 'em - they certainly won't miss you if they get the chance.  If you're a dungeon type, Stratholme and Scholomance are definitely the place to be for bone fragments.",,,unreviewed,
STOLEN,1,0,0,1,STOLEN: Smithing Tuyere and Lookout's Spyglass,,,unreviewed,
STOR,1,0,0,1,"THE ORPHANAGE OF STOR... oh, sorry, didn't mean to shout at you,   sir:miss;, My name price you have to pay when there are mouths to feed and backs to clothe.",,,unreviewed,
Sadly,1,0,1,0,"My knowledge of night elf lore is limited, but it is said long ago--back when the night elves still held sacred the art of arcane spell casting--that Azshara was the greatest of their kind. A beautiful woman they named queen. Sadly, it was her addiction to the arcane that would one day be the catalyst for the most devastating events in this world's history.",,,unreviewed,
Sadwhistle,1,1,0,0,Sarah Sadwhistle,,,unreviewed,
Salle,1,1,0,0,Drusilla La Salle,,,unreviewed,
Saltain,1,1,0,0,Deathguard Saltain,,,unreviewed,
Sammuel,1,1,0,0,Brother Sammuel,,,unreviewed,
Sampling,1,0,0,1,Tanaris Field Sampling,,,unreviewed,
Samsa,1,1,0,0,Deathguard Samsa,,,unreviewed,
Samuelson,1,1,0,0,Major Samuelson,,,unreviewed,
Sandahl,1,1,0,0,Sandahl,,,unreviewed,
Sandstalkers,1,0,0,1,Target: Hive'Ashi Sandstalkers,,,unreviewed,
Sapper,1,0,0,1,Craftsman's Writ - Goblin Sapper Charge,,,unreviewed,
Sarno,1,1,0,0,Brother Sarno,,,unreviewed,
Sarvis,1,1,0,0,Shadow Priest Sarvis,,,unreviewed,
Savant,1,0,0,1,Cap of the Scarlet Savant,,,unreviewed,
Savior,1,0,0,1,The Savior of Kalimdor,,,unreviewed,
Saw,1,0,0,1,Warsong Saw Blades,,,unreviewed,
Sayge,1,0,1,0,"I highly recommend that you visit Sayge to get your fortune told. I know, I know... he's a gnoll.  But he's a very special gnoll with the power to divine your future!  And we are constantly expanding the faire with all manner of new attractions!",,,unreviewed,
Scallywag,1,0,0,1,"Avast Ye, Scallywag",,,unreviewed,
Scarred,1,0,0,1,The Demon Scarred Cloak,,,unreviewed,
Scepters,1,0,0,1,Abyssal Scepters,,,unreviewed,
Schematics,1,0,0,1,Rizzle's Schematics,,,unreviewed,
Scornbrow,1,1,0,0,Furl Scornbrow,,,unreviewed,
Scorpidsting,1,0,0,1,WANTED: Caliph Scorpidsting,,,unreviewed,
Scourgebane,1,1,0,0,Seril Scourgebane,,,unreviewed,
Scrabblescrew,1,1,0,0,Smeed Scrabblescrew,,,unreviewed,
Scrange,1,1,0,0,Taskmaster Scrange,,,unreviewed,
Seecher,1,1,0,0,Tobias Seecher,,,unreviewed,
Seereth,1,1,0,0,Seereth Stonebreak,,,unreviewed,
Seersa,1,1,0,0,Seersa Copperpinch,,,unreviewed,
Seeth'rel,1,1,0,0,Seeth'rel,,,unreviewed,
Selarin,1,1,0,0,Sentinel Selarin,,,unreviewed,
Selina,1,1,0,0,Selina Dourman,,,unreviewed,
Seller,1,0,1,0,This just happens to be your lucky day; I just completed Super-Seller 680's maintenance. There are tons of items for sell at great low-low prices. Go ahead and see for yourself... my brother Cork thinks his Vendor-Tron 1000 will out sell my bot.,,,unreviewed,
Send,1,0,1,0,"You won't learn anything new from me; you know too much already. If you want more training, talk to the tauren Una in the northwestern shops of Thunder Bluff's central plateau. Send her my regards, eh?",,,unreviewed,
Seoman,1,1,0,0,Seoman Griffith,,,unreviewed,
Seril,1,1,0,0,Seril Scourgebane,,,unreviewed,
Seriously,1,0,1,0,"Glyx and I have an understanding: he keeps me supplied, and I keep him rich. Seriously! What that pirate charges me for a measly pouch of crumpled kingsblood... it's enough to make a grown goblin cry.",,,unreviewed,
Serratus,1,1,0,0,Doctor Serratus,,,unreviewed,
Serving,1,0,0,1,"Serving the Horde in one of the great battles against the Alliance is a source the Alliance in Arathi Basin, Alterac Valley and Warsong Gulch! For Honor! For the Horde!",,,unreviewed,
Servitor,1,0,1,0,"Greetings,  .  I am Exzhal, Servitor of Rastakhan.",,,unreviewed,
Sethman,1,1,0,0,Corporal Sethman,,,unreviewed,
Severed,1,0,0,1,The Severed Head,,,unreviewed,
Sha'ni,1,1,0,0,Sha'ni Proudtusk,,,unreviewed,
Shacklefridd,1,1,0,0,Mupsi Shacklefridd,,,unreviewed,
Shackles,1,0,0,1,"As my understanding of Arugal's magic grows so does my disdain for the hapless fool. the enchanted shackles Arugal cast on them. Bring to me six enchanted Pyrewood Shackles,  .",,,unreviewed,
Shadowcog,1,1,0,0,Gimrizz Shadowcog,,,unreviewed,
Shadowmage,1,1,0,0,Shadowmage Vivian Lagrave,,,unreviewed,
Shadowmaw,1,0,0,1,"Now the hard part. A true panther hunter can show skill by dropping Shadowmaw Panthers, beasts. If you think they are hard to track, wait until you attempt to slay one....",,,unreviewed,
Shaedlass,1,1,0,0,Dawnwatcher Shaedlass,,,unreviewed,
Shael'dryn,1,0,0,1,"You'll have to do the research yourself, but from what notes Teronis has made, it the gem with you--Shael'dryn will need it if she's to help you recreate the rod.",,,unreviewed,
Shai,1,1,0,0,Shadow Priestess Shai,,,unreviewed,
Shake,1,0,1,0,"Have you come for further training? Shake the dust of the road from your garments, then, and let us get to work.",,,unreviewed,
Shanda,1,1,0,0,Shanda,,,unreviewed,
Shankys,1,0,1,0,That Lumak... always fishing instead of fighting.  You'll find him out on his dock on the lake in the Valley of Honor.  While you're there say hi to Shankys for me.,,,unreviewed,
Shardi,1,1,0,0,Shardi,,,unreviewed,
Sharpclaw,1,1,0,0,Chief Sharpclaw,,,unreviewed,
Sharpening,1,0,0,1,Consecrated Sharpening Stones,,,unreviewed,
Sharpeye,1,1,0,0,Bardu Sharpeye,,,unreviewed,
Shaussiy,1,1,0,0,Innkeeper Shaussiy,,,unreviewed,
Shayis,1,1,0,0,Shayis Steelfury,,,unreviewed,
Sheaf,1,1,0,0,Milton Sheaf,,,unreviewed,
Sheal,1,1,0,0,Sheal Runetotem,,,unreviewed,
Sheesh,1,0,0,1,"This is the last of the items, and I won't lie, it ain't pretty. I'm captain, or lord. Simple enough, huh? Sheesh... if you wanna pass on this one, I'd understand.",,,unreviewed,
Sheldonore,1,1,0,0,Artilleryman Sheldonore,,,unreviewed,
Sheldras,1,1,0,0,Sheldras Moontree,,,unreviewed,
Shellei,1,1,0,0,Shellei Brondir,,,unreviewed,
Shera,1,0,0,1,"You progress swiftly, young  . Perhaps it is time to initiate you into the Shera Blood God and his minions! Wear this talisman and let it assist you in your journeys.",,,unreviewed,
Shikrik,1,1,0,0,Shikrik,,,unreviewed,
Shilent,1,1,0,0,Shoni the Shilent,,,unreviewed,
Shimmerstar,1,1,0,0,Katrina Shimmerstar,,,unreviewed,
Shindrell,1,1,0,0,Shindrell Swiftfire,,,unreviewed,
Ship,1,0,0,1,Ship Schedules,,,unreviewed,
Shiv,1,1,0,0,"Renzik ""The Shiv""",,,unreviewed,
Shiver,1,0,0,1,Shiver me timbers! So the Bloodsail Buccaneers are planning some sort of attack on Booty learned to Fleet Master Seahorn at once! The ol' sea dog is around town somewhere....,,,unreviewed,
Shock,1,0,0,1,Frost Shock and You,,,unreviewed,
Shoot,1,0,1,0,Shoot straight to the northwest section of the Valley of Honor.  There you will find the Hunter's Hall.,,,unreviewed,
Shul'kar,1,1,0,0,Innkeeper Shul'kar,,,unreviewed,
Shut,1,0,1,0,"Shut inside this little house, I dream of joining the battles that rage outside the city walls. Still, duty compels me to share my knowledge with others who fight in my stead... for now.",,,unreviewed,
Shylamiir,1,1,0,0,Shylamiir,,,unreviewed,
Shyn,1,1,0,0,Shyn,,,unreviewed,
Sian'tsu,1,1,0,0,Sian'tsu,,,unreviewed,
Sida,1,1,0,0,Sida,,,unreviewed,
Sighted,1,0,1,0,"Can you see them, mortal? No... I did not think you could. Sighted but sightless - it is your gift and your curse.",,,unreviewed,
Sigrun,1,1,0,0,Sigrun Ironhew,,,unreviewed,
Sikewa,1,1,0,0,Innkeeper Sikewa,,,unreviewed,
Silas,1,1,0,0,Silas Darkmoon,,,unreviewed,
Sildanair,1,1,0,0,Sildanair,,,unreviewed,
Silence,1,0,1,0,"So you have come to Niby to learn the secrets of calling down an infernal servant from the Nether.  Silence! Niby knows all!  Niby is not so quick to part with such knowledge. First, you must assist Niby with a very important task.",,,unreviewed,
Siln,1,1,0,0,Siln Skychaser,,,unreviewed,
Silvaria,1,1,0,0,Silvaria,,,unreviewed,
Simone,1,0,1,0,"I believe Simone was looking for you earlier,  . Have you spoken with her yet?",,,unreviewed,
Sindrayl,1,1,0,0,Sindrayl,,,unreviewed,
Singh,1,1,0,0,Darian Singh,,,unreviewed,
Sissies,1,0,0,1,Arrows Are For Sissies,,,unreviewed,
Sit,1,0,1,0,"Sit and listen to my story,  .",,,unreviewed,
Situation,1,0,0,1,A Grave Situation,,,unreviewed,
Skin,1,0,1,0,"Skin, glorious skin. It holds your insides... in. You might've noticed my skin's not doing so well. To think I used to worry about my pores. Hardly any skin left to worry about these days. In a way, it's very freeing.",,,unreviewed,
Skindle,1,1,0,0,Innkeeper Skindle,,,unreviewed,
Skinner,1,1,0,0,Skinner Jamani,,,unreviewed,
Skinners,1,0,1,0,"I don't get too many Skinners in here looking for training, but I guess I could teach you something if you're ready.",,,unreviewed,
Skorn,1,1,0,0,Skorn Whitecloud,,,unreviewed,
Skraghook,1,1,0,0,Drulzegar Skraghook,,,unreviewed,
Skulkers,1,0,0,1,According to Berard's Journal the moss from Lake Skulkers and Creepers might prove useful for as the rare hardened tumor and take them to Master Apothecary Faranell in the Undercity.,,,unreviewed,
Skydancer,1,1,0,0,Cloud Skydancer,,,unreviewed,
Skykeeper,1,1,0,0,Kelek Skykeeper,,,unreviewed,
Skyriver,1,1,0,0,Baritanas Skyriver,,,unreviewed,
Slavemakers,1,0,0,1,Target: Hive'Regal Slavemakers,,,unreviewed,
Slicky,1,1,0,0,Slicky Gastronome,,,unreviewed,
Slip,1,0,1,0,"Slip a little coin into the boss's hand and look what it gets ya. I love my job. Though, if I could find a way to get that little firecracker Snurk reassigned to this port....well, I can't imagine it any better. But I'm betting that you aren't here about my business practices. You're looking for the Zeppelin to Undercity, am I right? Well that's great, because it docks right here behind me. Oh and hey, if you see Snurk, put a good word in for me, would ya?",,,unreviewed,
Sloan,1,1,0,0,Sloan McCoy,,,unreviewed,
Smarter,1,0,1,0,"You know who's really smart? Nogg! Smarter than me, even. You go tell Nogg Thund sent you! You can find him by the control panel over there.",,,unreviewed,
Smeed,1,1,0,0,Smeed Scrabblescrew,,,unreviewed,
Smithe,1,1,0,0,Kayla Smithe,,,unreviewed,
Smugglers,1,0,0,1,"The People's Militia has but one goal: To defend the lands of Westfall and return join our ranks, slay 15 Defias Trappers and 15 Defias Smugglers then return to me.",,,unreviewed,
Snakewrithe,1,1,0,0,Oran Snakewrithe,,,unreviewed,
Snarltooth,1,0,1,0,"Heh, heh... Quite the inquisitive one, aren't ya,  ? Well, here's what you need to do.  North of here, in the old ruins, lives a very disagreeable gnoll by the name of Miblon Snarltooth. He guards the only Evoroot I know of, but he watches it night and day! Seems like he never even sleeps!  What you can do, is bribe him. I can sell you some bait that he'll find tasty -- just put it down near him and that will distract him long enough for you to grab the Evoroot. Good luck!",,,unreviewed,
Sniff,1,0,1,0,"(Sniff, sniff) You smell that? Don't you just LOVE the smell of grease?",,,unreviewed,
Snobs,1,0,1,0,"Another student. Wonderful. This is why Lydon belongs to the Royal Society of Snobs and gets to do research, and I'm stuck being an instructor. If I win another teaching award, I'll never live it down!",,,unreviewed,
Soft,1,0,0,1,Soft Bushy Tails,,,unreviewed,
Solarsal,1,0,0,1,The Ruins of Solarsal ,,,unreviewed,
Solliden,1,0,0,1,The documents Executor Arren provided are just the break we needed in our battle with by travelling west to the tower past the Solliden Farmstead and slay 10 Scarlet Warriors.,,,unreviewed,
Solm,1,1,0,0,Solm Hargrin,,,unreviewed,
Someday,1,0,1,0,"Nice to see a friendly face. I don't get much chitchat from Apothecary Johaan unless he wants something. He's been out of the grave too long. Someday I'll be like that, I hear. Creepy. Maybe by then I won't care.",,,unreviewed,
Someone,1,0,1,0,At last! Someone to free me from this cell!  High Executor Hadrec sent us to gather information on the Keep so that a plan could be formulated to overthrow Arugal once and for all.  But the old wizard has many tricks up his sleeve and we were detected by a magical ward. I was thrown in this prison. Vincent was not so lucky.  I must return to Hadrec to debrief him at once. But first I will pick the lock to the courtyard door for you. Perhaps you can try your luck against the foes that lurk beyond.,,,unreviewed,
Son,1,0,1,0,"Looking for Shenthul of the Shadowswift Brotherhood, huh?  In The Drag across from Droffers and Son Salvage look for a tunnel leading down into the Cleft of Shadow.",,,unreviewed,
Soon,1,0,1,0,"Your skills are coming along nicely. Soon you'll be running a leather shop of your own. I'll be glad for the help,  . My hands are only so fast, you know? There's so much work to do!",,,unreviewed,
Soot,1,0,1,0,"Ye have the look of a Blacksmith to ye. Soot under the nails, steel in yer bones. Aye, very much the blood of a Blacksmith in yer veins. Which means ye've come to me looking to learn a thing or two, well   lad : lass; grab a hammer. Let's see what I can teach ye.",,,unreviewed,
Sootsmoker,1,1,0,0,Evonice Sootsmoker,,,unreviewed,
Sophia,1,1,0,0,Colossus Researcher Sophia,,,unreviewed,
Soran,1,1,0,0,Soran,,,unreviewed,
Sorigal,1,1,0,0,Watchmaster Sorigal,,,unreviewed,
Sorouy,1,1,0,0,Guillaume Sorouy,,,unreviewed,
Soulscar,1,1,0,0,Orgnil Soulscar,,,unreviewed,
Southeast,1,0,1,0,"One has opened up on the Tradesman's Terrace.  If you take the path leading Southeast from the bank, it should be easy to find.",,,unreviewed,
Sovik,1,1,0,0,Sovik,,,unreviewed,
Spark,1,1,0,0,Spark Nilminer,,,unreviewed,
Sparkfizzle,1,1,0,0,Nittlebur Sparkfizzle,,,unreviewed,
Spawn,1,0,0,1,Spawn of Jubjub,,,unreviewed,
Speaks,1,0,0,1,Marg Speaks,,,unreviewed,
Specialist,1,0,1,0,My job title is Waste Management Specialist.,,,unreviewed,
Speed,1,0,0,1,"The antidote is ready,  . Please see that Iverron drinks it. There is something that you for 5 minutes. You must get it to him in time. Speed be with you,  .",,,unreviewed,
Spellfire,1,0,0,1,Spellfire Robes,,,unreviewed,
Spigot,1,1,0,0,Spigot Operator Luglunket,,,unreviewed,
Spiritspeaker,1,1,0,0,Umbranse the Spiritspeaker,,,unreviewed,
Spitelash,1,0,1,0,"Once a great city of the night elves, the Highborne once ruled there, practicing great and powerful arcane magics. They are cursed now, haunting the lands, and their ruined city has been victimized by the Spitelash naga. I understand that the naga search the ruins for powerful Highborne artifacts.",,,unreviewed,
Spitfires,1,0,0,1,Target: Hive'Regal Spitfires,,,unreviewed,
Splintertree,1,0,1,0,"If you want to know about the comings and goings of caravans and merchants here in Splintertree Post, then I am fortunately the orc you are looking for.  Unfortunately for you though, I don't like people.  If you want something, make it quick.",,,unreviewed,
Splitblade,1,0,1,0,"Sul'thraze... the first time I heard the word uttered I was around your age. It meant nothing to me then, as it means nothing to you now. It was not until a warband of trolls coming from Zul'Farrak laid waste to the land that I understood... and feared.  Many will tell you that the Splitblade of Suffering does not exist. That it's a myth; a rumor started to scare children 'straight.' But believe me,  , it exists.  <Trenton loses focus as he runs his hand across the jagged scar on his face.>",,,unreviewed,
Spraggle,1,1,0,0,Spraggle Frock,,,unreviewed,
Spreaders,1,0,0,1,The situation in Raven Hill is still grim. The safety of Darkshire is in your dispatch for Raven Hill yet again and rid the eastern mausoleum of 20 Plague Spreaders!,,,unreviewed,
Sprig,1,1,0,0,Jalinda Sprig,,,unreviewed,
Springsprocket,1,1,0,0,Hands Springsprocket,,,unreviewed,
Sprocketgrind,1,1,0,0,Twizwick Sprocketgrind,,,unreviewed,
Sprocketwhistle,1,1,0,0,Tink Sprocketwhistle,,,unreviewed,
Sprogger,1,1,0,0,Sprogger,,,unreviewed,
Sprysprocket,1,1,0,0,Razzle Sprysprocket,,,unreviewed,
Spy,1,0,0,1,The Spy Revealed!,,,unreviewed,
Spybot,1,0,1,0,"You'll have to be patient with me,  . I've got my Spybot inside working on a very delicate matter. I'll be with ya in a second.  Oh, and do me a favor, try not to let Lescovar see you... we're about to ambush him.",,,unreviewed,
Spyglass,1,0,0,1,STOLEN: Smithing Tuyere and Lookout's Spyglass,,,unreviewed,
Squabbles,1,0,0,1,Petty Squabbles,,,unreviewed,
Squibby,1,1,0,0,Squibby Overspeck,,,unreviewed,
Sraaz,1,1,0,0,Sraaz,,,unreviewed,
Staffron,1,1,0,0,Apothecary Staffron Lerent,,,unreviewed,
Staining,1,0,1,0,Cleanse your hands before you begin any project. Staining the leather with blood or dirt would take away from its natural beauty.,,,unreviewed,
Stallion,1,0,0,1,White Stallion Exchange,,,unreviewed,
Stanley,1,0,0,1,"Ah, nothing like the smell of fresh blood in the foothills! Now we'll mix in a Fields to the southwest. Let's see how Farmer Ray's little dog Stanley likes this 'treat.'",,,unreviewed,
Starshine,1,1,0,0,Xylinnia Starshine,,,unreviewed,
Statforth,1,1,0,0,Unger Statforth,,,unreviewed,
Station,1,0,0,1,Medallion of Station,,,unreviewed,
Stave,1,0,0,1,The Stave of Equinex,,,unreviewed,
Stead,1,0,0,1,So yeah... um... I might know something 'bout that meeting at Addle's Stead. Happened a came out of Menethil; guy called Slim. That's all I know regarding their backup plan.,,,unreviewed,
Steamwheedle,1,0,1,0,"Welcome to Booty Bay, partner.  I hope your stay in my town is enjoyable and uneventful - emphasis on the latter.  We've got plenty of drink if you're thirsty, and plenty of bouncers if you're antsy.  Now then... what can this humble servant of the Steamwheedle Cartel do for you?  Better still - what can you do for me, eh?",,,unreviewed,
Steelforge,1,1,0,0,Tatternack Steelforge,,,unreviewed,
Steelgut,1,1,0,0,Captain Steelgut,,,unreviewed,
Steelwing,1,1,0,0,Khaelyn Steelwing,,,unreviewed,
Sternhorn,1,1,0,0,Kirge Sternhorn,,,unreviewed,
Stewvul,1,0,0,1,"Stewvul, Ex-B.F.F.",,,unreviewed,
Stingers,1,0,0,1,Target: Hive'Ashi Stingers,,,unreviewed,
Stonebleeder,1,1,0,0,Tharl Stonebleeder,,,unreviewed,
Stonebraid,1,1,0,0,Brooke Stonebraid,,,unreviewed,
Stonebreak,1,1,0,0,Seereth Stonebreak,,,unreviewed,
Stonebrew,1,0,1,0,"Hold on there, I'm just an assistant. If ye want to start learnin' the fancy stuff, talk to old Stonebrew over there.",,,unreviewed,
Stonebridge,1,1,0,0,Frankal Stonebridge,,,unreviewed,
Stonebruiser,1,1,0,0,Packmaster Stonebruiser,,,unreviewed,
Stonegrip,1,1,0,0,Einar Stonegrip,,,unreviewed,
Stoneguard,1,1,0,0,Stoneguard Clayhoof,,,unreviewed,
Stonehallow,1,1,0,0,Senator Mehr Stonehallow,,,unreviewed,
Stonehewer,1,1,0,0,Prospector Stonehewer,,,unreviewed,
Stonemasons,1,0,0,1,"I wonder what Wiley meant when he mentioned the Stonemasons. Perhaps that was a slip this growing mystery. If you have trouble finding Shaw, check the Barracks in Old Town.",,,unreviewed,
Stonemaul,1,0,1,0,"The humans claimed much of the Dustwallow Marsh for themselves, but the Stonemaul clan, with our help, has been able to push them back.",,,unreviewed,
Stonepot,1,1,0,0,Barnil Stonepot,,,unreviewed,
Stonescale,1,0,0,1,Craftsman's Writ - Stonescale Eel,,,unreviewed,
Stoneseeker,1,1,0,0,Brock Stoneseeker,,,unreviewed,
Stonetender,1,1,0,0,Dorius Stonetender,,,unreviewed,
Storage,1,0,0,1,50 Tickets - Darkmoon Storage Box,,,unreviewed,
Stories,1,0,1,0,"We do not know.  The Dark Irons that did survive made their way into the mountain and began rebuilding their city.  From the ashes of Thaurissan then rose Blackrock Spire and the new Dark Iron nation. Additional fortifications were made within the Searing Gorge, in the area known as the Cauldron.  Stories of an ancient evil that controlled the kingdom of Dark Irons began to circulate. ",,,unreviewed,
Stormeye,1,1,0,0,Milstaff Stormeye,,,unreviewed,
Stormfeather,1,1,0,0,Ariena Stormfeather,,,unreviewed,
Stormsinger,1,1,0,0,Kar Stormsinger,,,unreviewed,
Stormstout,1,0,0,1,"Well, I'll be... This was one of Chen Stormstout's kegs. He traveled with Rexxar a long heard about him in a kodo's age. I appreciate you bringing this to me,  .",,,unreviewed,
Stormwing,1,1,0,0,Dughal Stormwing,,,unreviewed,
Stringy,1,0,0,1,"That Okra will thicken up this broth nicely! Now we just add the Stringy Vulture all your help,  , I want you to take today's first batch of Westfall Stew!",,,unreviewed,
Strive,1,0,1,0,"Strive to keep the balance in all things,  .  This is where true harmony lies.",,,unreviewed,
Strong,1,0,1,0,Strong of body and spirit.  There can be no stronger combination!  Find your destiny with Sark Ragetotem in the Hunter's Hall.,,,unreviewed,
Strongbash,1,1,0,0,Brave Strongbash,,,unreviewed,
Strongoak,1,1,0,0,Mardant Strongoak,,,unreviewed,
Studying,1,0,1,0,Studying and understanding the Colossus will give us a needed advantage over the Qiraji.,,,unreviewed,
Stumpy,1,0,1,0,"This kind of work isn't for the faint of heart. I have an uncle who lost a hand! Poor old Stumpy... anyway, if you're still interested I might be able to show you a few things.",,,unreviewed,
Stupid,1,0,1,0,"They say a stitch in time saves... what, eleven? Ah, I can't remember. Stupid saying anyway.",,,unreviewed,
Succeed,1,0,0,1,"If you wish to join the Deathstalkers, Lord Varimathras' elite guard, you will have to know less of the nature of this business. Succeed and I shall tell you more.",,,unreviewed,
Success,1,0,0,1,"Success! Be sure I expected nothing less from my star pupil. You have proven your worth, as protection against the wiles of the dark power you have learned to summon today.",,,unreviewed,
Suits,1,0,0,1,Festive Lunar Pant Suits,,,unreviewed,
Sully,1,0,0,1,Sully Balloo's Letter,,,unreviewed,
Sundering,1,0,1,0,"It'll definitely not be anywhere in the Eastern Kingdoms, that's for sure.  It'll have to be somwhere on Kalimdor, but still far enough away from the Horde and other races. Someplace unaffected by the Sundering--that means no where near the Night elves' civilization either.  I would guess it'd be someplace protected also... like a valley, or a crater. I don't know. I'm just guessing now. I'm sorry I couldn't help you more.",,,unreviewed,
Suspicious,1,0,0,1,Suspicious Hoofprints,,,unreviewed,
Suzetta,1,1,0,0,Suzetta Gallina,,,unreviewed,
Swiftclaw,1,1,0,0,Keyl Swiftclaw,,,unreviewed,
Swiftdagger,1,1,0,0,Darsok Swiftdagger,,,unreviewed,
Swiftfire,1,1,0,0,Shindrell Swiftfire,,,unreviewed,
Swiftmountain,1,1,0,0,Pao'ka Swiftmountain,,,unreviewed,
Swiftriver,1,1,0,0,Huntress Swiftriver,,,unreviewed,
Swiftroot,1,1,0,0,Tallonkai Swiftroot,,,unreviewed,
Swiftwind,1,1,0,0,Brave Swiftwind,,,unreviewed,
Swim,1,0,1,0,"If you seek to hunt naga, then you will need all the help you can get. Deep in the water you can find bubbly fissures that produce enough air bubbles that will allow you to breath underwater. Swim up close so that you can use the bubbles.",,,unreviewed,
Swindle,1,1,0,0,Dirk Swindle,,,unreviewed,
Swing,1,0,0,1,The Light and How To Swing It,,,unreviewed,
Syral,1,1,0,0,Syral Bladeleaf,,,unreviewed,
T'kelah,1,1,0,0,Senior Sergeant T'kelah,,,unreviewed,
Tabard,1,0,0,1,Tabard of the Argent Dawn,,,unreviewed,
Tails,1,0,0,1,Soft Bushy Tails,,,unreviewed,
Takes,1,0,1,0,"Sure thing,  . You look like you can be trusted... Trustworthy! I can spot that a mile away...  Anyway, back to what I was sayin'. Takes one Evoroot plant to make the Videre Elixir. The rest 'a the ingredients are trivial really, but the Evoroot, well, that can be a bit tricky to get.",,,unreviewed,
Takrin,1,1,0,0,Takrin Pathseeker,,,unreviewed,
Tallonkai,1,1,0,0,Tallonkai Swiftroot,,,unreviewed,
Tallow,1,1,0,0,Tallow,,,unreviewed,
Tallstrider,1,1,0,0,Veren Tallstrider,,,unreviewed,
Talondeep,1,0,1,0,"This bear wanders a path close to where the Talondeep Path lies, due west of Mystral Lake and the Alliance outpost of Silverwind Refuge.  While he is the easiest of the three creatures you will face on the Ashenvale Hunt, he should not be trifled with.  His presence is a constant threat to travelers who sojourn between Ashenvale and the Stonetalon Mountains.",,,unreviewed,
Talvethren,1,1,0,0,Gaerolas Talvethren,,,unreviewed,
Tammra,1,1,0,0,Tammra Windfield,,,unreviewed,
Tanarasin,1,0,1,0,"Hiya! This workshop isn't mine, no! But one day after I finish training I am going to be an inventor, just like my hero, Marvon Rivetseeker.  You've never heard of him? Well it just so happens that he left quite some time ago to study some ancient troll ruins he kept talking about. He left in a zeppelin... not quite sure about where exactly he went...  Tanarasin? Tenkeris? Taneranisany?  <Liv shakes her head.>  No, that's not it...",,,unreviewed,
Taneranisany,1,0,1,0,"Hiya! This workshop isn't mine, no! But one day after I finish training I am going to be an inventor, just like my hero, Marvon Rivetseeker.  You've never heard of him? Well it just so happens that he left quite some time ago to study some ancient troll ruins he kept talking about. He left in a zeppelin... not quite sure about where exactly he went...  Tanarasin? Tenkeris? Taneranisany?  <Liv shakes her head.>  No, that's not it...",,,unreviewed,
Tape,1,0,0,1,Nat's Measuring Tape,,,unreviewed,
Tar,1,0,0,1,"Ashenvale? Hmm, I had not heard of any presence of the Council or the Burning and keep yourself occupied with other tasks. I will call upon you again soon. Lok-Tar Ogar!",,,unreviewed,
Taronn,1,1,0,0,Taronn Redfeather,,,unreviewed,
Tasty,1,0,1,0,Tasty drinks for sale!  Quench your thirst on some of the Darkmoon Faire's finest brews!,,,unreviewed,
Tate,1,1,0,0,Erika Tate,,,unreviewed,
Tatternack,1,1,0,0,Tatternack Steelforge,,,unreviewed,
Taurahe,1,0,1,0,"'Taurahe?'  The tauren druid looks at you expectantly, but it is clear you cannot verbally communicate with her.  Undaunted, she points to herself and smiles.  She points at you and smiles once more.  She finally motions several times down the path to the south.  Perhaps she is indicating that there is a druid you can speak to further down the road?",,,unreviewed,
Teaching,1,0,1,0,"Teaching is not a one-sided trade,  . As I teach you, I learn more myself, and my understanding grows.",,,unreviewed,
Teal,1,0,0,1,New Kodo - Teal,,,unreviewed,
Teloren,1,1,0,0,Teloren,,,unreviewed,
Tenkeris,1,0,1,0,"Hiya! This workshop isn't mine, no! But one day after I finish training I am going to be an inventor, just like my hero, Marvon Rivetseeker.  You've never heard of him? Well it just so happens that he left quite some time ago to study some ancient troll ruins he kept talking about. He left in a zeppelin... not quite sure about where exactly he went...  Tanarasin? Tenkeris? Taneranisany?  <Liv shakes her head.>  No, that's not it...",,,unreviewed,
Tensions,1,0,0,1,"Greetings,  . Before I assign you to more involved tasks in the war, you'll need stay away from the Ironforge Brigade. Tensions are high among our Alliance and Horde volunteers.",,,unreviewed,
Teravaine,1,1,0,0,Field Marshal Teravaine,,,unreviewed,
Terrence,1,1,0,0,Deathguard Terrence,,,unreviewed,
Terribly,1,0,1,0,"Um, hello!  If you are here about fee collection and/or a summons, then you must have me mistaken for someone else.  Terribly sorry!",,,unreviewed,
Terror,1,0,0,1,"Wanted - Deathclasp, Terror of the Sands",,,unreviewed,
Terrorweb,1,0,1,0,"Those filthy beasts are all over the place.  If you prefer hunting outdoors, you'll find most of them around Plaguewood and Terrordale, with a good concentration of them in the Terrorweb tunnel. They are also likely to appear at almost any Scourge encampment in the Eastern Plaguelands.  If you're a hearty dungeon crawler, you'll find a good lot of them in Stratholme and a few of the necrofiend variety in Scholomance.",,,unreviewed,
Texts,1,0,0,1,Encrypted Twilight Texts,,,unreviewed,
Thal'trak,1,1,0,0,Thal'trak Proudtusk,,,unreviewed,
Thalanaar,1,0,0,1,Thalanaar Delivery,,,unreviewed,
Thalia,1,1,0,0,Thalia Amberhide,,,unreviewed,
Thalipedes,1,1,0,0,Loramus Thalipedes,,,unreviewed,
Thalon,1,1,0,0,Thalon,,,unreviewed,
Thamarian,1,1,0,0,Thamarian,,,unreviewed,
Thane,1,1,0,0,Mayda Thane,,,unreviewed,
Tharl,1,1,0,0,Tharl Stonebleeder,,,unreviewed,
Tharm,1,1,0,0,Tharm,,,unreviewed,
Thel'danis,1,1,0,0,High Priest Thel'danis,,,unreviewed,
Thelwater,1,1,0,0,Warden Thelwater,,,unreviewed,
Theodore,1,1,0,0,Theodore Griffs,,,unreviewed,
Theodrus,1,1,0,0,Theodrus Frostbeard,,,unreviewed,
Therefore,1,0,1,0,"We live and die, and the land remains, eternal, unmoved by our passage. Thus, land cannot belong to us,  . Instead, we belong to it. Therefore we protect the land, for without it we cannot hope to survive.",,,unreviewed,
Theresa,1,1,0,0,Theresa Moulaine,,,unreviewed,
They've,1,0,1,0,"They've been stolen,  ! Three of our most prized volumes. Should you return the tomes, a reward will most certainly be yours.",,,unreviewed,
Thicket,1,0,1,0,"Hi! I just got back from exploring the Ruins of Kel'Theril, to the southwest. Now I'm intent on investigating the Wildkin that lie just up the ridge here, in Owl Wing Thicket.  Have you spoken to Erelas Ambersky in Rut'theran Village? He requested that I come here, and perhaps he has a task for you as well.",,,unreviewed,
Thief,1,0,0,1,A Thief's Reward,,,unreviewed,
Think,1,0,1,0,"Look at these samples! What does it mean? What does it mean? I'm going to need time, time to look at all this information. And I'll need more information. Information I can't get... damn! Think, Laris, think!  What are you going to do? What?!  There has to be a solution!",,,unreviewed,
Thinning,1,0,0,1,"Thinning the younger population of creatures here in Shadowglen was a good start,  , but into the forest and slay mangy nightsabers and thistle boars in the name of balance.",,,unreviewed,
Thirty,1,0,0,1,Thirty Signets for War Supplies,,,unreviewed,
Thistle,1,0,0,1,Ice Thistle E'ko,,,unreviewed,
Thistlenettle,1,1,0,0,Wilder Thistlenettle,,,unreviewed,
Tho'grun,1,0,0,1,"With Tho'grun dead, his corpse picked clean by the desert winds and scavenging buzzards, the drakes' prison in Lethlor. We shall free them from endless imprisonment, albeit to their doom!",,,unreviewed,
Thor,1,1,0,0,Thor,,,unreviewed,
Thorgas,1,1,0,0,Thorgas Grimson,,,unreviewed,
Thorgrum,1,1,0,0,Thorgrum Borrelson,,,unreviewed,
Thorius,1,1,0,0,Curator Thorius,,,unreviewed,
Thorvald,1,1,0,0,Thorvald Deepforge,,,unreviewed,
Thrag,1,1,0,0,Thrag Stonehoof,,,unreviewed,
Thran,1,1,0,0,Thran Khorman,,,unreviewed,
Threx,1,1,0,0,Uthrar Threx,,,unreviewed,
Thulbek,1,1,0,0,Innkeeper Thulbek,,,unreviewed,
Thulfram,1,1,0,0,Innkeeper Thulfram,,,unreviewed,
Thulman,1,1,0,0,Thulman Flintcrag,,,unreviewed,
Thunderbrews,1,0,1,0,The Thunderbrews run a fine Inn in Kharanos which bears their name.  Stop in for a pint and a bit of rest.,,,unreviewed,
Thunderfist,1,1,0,0,Guthrum Thunderfist,,,unreviewed,
Thunderfury,1,0,0,1,"Rise, Thunderfury!",,,unreviewed,
Thundermantle,1,1,0,0,Fraggar Thundermantle,,,unreviewed,
Thunderwood,1,1,0,0,Dirk Thunderwood,,,unreviewed,
Thurloga,1,1,0,0,Primalist Thurloga,,,unreviewed,
Thuul,1,1,0,0,Thuul,,,unreviewed,
Thyn'tel,1,1,0,0,Thyn'tel Bladeweaver,,,unreviewed,
Thyssiana,1,1,0,0,Thyssiana,,,unreviewed,
Thysta,1,1,0,0,Thysta,,,unreviewed,
Ticket,1,0,1,0,Ticket redemption here!  Get your tickets turned into prizes!  Step right up!,,,unreviewed,
Tide,1,0,1,0,"In the Silverpine Forest along the edges of the North Tide's Run, a derelict boat rests on the shore.  Out to the west of this lies what you seek; swim too far and the ocean will crush you from fatigue.  It resides on the ocean floor in a lockbox, waiting for you to claim it.  You'll be hard pressed to survive a dive to such depths without aid, so take heart; a bubbly fissure offers renewed breath to divers seeking this half of the pendant.  Use it wisely.",,,unreviewed,
Tigers,1,0,0,1,"You are learning,  . Let us test your skills with the mature cats now. Kill test your skills with the mature cats now. Kill 10 Stranglethorn Tigers this time out.",,,unreviewed,
Tigor,1,1,0,0,Tigor Skychaser,,,unreviewed,
Till,1,0,0,1,"I'm going to see about making plans to return home soon. Hopefully, Stephanie is doing back in Stormwind. I can't wait to see her again. Till next we meet,  .",,,unreviewed,
Tiller,1,1,0,0,Gerard Tiller,,,unreviewed,
Timberlain,1,1,0,0,Sara Timberlain,,,unreviewed,
Timberlings,1,0,1,0,The Timberlings have made it too difficult for the fishermen to catch anything around Dolanaar.  You best look for someone to train you in Darnassus.,,,unreviewed,
Timbermaw,1,0,0,1,"Winterspring lies just beyond Timbermaw, northeast of Felwood. Have you been there? I have heard that found in the center of Winterspring. Clear them out, and gain access to the land.",,,unreviewed,
Timothy,1,1,0,0,Timothy Worthington,,,unreviewed,
Tink,1,1,0,0,Tink Sprocketwhistle,,,unreviewed,
Tips,1,0,1,0,"Tips are always graciously accepted, friend.",,,unreviewed,
Tiras,1,0,0,1,"The beginning of every month the Kul Tiras Marines all get paid and usually leave loyal to Proudmoore, but if you drop Elling's name, he should help you out... discretely.",,,unreviewed,
Tobias,1,1,0,0,Tobias Seecher,,,unreviewed,
Today,1,0,0,1,"Your trials have not been easy, but your courage did not escape you and your up straight,  . Today you will walk with great pride for you are a hero!",,,unreviewed,
Tog,1,1,0,0,Tog Rustsprocket,,,unreviewed,
Tog'thar,1,1,0,0,Tog'thar,,,unreviewed,
Together,1,0,0,1,"The excitement of this experiment has me feeling giddy! You have been such a great such a great help,  . Together we will spread death and disease to this land!",,,unreviewed,
Togglevolt,1,1,0,0,Ozzie Togglevolt,,,unreviewed,
Toldren,1,1,0,0,Toldren Deepiron,,,unreviewed,
Tomes,1,0,0,1,"Sorry to interrupt your travels,  , but I thought you should know that word was Tomes. Look for Duthorian Rall in Stormwind. He usually trains paladins in the Cathedral of Light.",,,unreviewed,
Tommy,1,1,0,0,Tommy Joe Stonefield,,,unreviewed,
Tonk,1,0,1,0,"Our newest attraction, and at no cost to you I might add, these miniature tanks, or Tonks as we've cleverly named them, can be controlled from any of the Tonk Control Consoles spread throughout the faire.  All that you have to do is activate an available control console. Each tonk will come equipped with a stock set of devices, and a random special power to unleash upon your enemy!  Hold epic battles with your friends, cruise around, or just cause wild mayhem... the choice is yours!",,,unreviewed,
Tonks,1,0,1,0,"Our newest attraction, and at no cost to you I might add, these miniature tanks, or Tonks as we've cleverly named them, can be controlled from any of the Tonk Control Consoles spread throughout the faire.  All that you have to do is activate an available control console. Each tonk will come equipped with a stock set of devices, and a random special power to unleash upon your enemy!  Hold epic battles with your friends, cruise around, or just cause wild mayhem... the choice is yours!",,,unreviewed,
Tony,1,1,0,0,Lord Tony Romano,,,unreviewed,
Took,1,0,1,0,"Welcome to Stormwind. Took a long time to rebuild her but it was well worth it. So are you visiting, or are you here on business?",,,unreviewed,
Top,1,0,0,1,To the Top,,,unreviewed,
Tor'kren,1,1,0,0,Misha Tor'kren,,,unreviewed,
Tor'ol,1,0,1,0,"You've not had a steed until you've taken the reigns of a finely bred Barak Tor'ol mountain ram, my friend.  Please, feel free to inspect these fine companions to any adventurer.  They'll serve you well, believe me.",,,unreviewed,
Torka,1,1,0,0,Cook Torka,,,unreviewed,
Torn,1,0,0,1,Torn Bear Pelts,,,unreviewed,
Torrig,1,1,0,0,Rifleman Torrig,,,unreviewed,
Tosslespanner,1,1,0,0,Bilban Tosslespanner,,,unreviewed,
Touching,1,0,1,0,"Kar Aman,  . You look to be a strong  --you would do well to mind yourself in this area. Touching things you know nothing about, or showing disrespect to your elders is just cause for punishment.  You may not respect me or my companions, but you will learn to respect our power if you prove foolish enough.  Now, enough with the pleasantries, was there something I can do for you?",,,unreviewed,
Tovald,1,1,0,0,Donyal Tovald,,,unreviewed,
Trackmaster,1,1,0,0,Trackmaster Zherin,,,unreviewed,
Trader,1,1,0,0,Rin'wosho the Trader,,,unreviewed,
Tragically,1,0,1,0,"Tragically, it was Thrall's wisdom that finally sealed the bond between the demon lord and his minions. It was Trebor's regiment that served as the catalyst to unite the demon lord, the shadowsworn sects and the ogres. The lure of nearly unlimited power and the granting of immortal shock troops to each respective leader sealed the deal in blood.",,,unreviewed,
Train,1,0,1,0,"Train hard, train every day. And when you have perfected your skills, return to me.",,,unreviewed,
Trained,1,0,1,0,"Kodo beasts, my friend!  Trained from a young age and raised on the Golden Plains of Mulgore, these fine animals will make even finer steeds!  Please, browse my selection, and see for yourself why we taurens have come to rely on these magnificant creatures!",,,unreviewed,
Tranquil,1,0,0,1," , I'm getting reports of an undead infestation in the forest! If you're up to of Darkshire, in and around Tranquil Gardens Cemetery. The undead must be driven from Duskwood!",,,unreviewed,
Transformed,1,1,0,0,Fairbanks Transformed,,,unreviewed,
Transport,1,0,1,0,"The theory behind it is that we completely destroy you with a massive explosion wherever you are and send those particles through a dimensional rip and then re-implode you at the machine here.   Instant Transport!    It might not work ALL the time, but what kind of goblin engineer are you!   If survival was your first priority you could never be a real Goblin Engineer!Here is the recipe you will need to make the Dimensional Ripper and try it out!",,,unreviewed,
Transporter,1,0,1,0,"With some of the technology that was recovered by bold gnomes venturing into Gnomeregan, I have managed to construct my greatest invention:  The Matter Transporter!    All I need now is a skilled Gnomish Engineer to build a powerful beacon attuned to the transporter.",,,unreviewed,
Trapped,1,0,0,1,Rin'ji is Trapped!,,,unreviewed,
Trappers,1,0,0,1,"The People's Militia has but one goal: To defend the lands of Westfall and return join our ranks, slay 15 Defias Trappers and 15 Defias Smugglers then return to me.",,,unreviewed,
Traugh,1,1,0,0,Traugh,,,unreviewed,
Treat,1,0,1,0,Treat the wind rider well as it takes you to your destination.  May your ancestors watch over you  .,,,unreviewed,
Trebor,1,0,1,0,"Tragically, it was Thrall's wisdom that finally sealed the bond between the demon lord and his minions. It was Trebor's regiment that served as the catalyst to unite the demon lord, the shadowsworn sects and the ogres. The lure of nearly unlimited power and the granting of immortal shock troops to each respective leader sealed the deal in blood.",,,unreviewed,
Treeshaper,1,1,0,0,Falrin Treeshaper,,,unreviewed,
Trelayne,1,1,0,0,Innkeeper Trelayne,,,unreviewed,
Treshala,1,1,0,0,Treshala Fallowbrook,,,unreviewed,
Trials,1,0,1,0,The Valley of Trials will temper even the weakest into a warrior worthy to join the Horde. Those who cannot rise to its tests will be left to bake in the scorching desert sun.,,,unreviewed,
Trip,1,0,0,1,Return Trip,,,unreviewed,
Trove,1,0,1,0,"Welcome!  Welcome to Yebb Neblegear's Darkmoon Zoo Bizarre - a Trove of Living Legends and Mythical Oddities!  Enjoy your visit, friend!  But be mindful of what you touch!  These exhibits hold artifacts and beasts both dire and divine!  They might burn the wayward hand of an over-curious onlooker...",,,unreviewed,
Trueaim,1,1,0,0,Dargh Trueaim,,,unreviewed,
Truesilver,1,0,0,1,I'll mix and mix till we have a mash For this will be our own private must be fashioned of metal strong Bring me some Truesilver so I can finish this song.,,,unreviewed,
Trustworthy,1,0,1,0,"Sure thing,  . You look like you can be trusted... Trustworthy! I can spot that a mile away...  Anyway, back to what I was sayin'. Takes one Evoroot plant to make the Videre Elixir. The rest 'a the ingredients are trivial really, but the Evoroot, well, that can be a bit tricky to get.",,,unreviewed,
Tube,1,0,0,1,Craftsman's Writ - Thorium Tube,,,unreviewed,
Tuft,1,0,0,1,Tuft it Out,,,unreviewed,
Turns,1,0,0,1,Mellifluous liquid clear as a baby's tears Turns a lovely deep amber over the years But before we proceed to get lit to the hilt A barrel of charred oak must be built.,,,unreviewed,
Tuyere,1,0,0,1,STOLEN: Smithing Tuyere and Lookout's Spyglass,,,unreviewed,
Twas,1,0,0,1,"A tremendous explosion roared through the hills. 'Twas horrible, I tell you! Good soldiers died defending the manpower to search for him with Dun Modr under siege. Perhaps you can find him...",,,unreviewed,
Twin,1,0,1,0,"The land of Feralas has been through much,  . The earth, the trees, the creatures; they are all changing what Feralas is and will be.  The Twin Colossals above us remain as a constant, though, throughout all that has happened here...",,,unreviewed,
Twinbraid,1,1,0,0,Dame Twinbraid,,,unreviewed,
Twizwick,1,1,0,0,Twizwick Sprocketgrind,,,unreviewed,
Tyrant,1,0,0,1,"Eranikus, Tyrant of the Dream",,,unreviewed,
Tyrion,1,1,0,0,Tyrion,,,unreviewed,
Tysha,1,1,0,0,Sentinel Tysha Moonblade,,,unreviewed,
Uberglint,1,1,0,0,Maxwort Uberglint,,,unreviewed,
Ugh,1,0,1,0,Ugh... these pests keep me busy night and day! Haven't you seen them?  I wish I could just jump down a pipe to get away from them...,,,unreviewed,
Uhh,1,0,1,0,"This dock here?  Well you can catch the ship that goes to that Night Elf place.  What's it's name?  Uhh Auberdine I think.  I don't really know for sure, I just load and unload stuff.",,,unreviewed,
Ukor,1,1,0,0,Ukor,,,unreviewed,
Ultham,1,1,0,0,Ultham Ironhorn,,,unreviewed,
Ultimately,1,0,1,0,"Regret. It is all I have now. One bad decision resulting in several horrible outcomes. If only I had waited for those orders. Maybe they would have detailed the horrors that awaited us in those cursed lands! Maybe they were to redirect us to another detail? Ultimately, it was my fault. All of it was my fault.",,,unreviewed,
Umala,1,1,0,0,Sergeant Umala,,,unreviewed,
Umbranse,1,1,0,0,Umbranse the Spiritspeaker,,,unreviewed,
Uncle,1,0,0,1,Uncle Carlin,,,unreviewed,
Undead,1,0,1,0,Despite their tragedy the Undead have come all this way to aid us.  I only hope that we can be as helpful to them.  Seek out Father Cobb near the Pools of Vision under the Spirit Rise.,,,unreviewed,
Undelivered,1,0,0,1,A Letter Undelivered,,,unreviewed,
Understand,1,0,1,0,"All members of the Horde are equal in my eyes,  . We have all suffered many burdens, and if it were not for wisdom and honor, then we would be no better than the Scourge or my people while our blood was tainted by the demon Mannoroth.  It is your duty to aid the Horde and to defend our way of life. But it is also your duty to know when quarter and compassion should be given to friend and foe alike.  Understand this well. This is the new Horde, not some demon-spawned army who lack freewill.",,,unreviewed,
Undertaker,1,1,0,0,Undertaker Mordo,,,unreviewed,
Unger,1,1,0,0,Unger Statforth,,,unreviewed,
Ungoro,1,0,1,0,"Have you seen all the wonderful things here in Ungoro Crater,  ? It's simply amazing. Not as amazing as some of the things I can make with my skill at engineering, but for it being all natural here... it's not too bad.  My uncle Remtravel loves old stuff like this place. I'm following in his footsteps kinda--I want to discover new things from lost cultures too!",,,unreviewed,
Unmarred,1,0,0,1,The Unmarred Vision of Voodress,,,unreviewed,
Unsent,1,0,0,1,The Unsent Letter,,,unreviewed,
Unstoppable,1,0,0,1,Kezan's Unstoppable Taint,,,unreviewed,
Ur'dan,1,1,0,0,Ur'dan,,,unreviewed,
Urda,1,1,0,0,Urda,,,unreviewed,
Urek,1,1,0,0,Urek Thunderhorn,,,unreviewed,
Ursangous,1,0,0,1,Ursangous's Paw,,,unreviewed,
Ursula,1,1,0,0,Ursula Deline,,,unreviewed,
Urtharo,1,1,0,0,Urtharo,,,unreviewed,
Vachon,1,0,0,1,Captain Vachon's death will slow down the Scarlet Crusade's advancement in Tirisfal quite a bit. slow down the Scarlet Crusade's advancement in Tirisfal quite a bit. But other threats loom.,,,unreviewed,
Vaelastrasz,1,0,1,0,"Indeed. I stand before you in a form that you can comprehend, mortal. Surely, you could not bear to stand in the presence of the dragon known as Vaelastrasz.  <Vaelan laughs.>  Shall I continue?",,,unreviewed,
Vahgruk,1,1,0,0,Vahgruk,,,unreviewed,
Valdelmar,1,1,0,0,Crusader Lord Valdelmar,,,unreviewed,
Valgar,1,1,0,0,Valgar Highforge,,,unreviewed,
Valstag,1,1,0,0,Valstag Ironjaw,,,unreviewed,
Vanessa,1,1,0,0,Captain Vanessa Beltis,,,unreviewed,
Vardus,1,0,0,1,WANTED: Baron Vardus,,,unreviewed,
Vargus,1,1,0,0,Vargus,,,unreviewed,
Vaughn,1,1,0,0,Owen Vaughn,,,unreviewed,
Vel'rin,1,1,0,0,Vel'rin Fang,,,unreviewed,
Velene,1,1,0,0,Sentinel Velene Starstrike,,,unreviewed,
Velma,1,1,0,0,Velma Warnam,,,unreviewed,
Velvet,1,0,1,0,<Narain holds an unopened envelope to his forehead.>  What is... Mmmm... Velvet!  Am I right?,,,unreviewed,
Venya,1,1,0,0,Venya Marthand,,,unreviewed,
Veren,1,1,0,0,Veren Tallstrider,,,unreviewed,
Verga,1,0,0,1,"Now, observe the Tablet of Verga, for it contains the glyphs you will need for of summoning and I will demonstrate how you may bind the creature to your will.",,,unreviewed,
Veron,1,1,0,0,Veron Amberstill,,,unreviewed,
Vestia,1,1,0,0,Vestia Moonspear,,,unreviewed,
Vethsera,1,1,0,0,Vethsera,,,unreviewed,
Vhulgra,1,1,0,0,Vhulgra,,,unreviewed,
Vibrant,1,0,0,1,Vibrant Plumes,,,unreviewed,
Vidra,1,1,0,0,Vidra Hearthstove,,,unreviewed,
Vigil,1,0,0,1,"Henze and I had made it to Heroes' Vigil, an island in the middle of fool, going and being brave. He's out there now, Henze is. Can you help us,  ?",,,unreviewed,
Vile'rel,1,1,0,0,Vile'rel,,,unreviewed,
Vinchaxa,1,1,0,0,Vinchaxa,,,unreviewed,
Vish,1,1,0,0,Vish Kozus,,,unreviewed,
Vizzie,1,1,0,0,Innkeeper Vizzie,,,unreviewed,
Voggah,1,1,0,0,Voggah Deathgrip,,,unreviewed,
Voidglare,1,1,0,0,Magus Wordeen Voidglare,,,unreviewed,
Von'Indi,1,1,0,0,Sirra Von'Indi,,,unreviewed,
Vornal,1,1,0,0,Master Vornal,,,unreviewed,
Vulture,1,0,0,1,"That Okra will thicken up this broth nicely! Now we just add the Stringy Vulture all your help,  , I want you to take today's first batch of Westfall Stew!",,,unreviewed,
WOOO,1,0,1,0,"Whew... I need a smoke and the touch of a fine gnomish woman - not particularly in that order!  I've been stuck inside the belly of that thing for months! What day is it anyway? Ah, nevermind. All that matters is that I'm finally out.  WOOO HOOO!",,,unreviewed,
Walk,1,0,1,0,"These are dangerous times, adventurer. Walk lightly.",,,unreviewed,
Wall,1,0,1,0,"A thousand years ago, when the War of the Shifting Sands ended, three of our kin sacrificed themselves and held the Qiraji inside these halls while Anachronos and Staghelm sealed Ahn'Qiraj shut.  Each of us vowed to look for Merithra, Arygos and Caelestrasz should the Scarab Wall ever fall.  And fall it did... and so we came.",,,unreviewed,
Wandering,1,0,0,1,Wandering Shay,,,unreviewed,
Wanna,1,0,1,0,Wanna buy a cockroach?,,,unreviewed,
Warg,1,1,0,0,Warg Deepwater,,,unreviewed,
Warnam,1,1,0,0,Velma Warnam,,,unreviewed,
Was,1,0,0,1,Under the Chitin Was...,,,unreviewed,
Wash,1,0,0,1,"Wash the blood from your garments,  , and do not mourn what you had to in Auberdine, even if Darkshore is still in jeopardy from the effects of fel moss.",,,unreviewed,
Washte,1,0,0,1,Washte Pawne,,,unreviewed,
Waste,1,0,1,0,My job title is Waste Management Specialist.,,,unreviewed,
Watchful,1,0,0,1,A Watchful Eye,,,unreviewed,
Watchmaster,1,1,0,0,Watchmaster Sorigal,,,unreviewed,
Waterlord,1,0,1,0,"The Waterlord Hydraxis hides off in Azshara, on an island in the Bay of Storms.  What kind of threat can the fool muster from there?",,,unreviewed,
Waywarder,1,1,0,0,Falfindel Waywarder,,,unreviewed,
Waywatchers,1,0,0,1,Target: Hive'Zora Waywatchers,,,unreviewed,
Weathered,1,0,0,1,The Weathered Grave,,,unreviewed,
Weavers,1,0,0,1,You might have noticed some larger worgen wandering around with the Shadow Weavers in the town. These worgen are a bit tougher than the last you faced. Be on your guard.,,,unreviewed,
Weavil,1,0,1,0,"It... It's foggy,  . I can't see anything! Wait... Wait a minute. I see... I see Doctor Weavil's hideout. It... YES! I believe he is holding a chapter of the book!  Let me see if I can zoom this thing out to get a better vantage point.  <Narain appears to be going cross-eyed.>  Alcaz Island! That devious bastard is on Alcaz Island!",,,unreviewed,
Weir,1,0,0,1,"Hmmm, now this is interesting. You've more than proved your worth with this, Weir. I take this, it will be a great help to you in the future, I think.",,,unreviewed,
Wendham,1,1,0,0,Gordon Wendham,,,unreviewed,
Were,1,0,1,0,"Hail friend - a moment of your time, if I may...  We have endured much in our trials and tribulations in establishing Teldrassil.  Were the constant strife of the times not enough, we now find ourselves in a dire shortage of cloth.  If you have the materials to spare, I ask that you please donate them.  You certainly would earn the gratitude of night elves everywhere in helping us out!",,,unreviewed,
Whatcha,1,0,1,0,"Ya mon, I be Gadrin's assistant.  Dis here volunteer work be my way of gettin through Witch Doctor School.  Since you help him, I help ya for free.  Whatcha need fixin?",,,unreviewed,
Whatever,1,0,1,0,"Remember, all things are connected. If the beasts were gone from the land, our kind would die from a great loneliness of spirit, for whatever happens to the beasts also happens to the Tauren. Whatever befalls Azeroth befalls all those that inhabit it. ",,,unreviewed,
Wheeler,1,1,0,0,Sir Malory Wheeler,,,unreviewed,
Whelgar,1,1,0,0,Prospector Whelgar,,,unreviewed,
Wherever,1,0,1,0,"Many are the paths of the Earth Mother.  Wherever you decide to travel, may she watch over you.",,,unreviewed,
Whether,1,0,1,0,"Hmm, well, I can see that you have a little skill at making potions. Whether you're worthy to be my student remains to be seen, however. I have a job for you. Impress me.",,,unreviewed,
Whew,1,0,1,0,"Whew... I need a smoke and the touch of a fine gnomish woman - not particularly in that order!  I've been stuck inside the belly of that thing for months! What day is it anyway? Ah, nevermind. All that matters is that I'm finally out.  WOOO HOOO!",,,unreviewed,
Whilst,1,0,1,0,"The first suit of Dreadnaught armor was made exclusively for the Scarlet Highlord Mograine.  Whilst donning the full suit, the Highlord looked himself to be a demon from the depths of the Nether.  Aye, 'twas quite a sight to behold as Mograine would wade into a hundred Scourge, Ashbringer held high, and come out on the other side in a cloud of dust and flames - enemies left in ashes beneath his feet.",,,unreviewed,
Whindlebolt,1,1,0,0,Felix Whindlebolt,,,unreviewed,
Whirlwind,1,0,0,1,Whirlwind Weapon,,,unreviewed,
Whirring,1,0,0,1,Whirring Bronze Gizmo,,,unreviewed,
Whiteclaw,1,1,0,0,Cerellean Whiteclaw,,,unreviewed,
Whitecloud,1,1,0,0,Skorn Whitecloud,,,unreviewed,
Whitemoon,1,1,0,0,Pelturas Whitemoon,,,unreviewed,
Whoa,1,0,0,1,"Whoa, this looks way too complex to be something to just lead you astray. I knew about any of this and didn't share it with them they'd probably hang me.",,,unreviewed,
Widget,1,0,0,1,Thorium Widget,,,unreviewed,
Widgets,1,0,0,1,More Thorium Widgets,,,unreviewed,
Wildbend,1,0,0,1," , your skills have already helped me in my endeavor. Could I impose on you can be found near Wildbend River to the south, or even farther south near Ashenvale.",,,unreviewed,
Wildbringer,1,1,0,0,Nalesette Wildbringer,,,unreviewed,
Wilder,1,1,0,0,Wilder Thistlenettle,,,unreviewed,
Wildrunner,1,1,0,0,Brave Wildrunner,,,unreviewed,
Willem,1,1,0,0,Deputy Willem,,,unreviewed,
Willham,1,1,0,0,Decedra Willham,,,unreviewed,
Willow,1,1,0,0,Willow,,,unreviewed,
Winder,1,0,1,0,"Ah, to soar with the great birds of the sky.  Seek out Tal at the top of the Winder Rider Roost.  He will steer you toward where you're going.",,,unreviewed,
Windfeather,1,1,0,0,Brave Windfeather,,,unreviewed,
Windfield,1,1,0,0,Tammra Windfield,,,unreviewed,
Windflight,1,1,0,0,Kalin Windflight,,,unreviewed,
Windrider,1,0,1,0,The auction house can be found on the central spire of Thunder Bluff.  Search near the bottom of the Windrider's Tower. May your ancestors watch over you.,,,unreviewed,
Windrunner,1,1,0,0,Lady Sylvanas Windrunner,,,unreviewed,
Windshear,1,0,0,1,"I guess I'd better think about getting out of here, also. It won't take long that he'd set up camp somewhere on the western side of Windshear Crag. Good luck.",,,unreviewed,
Windtamer,1,1,0,0,Runk Windtamer,,,unreviewed,
Windwalker,1,1,0,0,Gilshalan Windwalker,,,unreviewed,
Winna,1,1,0,0,Winna Hazzard,,,unreviewed,
Winslow,1,1,0,0,Dane Winslow,,,unreviewed,
Winstone,1,0,1,0,You should talk to Winstone. I hear he's looking for thieves with your skill.,,,unreviewed,
Wisemane,1,1,0,0,Taiga Wisemane,,,unreviewed,
Wishrunner,1,1,0,0,Marli Wishrunner,,,unreviewed,
Withering,1,0,0,1,Target: Gahrron's Withering,,,unreviewed,
Wizbang,1,1,0,0,Wizbang Cranktoggle,,,unreviewed,
Wizlo,1,1,0,0,Wizlo Bearingshiner,,,unreviewed,
Wizzlecrank,1,0,1,0,"See, the Venture Company's new shredder is better than my latest, from the interchangeable hands to the control grips! My boss has given me a pretty strict deadline, but my boys and I couldn't come up with anything.  Nothing was working, so we decided to 'borrow' one of their prototypes. I sent Wizzlecrank to the Sludge Fen to steal one, but he hasn't gotten back yet!",,,unreviewed,
Woe,1,0,1,0,"Watch your step,  . We of the Brotherhood of the Light are not as lenient as our brethren when it comes to meting justice to those that would do this world wrong.  Woe unto those that would anger Korfax.  Now if you have no business with me or the other members of the Brotherhood, please leave so that we may continue our meeting. ",,,unreviewed,
Wondervolt,1,0,1,0,"New this year: the PX-238 Winter Wondervolt.  Step on up and don't be shy!  And sign these forms before you try it, we're still working a few bugs out of this thing...",,,unreviewed,
Woodland,1,0,0,1,The Woodland Protector,,,unreviewed,
Wordeen,1,1,0,0,Magus Wordeen Voidglare,,,unreviewed,
Workers,1,0,0,1,Target: Hive'Ashi Workers,,,unreviewed,
Worthington,1,1,0,0,Timothy Worthington,,,unreviewed,
Wouldn't,1,0,0,1,"Now, let me just get a copy of these blueprints for my own notes and to Pozzik. Wouldn't want him to think that one of his sponsors was abandoning him.",,,unreviewed,
Wounds,1,0,0,1,Mending Old Wounds,,,unreviewed,
Wow,1,0,1,0,Wow!  These kegs are filled with powerful stuff!  They lift me right out of my boots!,,,unreviewed,
Wren,1,1,0,0,Wren Darkspring,,,unreviewed,
Wretched,1,1,0,0,Wrenix the Wretched,,,unreviewed,
Wrilehiss,1,1,0,0,Mastok Wrilehiss,,,unreviewed,
Writhing,1,0,0,1,Target: Writhing Haunt,,,unreviewed,
Wynd,1,1,0,0,Wynd Nightchaser,,,unreviewed,
X'yera,1,1,0,0,X'yera,,,unreviewed,
Xao'tsu,1,1,0,0,Xao'tsu,,,unreviewed,
Xar'Ti,1,1,0,0,Xar'Ti,,,unreviewed,
Xavaric,1,0,0,1,Flute of Xavaric,,,unreviewed,
Xen'Zilla,1,1,0,0,Xen'Zilla,,,unreviewed,
Xor'juul,1,1,0,0,Xor'juul,,,unreviewed,
Xoroth,1,0,0,1,Dreadsteed of Xoroth,,,unreviewed,
Xorothian,1,0,0,1,Xorothian Stardust,,,unreviewed,
Xylinnia,1,1,0,0,Xylinnia Starshine,,,unreviewed,
YES,1,0,1,0,"It... It's foggy,  . I can't see anything! Wait... Wait a minute. I see... I see Doctor Weavil's hideout. It... YES! I believe he is holding a chapter of the book!  Let me see if I can zoom this thing out to get a better vantage point.  <Narain appears to be going cross-eyed.>  Alcaz Island! That devious bastard is on Alcaz Island!",,,unreviewed,
YOU,1,0,0,1,"Yeah, this will do the trick. Just a slip here, and tuck here... heh - only will make him think that YOU are an ally - not your group mates!",,,unreviewed,
YOURSELF,1,0,0,1,I was sent here under the auspices of Thrall. Do you actually think these buffoons stopped when he heard that news. <Gor'shak laughs.> Shhh! Do you hear that? Guards coming! DEFEND YOURSELF!,,,unreviewed,
Yah,1,0,1,0,"Ah am very surprised that one wit such a careless nature has gotten dis far...  Yah, you may have another charm, but Mau'ari is very displeased wit your actions!  Go, now. ",,,unreviewed,
Yama,1,1,0,0,Yama Snowhoof,,,unreviewed,
Yanka,1,1,0,0,Darkcaller Yanka,,,unreviewed,
Yayo'jin,1,1,0,0,Mystic Yayo'jin,,,unreviewed,
Yazra,1,1,0,0,Sergeant Yazra Bloodsnarl,,,unreviewed,
Ye'd,1,0,1,0,Ye bothered me for that? Ye'd be better off strapping a dead rabbit to yer back and running through a Troll's den than wearing that piece of garbage.,,,unreviewed,
Yesh,1,0,1,0,"Yesh, it'sh true, I'm blind as a bat! An' drunk as a ... err, drunk as shomething that getsh drunk.  I'll tell you what,  . It'sh the drink that keeps me shenses sharp. It'sh common knowledge that when you lose a shense, yer other shenses become more alert. My drunk shense is incredible these days.",,,unreviewed,
Yessendra,1,1,0,0,Windcaller Yessendra,,,unreviewed,
Yield,1,0,1,0,"The Western Pylon accepts red, green, and blue crystals.  The Pylon focuses on the energy that can be created using red crystals as the main source of power. There are two possible effects: one that increases your protection from damage, and one that weakens an enemy's defenses.  Crystal Ward requires red and green crystals. This will provide you with an increase to armor.  Crystal Yield requires blue and red crystals. This can lower the armor of a specific target.",,,unreviewed,
Yohwa,1,1,0,0,Sergeant Yohwa,,,unreviewed,
Yojamba,1,0,1,0,"We, the Zandalarian trolls, traveled here from distant islands, for we cannot ignore the threat that now faces our world.  The leader of our expedition, Molthor, brought us to the Yojamba Isle, along the northern coasts of Stranglethorn, and even now recruits brave heroes to venture into the ancient troll city... Zul'Gurub.",,,unreviewed,
Yorba,1,1,0,0,Yorba Screwspigot,,,unreviewed,
Yorgen,1,1,0,0,Sven Yorgen,,,unreviewed,
Youngling,1,1,0,0,Daryl the Youngling,,,unreviewed,
Yserian,1,1,0,0,Charys Yserian,,,unreviewed,
Ysida,1,1,0,0,Ysida Harmon,,,unreviewed,
Yugrek,1,1,0,0,Yugrek,,,unreviewed,
Yvette,1,1,0,0,Yvette Farthing,,,unreviewed,
Zachariah,1,1,0,0,Zachariah Post,,,unreviewed,
Zandalarians,1,0,0,1,"Amongst the Zandalarians, the profession of   is revered. Our greatest hunters travel to the Tendril. As your bond with Zandalar grows, I shall weave more power into the talisman.",,,unreviewed,
Zap,1,1,0,0,Zap Farflinger,,,unreviewed,
Zargh,1,1,0,0,Zargh,,,unreviewed,
Zarise,1,1,0,0,Zarise,,,unreviewed,
Zas'Tysh,1,1,0,0,Zas'Tysh,,,unreviewed,
Zealots,1,0,0,1,The strategic documents from Executor Arren contain all the details we need to wipe the of Brill. Kill Perrine along with 3 Zealots and 3 Missionaries and report back to me.,,,unreviewed,
Zel'mak,1,1,0,0,Zel'mak,,,unreviewed,
Zengu,1,1,0,0,Zengu,,,unreviewed,
Zherin,1,1,0,0,Trackmaster Zherin,,,unreviewed,
Zil,1,0,0,1,Here's your report. I urge you to take it to someone who might have working can get. Zil lives in a house on the second tier of the Drag in Orgrimmar.,,,unreviewed,
Zinfizzlex,1,1,0,0,Master Engineer Zinfizzlex,,,unreviewed,
Zjolnir,1,1,0,0,Zjolnir,,,unreviewed,
Zoo,1,0,1,0,"Welcome!  Welcome to Yebb Neblegear's Darkmoon Zoo Bizarre - a Trove of Living Legends and Mythical Oddities!  Enjoy your visit, friend!  But be mindful of what you touch!  These exhibits hold artifacts and beasts both dire and divine!  They might burn the wayward hand of an over-curious onlooker...",,,unreviewed,
Zorbin,1,1,0,0,Zorbin Fandazzle,,,unreviewed,
Zudd,1,1,0,0,Zudd,,,unreviewed,
Zul'jin,1,0,1,0,"Zul'jin shall return one day,  . Mark my words. Until then, we all hold our positions and do what we can to keep the forest troll population intact.  With that said, as master huntsman of Revantusk Village, it is my responsibility to insure that the world around us is safe for habitation.  The beasts of this area must be kept in check.  Are you looking for work?",,,unreviewed,
